province,split,month,h,actual,stage1_mean,stage1_se,stage2_zhat,stage2_correction,stage2_abstained,final_mean_unclipped,final_mean,final_se,crps,fit_failed,error
LA-AT,0,2008-01,1,4.0,4.103908898730386,19.410750502675594,-0.2440061343253489,-4.736342194511694,False,-0.6324332957813086,0.0,19.410750502675594,4.863878451502458,False,
LA-AT,0,2008-02,2,2.0,4.80212191253651,19.7734184426588,-0.194135466317175,-3.8387218100501945,False,0.9634001024863155,0.9634001024863155,19.7734184426588,4.642623177877581,False,
LA-AT,0,2008-03,3,0.0,4.920911443366263,19.80435544110605,-0.15996919975685286,-3.16808689161401,False,1.7528245517522532,1.7528245517522532,19.80435544110605,4.690028845958253,False,
LA-BK,0,2008-01,1,1.0,0.48063019598686724,1.8765424473141747,-0.33979402281366256,-0.6376379071534789,False,-0.15700771116661166,0.0,1.8765424473141747,0.6462412049486014,False,
LA-BK,0,2008-02,2,0.0,0.6566622021558151,2.0044092923989947,-0.3252305766886775,-0.6518951900870691,False,0.004767012068745968,0.004767012068745968,2.0044092923989947,0.46842490688639415,False,
LA-BK,0,2008-03,3,0.0,0.7211343627786801,2.023108843930076,-0.3134192493575839,-0.6340812552332539,False,0.08705310754542628,0.08705310754542628,2.023108843930076,0.4742845189843497,False,
LA-BL,0,2008-01,1,10.0,4.52523927927731,32.065831760355195,0.013829438561124703,0.44345245024119334,False,4.968691729518503,4.968691729518503,32.065831760355195,7.807920425273974,False,
LA-BL,0,2008-02,2,7.0,10.184473297785225,38.4783743655274,-0.015738308359851037,-0.6055845209504578,False,9.578888776834766,9.578888776834766,38.4783743655274,9.061130881177611,False,
LA-BL,0,2008-03,3,1.0,17.08526817597907,41.01550710425417,-0.1010239234637037,-4.143547450525169,False,12.941720725453902,12.941720725453902,41.01550710425417,10.962463869073197,False,
LA-CH,0,2008-01,1,73.0,46.73807088172603,63.99224745934991,-0.20914503761426023,-13.383661001906786,False,33.354409879819244,33.354409879819244,63.99224745934991,24.451667309322698,False,
LA-CH,0,2008-02,2,90.0,63.30020081407488,78.41293171869822,-0.26169744641875414,-20.520463996991452,False,42.779736817083425,42.779736817083425,78.41293171869822,29.338257564044394,False,
LA-CH,0,2008-03,3,92.0,72.93081324990386,84.96319096100622,-0.31136871001759614,-26.45487916850719,False,46.47593408139667,46.47593408139667,84.96319096100622,29.36026435945291,False,
LA-HO,0,2008-01,1,0.0,0.22977145642942476,0.9715574422454025,-0.2608681329781897,-0.25344837603962356,False,-0.0236769196101988,0.0,0.9715574422454025,0.22704809436757134,False,
LA-HO,0,2008-02,2,0.0,0.2819942462421852,0.9731845766686849,-0.22309329666332275,-0.21711095547091708,False,0.06488329077126814,0.06488329077126814,0.9731845766686849,0.22915346927950303,False,
LA-HO,0,2008-03,3,0.0,0.27845345331962607,0.9732329777448774,-0.1856719050601158,-0.18070202104522068,False,0.09775143227440539,0.09775143227440539,0.9732329777448774,0.23135324223768117,False,
LA-KH,0,2008-01,1,0.0,11.415042490769233,65.73653641897177,-0.08695034429678634,-5.715814474507829,False,5.6992280162614035,5.6992280162614035,65.73653641897177,15.559297101119046,False,
LA-KH,0,2008-02,2,0.0,9.297809215219308,112.23066276083395,0.00501098607328355,0.5623862880899216,False,9.86019550330923,9.86019550330923,112.23066276083395,26.57311675697873,False,
LA-KH,0,2008-03,3,0.0,9.69050830037127,141.56548222396952,0.04464145506814581,6.31968911390173,False,16.010197414273,16.010197414273,141.56548222396952,33.804720538196364,False,
LA-LM,0,2008-01,1,0.0,0.18600980006598797,0.7133236539002743,-0.3912381362643891,-0.27907941690524746,False,-0.09306961683925949,0.0,0.7133236539002743,0.16670015507375593,False,
LA-LM,0,2008-02,2,0.0,0.1865466001665297,0.7133455148264882,-0.32383392437898767,-0.23100547750441103,False,-0.044458877337881314,0.0,0.7133455148264882,0.16670526386241027,False,
LA-LM,0,2008-03,3,0.0,0.18654814930183247,0.7133455695394665,-0.2866724389552867,-0.20449651423782694,False,-0.01794836493599447,0.0,0.7133455695394665,0.1667052766485585,False,
LA-LP,0,2008-01,1,0.0,13.964317614138109,38.80613269509383,-0.15926426979108854,-6.1804303871002055,False,7.783887227037903,7.783887227037903,38.80613269509383,9.689595953534129,False,
LA-LP,0,2008-02,2,16.0,16.537906969492333,40.45489214609463,-0.130126366610102,-5.264248126574845,False,11.273658842917488,11.273658842917488,40.45489214609463,9.674142022678168,False,
LA-LP,0,2008-03,3,22.0,17.272788234862777,40.61413467786925,-0.11116705959194657,-4.514953930010035,False,12.757834304852741,12.757834304852741,40.61413467786925,10.326752794790675,False,
LA-OU,0,2008-01,1,0.0,0.002038092365757095,0.5712735250673434,-0.14933822493666263,-0.0853129741868671,False,-0.08327488182111001,0.0,0.5712735250673434,0.13350375344705884,False,
LA-OU,0,2008-02,2,0.0,0.0007828058355482215,0.6007935752838246,-0.065338150186998,-0.03925474085327802,False,-0.0384719350177298,0.0,0.6007935752838246,0.1404024409109691,False,
LA-OU,0,2008-03,3,0.0,0.001555952479635101,0.7349383831127196,-0.014374526415904742,-0.010564391202116108,False,-0.009008438722481006,0.0,0.7349383831127196,0.1717514087254337,False,
LA-PH,0,2008-01,1,,0.03749040424662971,0.388467396929649,-0.2873142689935253,-0.11161222617665974,False,-0.07412182193003003,0.0,0.388467396929649,,False,
LA-PH,0,2008-02,2,,0.037262431085092335,0.38845290623213985,-0.21010845407498088,-0.08161723960936841,False,-0.044354808524276076,0.0,0.38845290623213985,,False,
LA-PH,0,2008-03,3,,0.03726381735348356,0.3884530375009129,-0.16386772358015728,-0.06365491497307207,False,-0.026391097619588515,0.0,0.3884530375009129,,False,
LA-SL,0,2008-01,1,0.0,7.1019642786888655,13.195504782771753,-0.23082455695082343,-3.0458465452257615,False,4.056117733463104,4.056117733463104,13.195504782771753,3.577242722898069,False,
LA-SL,0,2008-02,2,1.0,7.1577980365530856,14.723273757946362,-0.177758741756874,-2.6171906177545474,False,4.540607418798539,4.540607418798539,14.723273757946362,3.7788007838410613,False,
LA-SL,0,2008-03,3,5.0,7.17912400828643,15.117977741805367,-0.15435856311394763,-2.333589321413719,False,4.8455346868727105,4.8455346868727105,15.117977741805367,3.5336250787290604,False,
LA-SV,0,2008-01,1,1.0,-11.485014460641358,218.57726293087973,0.07468996374579101,16.325527843961638,False,4.84051338332028,4.84051338332028,218.57726293087973,51.107328329182565,False,
LA-SV,0,2008-02,2,1.0,-19.622384647363237,333.8632680799089,0.15739073515132196,52.546985203119746,False,32.92460055575651,32.92460055575651,333.8632680799089,79.2390877252761,False,
LA-SV,0,2008-03,3,1.0,-14.902385928129892,419.5674617069116,0.20946810883446465,87.88600273222345,False,72.98361680409356,72.98361680409356,419.5674617069116,102.96567952054727,False,
LA-VT,0,2008-01,1,29.0,22.13084382532213,155.4562732467316,0.08345910053032779,12.97424073696908,False,35.10508456229121,35.10508456229121,155.4562732467316,36.42498799465386,False,
LA-VT,0,2008-02,2,12.0,16.420554944247673,225.65272403392328,0.18072186260768247,40.78038058990797,False,57.20093553415565,57.20093553415565,225.65272403392328,56.334016439048895,False,
LA-VT,0,2008-03,3,26.0,19.472313008862173,279.17942127827797,0.21266150441932866,59.370715731956125,False,78.8430287408183,78.8430287408183,279.17942127827797,69.22122583300707,False,
LA-XA,0,2008-01,1,0.0,12.007580844264966,44.4086430753409,-0.13971942821425934,-6.204750218257757,False,5.802830626007209,5.802830626007209,44.4086430753409,10.68014504495001,False,
LA-XA,0,2008-02,2,0.0,15.559567206370208,46.788416373047404,-0.11793929272508692,-5.518192734764088,False,10.041374471606119,10.041374471606119,46.788416373047404,11.790655257720093,False,
LA-XA,0,2008-03,3,0.0,16.705741583381936,47.06933971147554,-0.10122719647207909,-4.7646972987845695,False,11.941044284597368,11.941044284597368,47.06933971147554,12.201955739860265,False,
LA-XE,0,2008-01,1,0.0,0.8473909514443554,2.0896358377178466,-0.4042157989703145,-0.8446638197001218,False,0.0027271317442335574,0.0027271317442335574,2.0896358377178466,0.4883388194469061,False,
LA-XE,0,2008-02,2,0.0,0.8817870312997993,2.094279522424567,-0.3544143398674942,-0.742242694438114,False,0.13954433686168533,0.13954433686168533,2.094279522424567,0.4931306009990912,False,
LA-XE,0,2008-03,3,0.0,0.8537362673134745,2.0962835743286568,-0.31925027870653355,-0.669239115352352,False,0.18449715196112249,0.18449715196112249,2.0962835743286568,0.4963647403959247,False,
LA-XI,0,2008-01,1,0.0,0.037978971073608384,0.23596314892168488,-0.32225417140015533,-0.07604010903672902,False,-0.038061137963120634,0.0,0.23596314892168488,0.05514340272029707,False,
LA-XI,0,2008-02,2,0.0,0.037937028850090995,0.23596090195477482,-0.24972676029338087,-0.05892575160107,False,-0.020988722750979003,0.0,0.23596090195477482,0.055142877615416135,False,
LA-XI,0,2008-03,3,0.0,0.03793707516914767,0.23596090459240027,-0.20792743513739315,-0.04906274568459692,False,-0.01112567051544925,0.0,0.23596090459240027,0.055142878231815955,False,
LA-XN,0,2008-01,1,,1.9227034658482431,4.134660339860258,-0.2697563103380135,-1.1153507177816202,False,0.8073527480666229,0.8073527480666229,4.134660339860258,,False,
LA-XN,0,2008-02,2,,1.9265079357685868,4.13941642457591,-0.2123435267530066,-0.8789782822937697,False,1.047529653474817,1.047529653474817,4.13941642457591,,False,
LA-XN,0,2008-03,3,,1.9264506066802944,4.144190197606953,-0.1851392995085919,-0.7672524702153243,False,1.1591981364649702,1.1591981364649702,4.144190197606953,,False,
LA-AT,1,2008-04,1,0.0,3.669853073058782,19.13792957457747,-0.1558976764326672,-2.9835587524086504,False,0.6862943206501315,0.6862943206501315,19.13792957457747,4.482255256145188,False,
LA-AT,1,2008-05,2,4.0,4.339198631912654,19.494041883477173,0.0426401761931976,0.8312293806290403,False,5.170428012541695,5.170428012541695,19.494041883477173,4.583686063849278,False,
LA-AT,1,2008-06,3,10.0,4.448858213599773,19.522349784421518,0.19768417728990093,3.8592596558990424,False,8.308117869498815,8.308117869498815,19.522349784421518,4.620733429454845,False,
LA-BK,1,2008-04,1,0.0,0.473294023990439,1.8533074055003906,-0.2621951665470259,-0.4859282438480114,False,-0.012634219857572404,0.0,1.8533074055003906,0.4331086319751391,False,
LA-BK,1,2008-05,2,12.0,0.6463410728300799,1.9790222486855704,-0.09984561797117697,-0.19759669939871904,False,0.44874437343136087,0.44874437343136087,1.9790222486855704,10.434711889961658,False,
LA-BK,1,2008-06,3,53.0,0.7096110056714757,1.9972994809545028,0.031908111556418386,0.06373005464987282,False,0.7733410603213485,0.7733410603213485,1.9972994809545028,51.09980337729878,False,
LA-BL,1,2008-04,1,3.0,10.296096808465538,31.656424755814268,-0.03630730067307199,-1.149359331843828,False,9.14673747662171,9.14673747662171,31.656424755814268,7.872600257672692,False,
LA-BL,1,2008-05,2,15.0,13.528545564122764,37.996204476750165,0.12186669187264469,4.6304717432981155,False,18.15901730742088,18.15901730742088,37.996204476750165,8.984240733403652,False,
LA-BL,1,2008-06,3,19.0,20.25950459931389,40.50708719474455,0.16118984696984295,6.529331186114959,False,26.788835785428848,26.788835785428848,40.50708719474455,10.061949787002067,False,
LA-CH,1,2008-04,1,69.0,97.98646907627938,63.17242882385317,-0.38473996398527893,-24.304957990551863,False,73.68151108572752,73.68151108572752,63.17242882385317,14.901421909986432,False,
LA-CH,1,2008-05,2,113.0,97.9433190208146,77.31302752312375,-0.2150214630156249,-16.62396028818934,False,81.31935873262526,81.31935873262526,77.31302752312375,23.17538984048484,False,
LA-CH,1,2008-06,3,295.0,108.29910248010837,83.71027054794273,-0.15252667938599032,-12.76804959718057,False,95.53105288292781,95.53105288292781,83.71027054794273,152.72004016048373,False,
LA-HO,1,2008-04,1,0.0,0.29014350504451,0.9590509815578375,-0.32862300199509276,-0.3151662126258769,False,-0.025022707581366932,0.0,0.9590509815578375,0.22412539732164893,False,
LA-HO,1,2008-05,2,0.0,0.2703392103541706,0.9606989261079935,-0.10453585136418941,-0.1004274801453616,False,0.16991173020880898,0.16991173020880898,0.9606989261079935,0.23646798844361872,False,
LA-HO,1,2008-06,3,0.0,0.2716909900127283,0.9607464409443158,0.04985631826862884,0.04789928033517223,False,0.3195902703479005,0.3195902703479005,0.9607464409443158,0.26654677648312314,False,
LA-KH,1,2008-04,1,0.0,-2.0160646936810735,64.83970614058596,-0.046259884467799176,-2.9994773149895555,False,-5.015542008670629,0.0,64.83970614058596,15.152713651752196,False,
LA-KH,1,2008-05,2,0.0,-1.6485657315570967,110.65924839557128,0.18361488540159213,20.318685212779137,False,18.67011948122204,18.67011948122204,110.65924839557128,27.114194445929087,False,
LA-KH,1,2008-06,3,1.0,-1.6439896140204615,139.62586125540102,0.35515870105348707,49.58933951694264,False,47.945349902922175,47.945349902922175,139.62586125540102,38.86814348568151,False,
LA-LM,1,2008-04,1,0.0,0.16600586883794743,0.7042880118519302,-0.3070427937296636,-0.21624655874932708,False,-0.05024068991137964,0.0,0.7042880118519302,0.16458857091078286,False,
LA-LM,1,2008-05,2,0.0,0.17257669615790514,0.7050884167233377,-0.09588568071691803,-0.0676078828031312,False,0.10496881335477394,0.10496881335477394,0.7050884167233377,0.17099842350266167,False,
LA-LM,1,2008-06,3,0.0,0.1728367819727678,0.7050995204432439,0.06151263776429908,0.04337253138880625,False,0.21620931336157406,0.21620931336157406,0.7050995204432439,0.19102185837186253,False,
LA-LP,1,2008-04,1,33.0,18.877355187647154,38.29165137978832,-0.116477099112228,-4.460100472934486,False,14.41725471471267,14.41725471471267,38.29165137978832,12.477293213292944,False,
LA-LP,1,2008-05,2,116.0,18.102771419400455,39.92139329047611,0.0974484835256712,3.8902792363888024,False,21.993050655789258,21.993050655789258,39.92139329047611,71.73240005725303,False,
LA-LP,1,2008-06,3,160.0,17.79040337715438,40.07855954834676,0.24855471709188995,9.961715029989794,False,27.752118407144174,27.752118407144174,40.07855954834676,109.646188303751,False,
LA-OU,1,2008-04,1,0.0,4.0827751593962237e-07,0.5633573293146457,-0.07863916420237478,-0.04430194952458574,False,-0.0443015412470698,0.0,0.5633573293146457,0.13165377826068514,False,
LA-OU,1,2008-05,2,0.0,-0.010784164695711676,0.5924660086086837,0.04198363066526882,0.024873874087152952,False,0.014089709391441276,0.014089709391441276,0.5924660086086837,0.13858999926210855,False,
LA-OU,1,2008-06,3,0.0,3.1169234951389235e-07,0.7247477635997234,0.3227794597139994,0.23393369156364807,False,0.23393400325599759,0.23393400325599759,0.7247477635997234,0.19923487898983544,False,
LA-PH,1,2008-04,1,,0.037263806389440456,0.3884530341822674,-0.21807550510816895,-0.08471209164009878,False,-0.04744828525065833,0.0,0.3884530341822674,,False,
LA-PH,1,2008-05,2,,0.037263806440704525,0.3884530341995679,0.006034016670824413,0.0023439320841925184,False,0.039607738524897046,0.039607738524897046,0.3884530341995679,,False,
LA-PH,1,2008-06,3,,0.03726380644039279,0.38845303421199473,0.1718125843088753,0.06674111969058677,False,0.10400492613097956,0.10400492613097956,0.38845303421199473,,False,
LA-SL,1,2008-04,1,2.0,5.698058027008456,13.025327792893624,-0.1290272945341348,-1.6806228055373376,False,4.017435221471119,4.017435221471119,13.025327792893624,3.168363199570713,False,
LA-SL,1,2008-05,2,105.0,6.025438329304205,14.536195232205829,0.06558757675525725,0.9533938205217044,False,6.978832149825909,6.978832149825909,14.536195232205829,89.81999791577906,False,
LA-SL,1,2008-06,3,226.0,6.174285523348434,14.921832157101784,0.2069876646639566,3.0886351907060283,False,9.262920714054463,9.262920714054463,14.921832157101784,208.31833701546074,False,
LA-SV,1,2008-04,1,0.0,6.134848383008844,215.5552457286874,0.20483666266241846,44.153617154441854,False,50.2884655374507,50.2884655374507,215.5552457286874,55.033521141393976,False,
LA-SV,1,2008-05,2,1.0,21.4969700231047,329.25670049461996,0.38628197801407393,127.18592954144931,False,148.68289956455402,148.68289956455402,329.25670049461996,102.93761968548274,False,
LA-SV,1,2008-06,3,10.0,53.563041180923975,413.7805186935503,0.4550477460903158,188.28989240758182,False,241.85293358850578,241.85293358850578,413.7805186935503,147.21190106056915,False,
LA-VT,1,2008-04,1,4.0,18.685443161432634,153.31154803778543,0.1684672846871005,25.827980209101682,False,44.51342337053431,44.51342337053431,153.31154803778543,40.07449152678585,False,
LA-VT,1,2008-05,2,17.0,19.081639603228,222.5285107848952,0.3893375573625932,86.63870683252657,False,105.72034643575456,105.72034643575456,222.5285107848952,65.93122568959114,False,
LA-VT,1,2008-06,3,60.0,36.16065182233108,275.30948330428737,0.48037941742378626,132.25300920095717,False,168.41366102328826,168.41366102328826,275.30948330428737,81.15337665828974,False,
LA-XA,1,2008-04,1,0.0,11.326357840841244,43.83059131038296,-0.09880476978726548,-4.330671484062107,False,6.995686356779137,6.995686356779137,43.83059131038296,10.687490109803173,False,
LA-XA,1,2008-05,2,2.0,15.00037299717875,46.21213428787435,0.06861331483514783,3.1707677190980528,False,18.171140716276803,18.171140716276803,46.21213428787435,13.034325312450875,False,
LA-XA,1,2008-06,3,6.0,16.41757865200633,46.4960498562039,0.201593609262199,9.373306506947293,False,25.79088515895362,25.79088515895362,46.4960498562039,14.176717937558513,False,
LA-XE,1,2008-04,1,0.0,0.48528207957358643,1.8955775743908212,-0.2465887885287916,-0.46742817763137795,False,0.017853901942208483,0.017853901942208483,1.8955775743908212,0.4430540440839974,False,
LA-XE,1,2008-05,2,0.0,0.6741022025684368,2.039907403372344,-0.08609738728989665,-0.17563069774367612,False,0.49847150482476066,0.49847150482476066,2.039907403372344,0.525069484510126,False,
LA-XE,1,2008-06,3,5.0,0.7473829215831951,2.0632135486702015,0.04374221637760252,0.0902495334791331,False,0.8376324550623282,0.8376324550623282,2.0632135486702015,3.0317583297733774,False,
LA-XI,1,2008-04,1,0.0,0.03692613783219577,0.23274649919618887,-0.25501436545396794,-0.05935370080414856,False,-0.022427562971952794,0.0,0.23274649919618887,0.05439168783585963,False,
LA-XI,1,2008-05,2,0.0,0.036059524538657725,0.2327618221179713,-0.0327696747825071,-0.007627529212589687,False,0.02843199532606804,0.02843199532606804,0.2327618221179713,0.05577906916682241,False,
LA-XI,1,2008-06,3,1.0,0.03607986293970984,0.23276297513791253,0.1288911347647557,0.030001083996746163,False,0.066080946936456,0.066080946936456,0.23276297513791253,0.8025997563955944,False,
LA-XN,1,2008-04,1,,1.9264514601027207,4.148958135992652,-0.2020200462085695,-0.838172714350656,False,1.0882787457520648,1.0882787457520648,4.148958135992652,,False,
LA-XN,1,2008-05,2,,1.9264514470849434,4.153720599767634,0.003269576763704763,0.013580908355922065,False,1.9400323554408654,1.9400323554408654,4.153720599767634,,False,
LA-XN,1,2008-06,3,,1.9264514472811067,4.15847760929299,0.15022824410499241,0.6247207893940125,False,2.5511722366751193,2.5511722366751193,4.15847760929299,,False,
LA-AT,2,2008-07,1,6.0,5.459756750625248,18.89178816023257,0.47271311605057037,8.93039604899081,False,14.390152799616057,14.390152799616057,18.89178816023257,5.877496359248153,False,
LA-AT,2,2008-08,2,11.0,4.6622703190376455,19.245011557062316,0.3201941348780931,6.1621398262324725,False,10.824410145270118,10.824410145270118,19.245011557062316,4.498101665913067,False,
LA-AT,2,2008-09,3,24.0,4.362871799395936,19.273087013699882,0.24545063082675037,4.730591365491486,False,9.093463164887423,9.093463164887423,19.273087013699882,8.887269339104058,False,
LA-BK,2,2008-07,1,2.0,73.11411427880076,4.442028923635535,-1.2082150317206177,-5.366926116874209,False,67.74718816192654,67.74718816192654,4.442028923635535,63.24104171339352,False,
LA-BK,2,2008-08,2,9.0,83.71338982368334,7.951071300411221,-1.6676559920794438,-13.259651697581669,False,70.45373812610167,70.45373812610167,7.951071300411221,56.96782652036415,False,
LA-BK,2,2008-09,3,33.0,89.19752486576202,11.088468356834797,-2.0007486268546835,-22.18523783885883,False,67.0122870269032,67.0122870269032,11.088468356834797,27.76295585743581,False,
LA-BL,2,2008-07,1,31.0,28.923075892989942,31.2396617549828,0.3638497864008013,11.366544256783774,False,40.28962014977372,40.28962014977372,31.2396617549828,8.394548265753336,False,
LA-BL,2,2008-08,2,32.0,25.031090212568824,37.49741045338484,0.20778081956759809,7.791242675666921,False,32.82233288823574,32.82233288823574,37.49741045338484,8.770150752538395,False,
LA-BL,2,2008-09,3,30.0,43.370544165680926,39.97556569344811,-0.13296928733155186,-5.315522480933429,False,38.055021684747494,38.055021684747494,39.97556569344811,9.987420504331757,False,
LA-CH,2,2008-07,1,162.0,258.5326244744787,64.67673603395158,-0.017556361610142547,-1.1354881655757907,False,257.39713630890293,257.39713630890293,64.67673603395158,62.91962305565202,False,
LA-CH,2,2008-08,2,143.0,247.86130040578115,79.1598042128248,-0.26532249864542057,-21.002877046028964,False,226.85842335975218,226.85842335975218,79.1598042128248,50.96298677070696,False,
LA-CH,2,2008-09,3,185.0,203.64402882953058,85.74533454921553,-0.3223489459083382,-27.639918208497438,False,176.00411062103313,176.00411062103313,85.74533454921553,20.414428790959914,False,
LA-HO,2,2008-07,1,0.0,0.2819050976766924,0.9471802129977438,0.27110254877477424,0.25678296989272187,False,0.5386880675694143,0.5386880675694143,0.9471802129977438,0.3403831655287324,False,
LA-HO,2,2008-08,2,0.0,0.2632929539066991,0.9486993541703217,0.1048559551347518,0.09947677691725125,False,0.36276973082395036,0.36276973082395036,0.9486993541703217,0.27638224445134396,False,
LA-HO,2,2008-09,3,1.0,0.2645217784244884,0.9487418300524846,0.016898367321541576,0.016032187937538456,False,0.28055396636202684,0.28055396636202684,0.9487418300524846,0.4295065494818527,False,
LA-KH,2,2008-07,1,3.0,2.0063215186499526,63.96591249675495,0.622847022943029,39.84097816843811,False,41.84729968708807,41.84729968708807,63.96591249675495,24.081581731695632,False,
LA-KH,2,2008-08,2,0.0,2.4139731049065545,109.1664189646601,0.4573814265426363,49.93069243660734,False,52.34466554151389,52.34466554151389,109.1664189646601,35.33715817439925,False,
LA-KH,2,2008-09,3,4.0,1.575972750596077,137.74304462729486,0.3951845120700942,54.43391788208673,False,56.00989063268281,56.00989063268281,137.74304462729486,39.932604259424956,False,
LA-LM,2,2008-07,1,0.0,0.16029748433325536,0.6952413370810272,0.2892829060331832,0.20112143438519542,False,0.3614189187184508,0.3614189187184508,0.6952413370810272,0.23578521981681835,False,
LA-LM,2,2008-08,2,0.0,0.16752414285522654,0.6962199177710006,0.10991607788058531,0.076525762703732,False,0.24404990555895856,0.24404990555895856,0.6962199177710006,0.19648667143384474,False,
LA-LM,2,2008-09,3,0.0,0.1678499408152532,0.6962341839813994,0.025075045562418782,0.01745810388544705,False,0.18530804470070025,0.18530804470070025,0.6962341839813994,0.182267386445239,False,
LA-LP,2,2008-07,1,16.0,72.53945420901067,40.184268599961726,0.23823220167439826,9.57318678124427,False,82.11264099025495,82.11264099025495,40.184268599961726,45.11869228343306,False,
LA-LP,2,2008-08,2,13.0,40.35769683176315,42.87406038926475,0.2536380056261803,10.874491170229525,False,51.232188001992675,51.232188001992675,42.87406038926475,22.786138960447065,False,
LA-LP,2,2008-09,3,14.0,28.827161169600785,43.27230442891285,0.2591808112395752,11.215350966091494,False,40.04251213569228,40.04251213569228,43.27230442891285,16.183089545092386,False,
LA-OU,2,2008-07,1,0.0,-0.003845135243670742,0.5557615930597336,0.4781847281904872,0.26575670631598086,False,0.2619115710723101,0.2619115710723101,0.5557615930597336,0.17822865359813234,False,
LA-OU,2,2008-08,2,0.0,0.002568898716494304,0.5844766095029081,0.35319057379407925,0.20643162907955012,False,0.20900052779604442,0.20900052779604442,0.5844766095029081,0.16609076246406884,False,
LA-OU,2,2008-09,3,0.0,0.005105984873331131,0.7149754406420245,0.2797329632595384,0.2000021986685877,False,0.20510818354191884,0.20510818354191884,0.7149754406420245,0.19040038087829403,False,
LA-PH,2,2008-07,1,,0.037263804333739006,0.3884530457643232,0.3768986530268659,0.14640742971275691,False,0.18367123404649593,0.18367123404649593,0.3884530457643232,,False,
LA-PH,2,2008-08,2,,0.03726380433373899,0.38845304577675105,0.21167860356569437,0.08222719828086342,False,0.11949100261460241,0.11949100261460241,0.38845304577675105,,False,
LA-PH,2,2008-09,3,,0.03726380433373899,0.38845304578917894,0.13580468882289604,0.05275374500570563,False,0.09001754933944461,0.09001754933944461,0.38845304578917894,,False,
LA-SL,2,2008-07,1,78.0,248.22334877599627,18.892039224304572,-0.8852906389551768,-16.724945476050856,False,231.4984032999454,231.4984032999454,18.892039224304572,142.83971155761714,False,
LA-SL,2,2008-08,2,63.0,243.29510466031275,33.938530951825236,-1.2181388773147106,-41.34184399136695,False,201.9532606689458,201.9532606689458,33.938530951825236,119.805813088662,False,
LA-SL,2,2008-09,3,85.0,244.52603183755488,42.665844836416404,-1.4779957797596155,-63.05993860810203,False,181.46609322945284,181.46609322945284,42.665844836416404,72.74453344382859,False,
LA-SV,2,2008-07,1,11.0,68.48153230416375,212.66465118739603,0.6238227223474108,132.6650416507839,False,201.14657395494766,201.14657395494766,212.66465118739603,113.34240570497131,False,
LA-SV,2,2008-08,2,4.0,57.324095448401025,324.8812039372836,0.47475542363583123,154.23911360656396,False,211.563209054965,211.563209054965,324.8812039372836,127.0981671666624,False,
LA-SV,2,2008-09,3,2.0,71.75182342727561,408.3002468181691,0.34749064382601935,141.8805156411682,False,213.6323390684438,213.6323390684438,408.3002468181691,138.225394991419,False,
LA-VT,2,2008-07,1,132.0,118.13656938690869,151.27480616496433,0.47007127650689273,71.10994123729755,False,189.24651062420622,189.24651062420622,151.27480616496433,43.89302326605268,False,
LA-VT,2,2008-08,2,144.0,122.37915075288159,219.55824536828024,0.25904894904291875,56.87633271636028,False,179.25548346924188,179.25548346924188,219.55824536828024,53.563285465463004,False,
LA-VT,2,2008-09,3,158.0,144.61899619116025,271.6274270518166,0.08478743949324417,23.030594035861494,False,167.64959022702175,167.64959022702175,271.6274270518166,63.614709461607575,False,
LA-XA,2,2008-07,1,19.0,15.197158160638157,43.25967673630774,0.4593279532384458,19.87037877304504,False,35.0675369336832,35.0675369336832,43.25967673630774,12.463385740911914,False,
LA-XA,2,2008-08,2,7.0,16.515420915422165,45.63149741861225,0.26181115375878367,11.946834986907831,False,28.462255902329996,28.462255902329996,45.63149741861225,14.618356514442636,False,
LA-XA,2,2008-09,3,1.0,18.43408256951937,45.9158919647441,0.14276068462143632,6.554984171890774,False,24.98906674141014,24.98906674141014,45.9158919647441,15.619652091342658,False,
LA-XE,2,2008-07,1,0.0,2.363495274936344,1.9169836747593176,0.199509137185068,0.38245575894909245,False,2.7459510338854365,2.7459510338854365,1.9169836747593176,1.7952487444050542,False,
LA-XE,2,2008-08,2,0.0,1.443838621998147,2.058512759019054,0.16220348168564083,0.3338979366072051,False,1.7777365586053522,1.7777365586053522,2.058512759019054,1.0581375833658953,False,
LA-XE,2,2008-09,3,1.0,1.1231430416290955,2.0807165322600887,0.13388311740555753,0.278572815776262,False,1.4017158574053574,1.4017158574053574,2.0807165322600887,0.5170983039697454,False,
LA-XI,2,2008-07,1,0.0,0.043968473417595244,0.24702529578164856,0.58474595143568,0.14444704161052035,False,0.1884155150281156,0.1884155150281156,0.24702529578164856,0.11243535517262336,False,
LA-XI,2,2008-08,2,0.0,0.044872099434760726,0.24702337571896596,0.4113967665545776,0.10162461803417915,False,0.14649671746893989,0.14649671746893989,0.24702337571896596,0.09140685534273446,False,
LA-XI,2,2008-09,3,0.0,0.04487124534160982,0.24702337764739754,0.32952903083928886,0.08140137423079456,False,0.12627261957240438,0.12627261957240438,0.24702337764739754,0.08293249268757508,False,
LA-XN,2,2008-07,1,,1.926451479338862,4.163229206999236,0.4548604903236335,1.8936884784253443,False,3.8201399577642063,3.8201399577642063,4.163229206999236,,False,
LA-XN,2,2008-08,2,,1.9264514793389067,4.167975364381334,0.2691418241710761,1.121776492669698,False,3.048227972008605,3.048227972008605,4.167975364381334,,False,
LA-XN,2,2008-09,3,,1.926451479338906,4.172716123362329,0.17276929273689712,0.7209172134251567,False,2.6473686927640627,2.6473686927640627,4.172716123362329,,False,
LA-AT,3,2008-10,1,47.0,8.877272286016431,18.741736923977555,0.10357204119685666,1.941119948790853,False,10.818392234807284,10.818392234807284,18.741736923977555,25.99032586042844,False,
LA-AT,3,2008-11,2,43.0,6.234502839654927,19.106670415347576,-0.0868448035451515,-1.6593150386228186,False,4.575187801032108,4.575187801032108,19.106670415347576,27.959989324331968,False,
LA-AT,3,2008-12,3,23.0,5.778333396601519,19.139585784418088,0.01227755446722841,0.23498730694838366,False,6.013320703549902,6.013320703549902,19.139585784418088,10.121503396250171,False,
LA-BK,3,2008-10,1,48.0,17.18327853284533,5.6990445684545,-0.34425850862539426,-1.9619445837257998,False,15.22133394911953,15.22133394911953,5.6990445684545,29.563324477479586,False,
LA-BK,3,2008-11,2,55.0,17.72378756108573,5.872435374404949,-0.6712289355677836,-3.941748545552433,False,13.782039015533297,13.782039015533297,5.872435374404949,37.90479411617186,False,
LA-BK,3,2008-12,3,5.0,17.705328093538963,6.076809908613871,-0.6458988892781057,-3.9250047703278863,False,13.780323323211077,13.780323323211077,6.076809908613871,5.7552373980887,False,
LA-BL,3,2008-10,1,5.0,20.89846427492196,30.876141053305368,0.059284776245825115,1.8304851136797438,False,22.728949388601702,22.728949388601702,30.876141053305368,11.168778542698059,False,
LA-BL,3,2008-11,2,12.0,17.80157224459062,37.06706689583982,-0.16339593818452353,-6.056608171194242,False,11.744964073396378,11.744964073396378,37.06706689583982,8.663087395138765,False,
LA-BL,3,2008-12,3,1.0,16.78113402563925,39.52025087470302,-0.07154310785642132,-2.827401570841707,False,13.953732454797544,13.953732454797544,39.52025087470302,10.914550819721006,False,
LA-CH,3,2008-10,1,140.0,147.43051349364714,64.72660119487331,-0.16667075853941996,-10.78803171882806,False,136.6424817748191,136.6424817748191,64.72660119487331,15.195746692383212,False,
LA-CH,3,2008-11,2,102.0,135.50247986093444,78.41303807901858,-0.42796396183558694,-33.55795443586153,False,101.94452542507291,101.94452542507291,78.41303807901858,18.324748807422857,False,
LA-CH,3,2008-12,3,73.0,126.51634066289479,84.34605923646077,-0.3543553177318281,-29.888474620163652,False,96.62786604273114,96.62786604273114,84.34605923646077,22.334666569555292,False,
LA-HO,3,2008-10,1,0.0,0.21694739972018973,0.9378018349525139,0.05576205463445213,0.052293757156911536,False,0.26924115687710126,0.26924115687710126,0.9378018349525139,0.2497871875722435,False,
LA-HO,3,2008-11,2,0.0,0.26893040142895247,0.939339186054482,-0.22142288516627825,-0.20799119272592684,False,0.06093920870302563,0.06093920870302563,0.939339186054482,0.2210954767435691,False,
LA-HO,3,2008-12,3,1.0,0.2608322982849577,0.9393809369908932,-0.12905778059080414,-0.1212344188573547,False,0.139597879427603,0.139597879427603,0.9393809369908932,0.5136556432972886,False,
LA-KH,3,2008-10,1,1.0,6.7235283121988765,63.12964323857849,0.1909953139310751,12.05746602870907,False,18.780994340907945,18.780994340907945,63.12964323857849,16.73794543808535,False,
LA-KH,3,2008-11,2,3.0,6.150217413326915,107.74625179305312,-0.04497156303956676,-4.8455173547883215,False,1.304700058538594,1.304700058538594,107.74625179305312,25.19039909697764,False,
LA-KH,3,2008-12,3,4.0,6.208363480162287,135.95337778174112,0.050807060953726925,6.907391551821985,False,13.115755031984271,13.115755031984271,135.95337778174112,32.01537044291496,False,
LA-LM,3,2008-10,1,0.0,0.1555029917534985,0.6865187865845824,-0.04339990442284942,-0.029794849722261436,False,0.12570814203123706,0.12570814203123706,0.6865187865845824,0.1695934171085652,False,
LA-LM,3,2008-11,2,0.0,0.1629944900238987,0.6875950683248884,-0.2960654257331522,-0.20357312663562396,False,-0.040578636611725255,0.0,0.6875950683248884,0.16068751385291,False,
LA-LM,3,2008-12,3,0.0,0.16335539977684013,0.6876110538680212,-0.20640828091622984,-0.14192861556789538,False,0.021426784208944755,0.021426784208944755,0.6876110538680212,0.1609575955256391,False,
LA-LP,3,2008-10,1,33.0,18.34223264598026,39.935882296884046,0.18360671677742305,7.332496230140492,False,25.674728876120753,25.674728876120753,39.935882296884046,9.867353519221194,False,
LA-LP,3,2008-11,2,116.0,19.753297634560468,42.07060690318699,-0.0884185383762292,-3.7198215709806925,False,16.033476063579776,16.033476063579776,42.07060690318699,76.4766161352332,False,
LA-LP,3,2008-12,3,161.0,19.95664028835607,42.320357911089005,-0.011056128201523035,-0.4678993025993396,False,19.48874098575673,19.48874098575673,42.320357911089005,117.6436668531941,False,
LA-OU,3,2008-10,1,0.0,0.00038718965338157646,0.548464543329156,0.11040231513753977,0.06055175535439231,False,0.06093894500777389,0.06093894500777389,0.548464543329156,0.1308718001728298,False,
LA-OU,3,2008-11,2,0.0,0.00014871942227590276,0.5768023220073647,-0.12533618502077298,-0.07229420255152653,False,-0.07214548312925063,0.0,0.5768023220073647,0.13479580552220521,False,
LA-OU,3,2008-12,3,0.0,0.00029559331373185617,0.7055866634391611,-0.024242609928221102,-0.01710526225231061,False,-0.016809668938578753,0.0,0.7055866634391611,0.16489205926392309,False,
LA-PH,3,2008-10,1,,0.0372638108785978,0.38845306003111446,0.038272915302951405,0.014867231065743142,False,0.05213104194434094,0.05213104194434094,0.38845306003111446,,False,
LA-PH,3,2008-11,2,,0.0372638108785978,0.38845306004348007,-0.2025324529076936,-0.0786743510901056,False,-0.04141054021150779,0.0,0.38845306004348007,,False,
LA-PH,3,2008-12,3,,0.0372638108785978,0.3884530600558457,-0.10605801564010496,-0.04119856071884951,False,-0.00393474984025171,0.0,0.3884530600558457,,False,
LA-SL,3,2008-10,1,91.0,66.49754350062896,22.833019674493134,-0.3080624207746006,-7.033995314518438,False,59.46354818611053,59.46354818611053,22.833019674493134,20.399425194910936,False,
LA-SL,3,2008-11,2,21.0,56.674447919453456,26.692457745257272,-0.5394008831185896,-14.397935280397409,False,42.27651263905605,42.27651263905605,26.692457745257272,12.667042108867621,False,
LA-SL,3,2008-12,3,8.0,51.408968572894935,28.192719653384387,-0.4556401123271415,-12.845733949675672,False,38.56323462321926,38.56323462321926,28.192719653384387,18.64966449096941,False,
LA-SV,3,2008-10,1,10.0,-91.33206760686907,209.9464903725708,0.30132986467105494,63.26314753212969,False,-28.06892007473938,0.0,209.9464903725708,49.25342530832837,False,
LA-SV,3,2008-11,2,2.0,-120.43852765790048,320.8450657454486,0.06534614876098971,20.96598939543161,False,-99.47253826246887,0.0,320.8450657454486,74.98485396964621,False,
LA-SV,3,2008-12,3,0.0,-124.8062589723537,403.28599210069126,0.1666422383291581,67.20448041045437,False,-57.60177856189934,0.0,403.28599210069126,94.24591075127516,False,
LA-VT,3,2008-10,1,95.0,134.65172861087245,149.2973075785225,0.06724592898730739,10.039636143421513,False,144.69136475429397,144.69136475429397,149.2973075785225,41.42790382024204,False,
LA-VT,3,2008-11,2,129.0,96.94525957965112,216.69120649424838,-0.10823664868161181,-23.453929989712563,False,73.49132958993856,73.49132958993856,216.69120649424838,56.28153646782909,False,
LA-VT,3,2008-12,3,91.0,82.55978706105346,268.0809850581541,0.009476166317523732,2.540380000976663,False,85.10016706203012,85.10016706203012,268.0809850581541,62.700976866517465,False,
LA-XA,3,2008-10,1,3.0,10.46372084700269,42.721090139411565,0.10964538689232887,4.684170456797837,False,15.147891303800527,15.147891303800527,42.721090139411565,11.352557691779168,False,
LA-XA,3,2008-11,2,2.0,14.27084899047853,45.06601171650959,-0.1858811569365382,-8.376922396380388,False,5.893926594098142,5.893926594098142,45.06601171650959,10.665843078660368,False,
LA-XA,3,2008-12,3,1.0,15.558617340347048,45.34687489328094,-0.11718219631762633,-5.313846396135288,False,10.24477094421176,10.24477094421176,45.34687489328094,11.346634718082337,False,
LA-XE,3,2008-10,1,0.0,0.854753238257536,1.904719771578398,0.005290533626359102,0.010076984000326542,False,0.8648302222578625,0.8648302222578625,1.904719771578398,0.5991403534098217,False,
LA-XE,3,2008-11,2,0.0,0.828176561313692,2.033687486840419,-0.24433707367427893,-0.4969052493025866,False,0.3312713120111054,0.3312713120111054,2.033687486840419,0.4967425718767132,False,
LA-XE,3,2008-12,3,1.0,0.8351228569869107,2.0516676120134263,-0.16447599576227062,-0.3374500734591082,False,0.4976727835278025,0.4976727835278025,2.0516676120134263,0.5282862995606958,False,
LA-XI,3,2008-10,1,0.0,0.044084224082659065,0.24381130077448968,0.003599069772298083,0.0008774938827621419,False,0.044961717965421207,0.044961717965421207,0.24381130077448968,0.06027595508726782,False,
LA-XI,3,2008-11,2,0.0,0.04272447541448644,0.24386353945755243,-0.2384927053519355,-0.05815967526193015,False,-0.015435199847443709,0.0,0.24386353945755243,0.05698968430688312,False,
LA-XI,3,2008-12,3,0.0,0.0427664159607719,0.2438655545776311,-0.1464310811105921,-0.035709496802436624,False,0.007056919158335277,0.007056919158335277,0.2438655545776311,0.05707161807735644,False,
LA-XN,3,2008-10,1,,1.9264514610390262,4.177451488354175,0.07892461442657914,0.3297037480040924,False,2.2561552090431185,2.2561552090431185,4.177451488354175,,False,
LA-XN,3,2008-11,2,,1.9264514610390262,4.182181505448893,-0.1776204067027835,-0.7428407799026918,False,1.1836106811363343,1.1836106811363343,4.182181505448893,,False,
LA-XN,3,2008-12,3,,1.9021723887451987,4.186906178968551,-0.0940024391402073,-0.39357939327424907,False,1.5085929954709496,1.5085929954709496,4.186906178968551,,False,
LA-AT,4,2009-01,1,18.0,12.648449129838081,19.026742868089503,-0.32240224924288086,-6.134264696437998,False,6.514184433400083,6.514184433400083,19.026742868089503,7.131526836699004,False,
LA-AT,4,2009-02,2,46.0,10.535457652145205,19.604445059779206,-0.23001507411177421,-4.50931788334532,False,6.026139768799885,6.026139768799885,19.604445059779206,29.212911501666788,False,
LA-AT,4,2009-03,3,77.0,10.13146299118978,19.677724429629947,-0.19907162423689498,-3.9172765634924613,False,6.214186427697319,6.214186427697319,19.677724429629947,59.68540292525519,False,
LA-BK,4,2009-01,1,1.0,21.407852721242254,7.287070923363495,-1.147811956964044,-8.364187137081636,False,13.043665584160617,13.043665584160617,7.287070923363495,8.231169561481792,False,
LA-BK,4,2009-02,2,0.0,23.77539216138364,7.82159324381208,-1.2020638758355693,-9.402054689866052,False,14.373337471517587,14.373337471517587,7.82159324381208,10.163486605386112,False,
LA-BK,4,2009-03,3,1.0,24.115146294336398,8.125718702803878,-1.2464426371837038,-10.12824224893581,False,13.986904045400587,13.986904045400587,8.125718702803878,8.781737683005142,False,
LA-BL,4,2009-01,1,2.0,10.59105596541319,30.534727826883152,-0.12638855311700528,-3.8592400698613205,False,6.73181589555187,6.73181589555187,30.534727826883152,7.427759382240245,False,
LA-BL,4,2009-02,2,3.0,13.961717439551695,36.665008773442636,-0.11944270421326451,-4.379367797903057,False,9.582349641648637,9.582349641648637,36.665008773442636,9.038599479318066,False,
LA-BL,4,2009-03,3,0.0,14.850701298079876,39.096371019187295,-0.10934708695431745,-4.27507428143333,False,10.575627016646546,10.575627016646546,39.096371019187295,10.270980517540325,False,
LA-CH,4,2009-01,1,31.0,86.87179376516272,63.99477195572338,-0.4002327471805857,-25.612803385034272,False,61.25899038012845,61.25899038012845,63.99477195572338,20.55911845386977,False,
LA-CH,4,2009-02,2,48.0,97.9698328732368,77.50512035136803,-0.41939850417313557,-32.5055315411226,False,65.46430133211419,65.46430133211419,77.50512035136803,19.675884805299116,False,
LA-CH,4,2009-03,3,60.0,103.42632885564089,83.33596061668176,-0.449829529126558,-37.48697592351134,False,65.93935293212955,65.93935293212955,83.33596061668176,19.64399529180875,False,
LA-HO,4,2009-01,1,0.0,0.21535734951224805,0.9286823359753524,-0.2765704767946027,-0.2568461164514287,False,-0.04148876693918063,0.0,0.9286823359753524,0.2170283973829816,False,
LA-HO,4,2009-02,2,0.0,0.27068940275482306,0.9304305316611896,-0.24386769605267705,-0.2269019500932817,False,0.043787452661541354,0.043787452661541354,0.9304305316611896,0.2182588917999266,False,
LA-HO,4,2009-03,3,0.0,0.2668046237184518,0.9304769111720581,-0.21035036639006466,-0.19572615918253808,False,0.07107846453591374,0.07107846453591374,0.9304769111720581,0.21961283803917875,False,
LA-KH,4,2009-01,1,0.0,3.0998479891341164,62.32597399282405,-0.16899962784932543,-10.533066410134,False,-7.433218420999883,0.0,62.32597399282405,14.56526707465554,False,
LA-KH,4,2009-02,2,0.0,3.263772190678115,106.37287166713016,-0.09716692903943759,-10.335925273001237,False,-7.072153082323123,0.0,106.37287166713016,24.858805824810624,False,
LA-KH,4,2009-03,3,6.0,3.2339204061711966,134.2205992948485,-0.05373754875212794,-7.212685998146751,False,-3.978765591975554,0.0,134.2205992948485,31.473664453234893,False,
LA-LM,4,2009-01,1,0.0,0.15111339843223948,0.6781136013554335,-0.4036939566295198,-0.2737503627754679,False,-0.1226369643432284,0.0,0.6781136013554335,0.15847174264513816,False,
LA-LM,4,2009-02,2,0.0,0.15875902808612283,0.6792642604078516,-0.34474138471634513,-0.2341705017213268,False,-0.07541147363520398,0.0,0.6792642604078516,0.1587406458862214,False,
LA-LM,4,2009-03,3,0.0,0.15914586110960588,0.6792815322633962,-0.31088703702942316,-0.21117982287417375,False,-0.05203396176456787,0.0,0.6792815322633962,0.15874468223211005,False,
LA-LP,4,2009-01,1,0.0,79.13951689992676,41.56354713794579,-0.409943721172323,-17.03871517885075,False,62.10080172107601,62.10080172107601,41.56354713794579,41.120128097711486,False,
LA-LP,4,2009-02,2,0.0,49.12341154199642,44.63079494071072,-0.20619762182702495,-9.202763777024167,False,39.92064776497225,39.92064776497225,44.63079494071072,23.796376275220844,False,
LA-LP,4,2009-03,3,0.0,38.11822452199973,45.17351943813309,-0.11219556218087275,-5.068268409049925,False,33.0499561129498,33.0499561129498,45.17351943813309,19.794969636606766,False,
LA-OU,4,2009-01,1,0.0,7.776691748592192e-08,0.5414487416400119,-0.24987645921168022,-0.13529529440562602,False,-0.13529521663870853,0.0,0.5414487416400119,0.12653385136237003,False,
LA-OU,4,2009-02,2,0.0,2.9871193635988536e-08,0.5694209852769313,-0.1737371359260384,-0.09892957111819692,False,-0.09892954124700329,0.0,0.5694209852769313,0.13307082420287428,False,
LA-OU,4,2009-03,3,0.0,5.936960295025522e-08,0.6965537763669596,-0.12778202297985203,-0.08900705065842554,False,-0.08900699128882258,0.0,0.6965537763669596,0.162781118925037,False,
LA-PH,4,2009-01,1,0.0,0.037035851437368615,0.3884386865220543,-0.30676138195204067,-0.1191579882811409,False,-0.08212213684377229,0.0,0.3884386865220543,0.09077617001177594,False,
LA-PH,4,2009-02,2,0.0,0.03703723756358801,0.3884388169855023,-0.235661788795987,-0.0915401864486005,False,-0.05450294888501249,0.0,0.3884388169855023,0.09077620050042846,False,
LA-PH,4,2009-03,3,0.0,0.037037229134999364,0.38843881620604087,-0.1947444079330847,-0.07564628728027374,False,-0.03860905814527438,0.0,0.38843881620604087,0.09077620031827223,False,
LA-SL,4,2009-01,1,1.0,18.4969523426646,23.14543034390563,-0.32032294672654715,-7.414012451013892,False,11.082939891650707,11.082939891650707,23.14543034390563,7.134118255429262,False,
LA-SL,4,2009-02,2,24.0,24.21726506837914,26.992751499559734,-0.36124654143996854,-9.751038123164479,False,14.466226945214663,14.466226945214663,26.992751499559734,7.6376379166133965,False,
LA-SL,4,2009-03,3,25.0,27.329549339535628,28.396665925416148,-0.4008937707930383,-11.384046480790262,False,15.945502858745366,15.945502858745366,28.396665925416148,7.778282908869467,False,
LA-SV,4,2009-01,1,0.0,0.4977305752942491,207.46727067540706,-0.03280169720907333,-6.805278593487562,False,-6.307548018193312,0.0,207.46727067540706,48.48405910166882,False,
LA-SV,4,2009-02,2,0.0,0.5079059766198158,317.27911444898604,0.0431728657498545,13.697848613338795,False,14.20575458995861,14.20575458995861,317.27911444898604,74.4002378800455,False,
LA-SV,4,2009-03,3,0.0,0.5084451142483696,398.8999623012318,0.0889900853601869,35.49814169536196,False,36.006586809610326,36.006586809610326,398.8999623012318,94.5166497977517,False,
LA-VT,4,2009-01,1,38.0,66.41542565091103,147.61070373872084,-0.1291275983810995,-19.060615669125006,False,47.354809981786026,47.354809981786026,147.61070373872084,34.73231781077128,False,
LA-VT,4,2009-02,2,20.0,60.5065330325019,214.07859640445633,-0.05574344728818613,-11.933478954200684,False,48.57305407830121,48.57305407830121,214.07859640445633,51.54826173512976,False,
LA-VT,4,2009-03,3,19.0,65.27820871086064,264.7697018725521,-0.04541605168394976,-12.024794464587796,False,53.25341424627284,53.25341424627284,264.7697018725521,63.640754572015304,False,
LA-XA,4,2009-01,1,0.0,10.883203313576795,42.195848981892844,-0.204773883419823,-8.640607860218582,False,2.242595453358213,2.242595453358213,42.195848981892844,9.908495868990444,False,
LA-XA,4,2009-02,2,0.0,14.147752523686234,44.53253414680373,-0.182253380695672,-8.116204899200433,False,6.0315476244858015,6.0315476244858015,44.53253414680373,10.732436624142776,False,
LA-XA,4,2009-03,3,0.0,15.222469332434105,44.81406547581328,-0.16706395560625487,-7.486815045187068,False,7.735654287247037,7.735654287247037,44.81406547581328,11.00421194973745,False,
LA-XE,4,2009-01,1,0.0,0.9211974666010098,1.8828822168887105,-0.35496879285851773,-0.6683644276237554,False,0.2528330389772544,0.2528330389772544,1.8828822168887105,0.4535440396037271,False,
LA-XE,4,2009-02,2,2.0,0.8791757924724549,2.0075718338786115,-0.29164036461551585,-0.585488981624198,False,0.2936868108482569,0.2936868108482569,2.0075718338786115,1.015262920962081,False,
LA-XE,4,2009-03,3,2.0,0.863945172922939,2.0252673746735073,-0.2636176288359024,-0.5338961830701431,False,0.33004898985279596,0.33004898985279596,2.0252673746735073,0.9934972034618057,False,
LA-XI,4,2009-01,1,0.0,0.042617637918612755,0.24081302236824423,-0.328099221900505,-0.07901056526252984,False,-0.03639292734391708,0.0,0.24081302236824423,0.05627679378508092,False,
LA-XI,4,2009-02,2,0.0,0.04256267231807965,0.24081065560583664,-0.26151788848017526,-0.06297629417756508,False,-0.020413621859485427,0.0,0.24081065560583664,0.056276240684593914,False,
LA-XI,4,2009-03,3,0.0,0.04256274320932068,0.24081065891750564,-0.22524165377237895,-0.05424059106059524,False,-0.011677847851274563,0.0,0.24081065891750564,0.05627624145851432,False,
LA-XN,4,2009-01,1,,1.925199575498786,4.19148219706414,-0.2595337339649914,-1.0878310254518422,False,0.8373685500469439,0.8373685500469439,4.19148219706414,,False,
LA-XN,4,2009-02,2,,1.9248525818037858,4.196190661109639,-0.20495420268034312,-0.8600269112424279,False,1.064825670561358,1.064825670561358,4.196190661109639,,False,
LA-XN,4,2009-03,3,,1.9248578106091707,4.200891764208985,-0.18059351925955863,-0.7586538277269966,False,1.1662039828821742,1.1662039828821742,4.200891764208985,,False,
LA-AT,5,2009-04,1,99.0,33.46614649163837,19.731924679249307,-0.28227872786653346,-5.569902596816751,False,27.89624389482162,27.89624389482162,19.731924679249307,59.97273145290238,False,
LA-AT,5,2009-05,2,0.0,22.92997263777933,20.591060802903005,0.06495677099041601,1.337528821023902,False,24.26750145880323,24.26750145880323,20.591060802903005,15.06418271073109,False,
LA-AT,5,2009-06,3,24.0,20.222480696266313,20.75254876517731,0.2913677097541218,6.046622605270441,False,26.269103301536752,26.269103301536752,20.75254876517731,4.948647850636973,False,
LA-BK,5,2009-04,1,3.0,5.135309790582992,7.34850164761349,-0.25863598386466763,-1.900586953561646,False,3.234722837021346,3.234722837021346,7.34850164761349,1.7202987093315043,False,
LA-BK,5,2009-05,2,74.0,7.0546724872380135,8.303628213881032,-0.128359529787326,-1.065849813062543,False,5.988822674175471,5.988822674175471,8.303628213881032,63.32635678189959,False,
LA-BK,5,2009-06,3,216.0,7.913690123583673,8.600343121495827,0.011951630945708043,0.10278812699457683,False,8.016478250578249,8.016478250578249,8.600343121495827,203.13129774533724,False,
LA-BL,5,2009-04,1,2.0,7.41016712838446,30.171905080990104,0.006588544462325164,0.19878893813915785,False,7.608956066523618,7.608956066523618,30.171905080990104,7.465807824131197,False,
LA-BL,5,2009-05,2,0.0,15.807325360283087,36.260069603897826,0.11590054870895525,4.2025619633166675,False,20.009887323599756,20.009887323599756,36.260069603897826,12.77056706029354,False,
LA-BL,5,2009-06,3,7.0,20.051823867708222,38.68550817817715,0.249150648985522,9.638519468927557,False,29.690343336635777,29.690343336635777,38.68550817817715,14.2028580178282,False,
LA-CH,5,2009-04,1,102.0,70.91043037851901,63.388616929819214,-0.22919027893167815,-14.528054795238562,False,56.38237558328045,56.38237558328045,63.388616929819214,27.373110510857458,False,
LA-CH,5,2009-05,2,66.0,89.35834576878105,76.94402228784098,-0.10477855213329694,-8.062083250632108,False,81.29626251814894,81.29626251814894,76.94402228784098,19.190577803061405,False,
LA-CH,5,2009-06,3,124.0,130.78275431348706,82.83652802525562,-0.11642477501562189,-9.644224138415643,False,121.13853017507142,121.13853017507142,82.83652802525562,19.39791022039093,False,
LA-HO,5,2009-04,1,0.0,0.2794183221998053,0.9179373055755863,-0.31472469333336356,-0.2888975369965304,False,-0.009479214796725144,0.0,0.9179373055755863,0.2145173377481028,False,
LA-HO,5,2009-05,2,0.0,0.2597150706835069,0.9196956662816866,-0.05817990736112419,-0.05350780866469591,False,0.206207262018811,0.206207262018811,0.9196956662816866,0.23329616948802312,False,
LA-HO,5,2009-06,3,0.0,0.2611044502963331,0.9197411478754594,0.15296118112459298,0.1406846923079192,False,0.4017891426042523,0.4017891426042523,0.9197411478754594,0.2838692136701347,False,
LA-KH,5,2009-04,1,0.0,7.971621148109566,61.55100550511786,-0.1102685629149331,-6.787140923018482,False,1.1844802250910842,1.1844802250910842,61.55100550511786,14.3932540398681,False,
LA-KH,5,2009-05,2,6.0,7.612167972843011,105.05056654572614,0.14850258080943227,15.600280247533338,False,23.21244822037635,23.21244822037635,105.05056654572614,25.672394497825557,False,
LA-KH,5,2009-06,3,80.0,7.683925396138115,132.54920815726123,0.3692269101610355,48.940734572197485,False,56.6246599683356,56.6246599683356,132.54920815726123,32.61639176432363,False,
LA-LM,5,2009-04,1,1.0,0.14702649126392314,0.6700033742032504,-0.331034351453929,-0.2217941324513171,False,-0.07476764118739396,0.0,0.6700033742032504,0.6619359856506922,False,
LA-LM,5,2009-05,2,0.0,0.15476519557829083,0.6712148945117932,-0.08724325979069097,-0.05855897541727361,False,0.09620622016101721,0.09620622016101721,0.6712148945117932,0.16235131730100247,False,
LA-LM,5,2009-06,3,2.0,0.15517252043485502,0.6712331963217532,0.12773821956910147,0.0857421334138179,False,0.24091465384867292,0.24091465384867292,0.6712331963217532,1.3822222221922256,False,
LA-LP,5,2009-04,1,0.0,16.172941839875904,41.57925288770908,-0.026399970478653167,-1.0976910487599743,False,15.075250791115929,15.075250791115929,41.57925288770908,11.873818225080502,False,
LA-LP,5,2009-05,2,0.0,22.66099606211003,43.98082046173353,0.14271824119427248,6.27686534257968,False,28.93786140468971,28.93786140468971,43.98082046173353,17.611389022870746,False,
LA-LP,5,2009-06,3,9.0,25.04584967828642,44.29857060793081,0.3154281128680971,13.973014529613769,False,39.01886420790019,39.01886420790019,44.29857060793081,18.170876251429608,False,
LA-OU,5,2009-04,1,0.0,1.5678292722176384e-11,0.5346939049421854,-0.1717823529483515,-0.0918509770981108,False,-0.0918509770824325,0.0,0.5346939049421854,0.1249552799539095,False,
LA-OU,5,2009-05,2,0.0,6.022537408921985e-12,0.5623146507521489,0.09164919221430619,0.05153568351170415,False,0.05153568351772669,0.05153568351772669,0.5623146507521489,0.13329307737247767,False,
LA-OU,5,2009-06,3,0.0,1.1969205985760598e-11,0.6878558182791426,0.320924397430741,0.22074971400046312,False,0.22074971401243232,0.22074971401243232,0.6878558182791426,0.18877100978630526,False,
LA-PH,5,2009-04,1,0.0,0.03626246023326497,0.38307160509256,-0.2357734944955708,-0.09031813097470016,False,-0.05405567074143519,0.0,0.38307160509256,0.08952191003918396,False,
LA-PH,5,2009-05,2,0.0,0.03605091679014343,0.3830584103475442,0.022001625458781746,0.008427907673302993,False,0.04447882446344643,0.04447882446344643,0.3830584103475442,0.09157691522030882,False,
LA-PH,5,2009-06,3,0.0,0.036052150866100606,0.3830585249155628,0.24531644027432434,0.09397055374901944,False,0.13002270461512005,0.13002270461512005,0.3830585249155628,0.10695865035646804,False,
LA-SL,5,2009-04,1,19.0,26.842542275155317,22.92385331542191,-0.2746497039493547,-6.296029526459059,False,20.54651274869626,20.54651274869626,22.92385331542191,5.39879622386061,False,
LA-SL,5,2009-05,2,122.0,27.420438789099144,26.761771561128008,-0.07141408091490803,-1.9111673196926802,False,25.509271469406464,25.509271469406464,26.761771561128008,81.39406243017987,False,
LA-SL,5,2009-06,3,42.0,27.470065216601924,28.159433136591325,0.10401772163462049,2.9290800773906644,False,30.39914529399259,30.39914529399259,28.159433136591325,8.460831606218228,False,
LA-SV,5,2009-04,1,0.0,-0.3064215356613521,204.87915025094836,-0.07509785803555365,-15.385985339990585,False,-15.692406875651937,0.0,204.87915025094836,47.879228357941464,False,
LA-SV,5,2009-05,2,0.0,-0.0007752776307878295,313.3210514403191,0.18833368711701493,59.00890886913519,False,59.008133591504404,59.008133591504404,313.3210514403191,77.64197303788552,False,
LA-SV,5,2009-06,3,1.0,2.750390050629197,393.9235832083245,0.49186632957895665,193.75774700726927,False,196.50813705789847,196.50813705789847,393.9235832083245,129.99291569783728,False,
LA-VT,5,2009-04,1,33.0,11.14809837221609,145.79583486797426,0.15013936807066422,21.889694514412568,False,33.03779288662866,33.03779288662866,145.79583486797426,34.07175822163555,False,
LA-VT,5,2009-05,2,54.0,15.562225578206796,211.4742487477437,0.38975547114320924,82.42324545533307,False,97.98547103353987,97.98547103353987,211.4742487477437,53.057185179690954,False,
LA-VT,5,2009-06,3,104.0,30.26691790774965,261.5558586899332,0.5469608054226379,143.06080313205553,False,173.32772103980517,173.32772103980517,261.5558586899332,68.41260633692397,False,
LA-XA,5,2009-04,1,0.0,10.250093669697243,41.698441976535456,-0.1168071404200844,-4.870675767251919,False,5.379417902445324,5.379417902445324,41.698441976535456,10.021193482431672,False,
LA-XA,5,2009-05,2,1.0,13.715490149806458,44.032569673442396,0.08588891330754096,3.7819095593905514,False,17.49739970919701,17.49739970919701,44.032569673442396,12.727597497644842,False,
LA-XA,5,2009-06,3,14.0,14.979993313015424,44.3159761334111,0.2778055820210276,12.31122554257224,False,27.291218855587665,27.291218855587665,44.3159761334111,11.934907681526953,False,
LA-XE,5,2009-04,1,1.0,1.2800047727397923,1.865688038879508,-0.3290181794765274,-0.6138452820232684,False,0.6661594907165239,0.6661594907165239,1.865688038879508,0.4597699152485068,False,
LA-XE,5,2009-05,2,2.0,1.0197980391672876,1.9890389459985858,-0.04199723803862352,-0.08353414208319544,False,0.9362638970840922,0.9362638970840922,1.9890389459985858,0.6865223312749441,False,
LA-XE,5,2009-06,3,9.0,0.6145887563609168,2.006468692292676,0.2716590748565652,0.5450754286768905,False,1.1596641850378073,1.1596641850378073,2.006468692292676,6.708350110425322,False,
LA-XI,5,2009-04,1,0.0,0.04155514346081874,0.2378771549110491,-0.25021457483857373,-0.05952033117987769,False,-0.017965187719058952,0.0,0.2378771549110491,0.05559069630644769,False,
LA-XI,5,2009-05,2,39.0,0.041500146472233726,0.23787482412259914,0.0018941112445884853,0.0004505613791751233,False,0.04195070785140885,0.04195070785140885,0.23787482412259914,38.82384279419038,False,
LA-XI,5,2009-06,3,33.0,0.015476964096578588,0.23787482748453256,0.29630333919922963,0.07048310569510768,False,0.08596006979168627,0.08596006979168627,0.23787482748453256,32.77983343035332,False,
LA-XN,5,2009-04,1,,1.9248577221317758,4.2055876447116365,-0.1600880384527117,-0.6732642765828456,False,1.2515934455489302,1.2515934455489302,4.2055876447116365,,False,
LA-XN,5,2009-05,2,,1.9248577233190858,4.210278286163808,0.07751547177352713,0.32636170764982486,False,2.2512194309689106,2.2512194309689106,4.210278286163808,,False,
LA-XN,5,2009-06,3,,1.9248577233011943,4.214963707624731,0.28096264219465056,1.1842473400488052,False,3.1091050633499995,3.1091050633499995,4.214963707624731,,False,
LA-AT,6,2009-07,1,64.0,23.49055415798199,20.73171719463202,0.26341537413837646,5.461053041355005,False,28.951607199336994,28.951607199336994,20.73171719463202,24.127650333079423,False,
LA-AT,6,2009-08,2,21.0,23.107099508907414,21.676272161308784,0.08348218811347342,1.809582630169227,False,24.91668213907664,24.91668213907664,21.676272161308784,5.347203590097889,False,
LA-AT,6,2009-09,3,17.0,22.496523438566996,21.868033730238306,0.032804787181785075,0.7173761926045652,False,23.21389963117156,23.21389963117156,21.868033730238306,5.810163209677702,False,
LA-BK,6,2009-07,1,212.0,36.152326426665354,9.989152725784399,-0.10060954496721415,-1.0050041103491754,False,35.14732231631618,35.14732231631618,9.989152725784399,171.2169017673286,False,
LA-BK,6,2009-08,2,110.0,52.220673864877426,11.30176044824396,-0.5170104191169983,-5.843127906106525,False,46.3775459587709,46.3775459587709,11.30176044824396,57.24611855488214,False,
LA-BK,6,2009-09,3,52.0,126.88264441445313,11.768123874214712,-1.1789293739925062,-13.873786912094218,False,113.00885750235891,113.00885750235891,11.768123874214712,54.36940505573686,False,
LA-BL,6,2009-07,1,35.0,17.134651823313227,29.826357424052958,0.36542473070621634,10.899288629631908,False,28.033940452945135,28.033940452945135,29.826357424052958,7.61639461732328,False,
LA-BL,6,2009-08,2,9.0,21.54968687554024,35.875912881487594,0.14156496789530434,5.078772455282527,False,26.628459330822764,26.628459330822764,35.875912881487594,11.771831418447945,False,
LA-BL,6,2009-09,3,0.0,23.590480709779726,38.29699056610634,0.06627278699164085,2.5380482982084445,False,26.12852900798817,26.12852900798817,38.29699056610634,15.798007770042942,False,
LA-CH,6,2009-07,1,122.0,105.0735652603224,62.811348176764966,0.1646427238416971,10.341431451991799,False,115.41499671231419,115.41499671231419,62.811348176764966,14.95385729364809,False,
LA-CH,6,2009-08,2,110.0,105.66370144519648,76.16736363492153,-0.03628859861797647,-2.7640068867371244,False,102.89969455845936,102.89969455845936,76.16736363492153,18.06379475210685,False,
LA-CH,6,2009-09,3,105.0,116.43379855786468,81.94452300538752,-0.15249849741808336,-12.49641662996316,False,103.93738192790151,103.93738192790151,81.94452300538752,19.155520600764024,False,
LA-HO,6,2009-07,1,0.0,0.2722296177863651,0.9077010948925665,0.22662921380623557,0.20571158550656157,False,0.47794120329292666,0.47794120329292666,0.9077010948925665,0.31026435628757065,False,
LA-HO,6,2009-08,2,0.0,0.2535837186782708,0.9093391327029892,0.07971884826672641,0.07249146834294619,False,0.32607518702121696,0.32607518702121696,0.9093391327029892,0.258661079210057,False,
LA-HO,6,2009-09,3,1.0,0.251692982445689,0.9093802865257691,0.049617218678342345,0.0451209205383227,False,0.29681390298401167,0.29681390298401167,0.9093802865257691,0.41924497081287815,False,
LA-KH,6,2009-07,1,155.0,106.04867520527274,61.13284616632988,0.021666278598100625,1.324521276534531,False,107.37319648180727,107.37319648180727,61.13284616632988,28.383436601672233,False,
LA-KH,6,2009-08,2,303.0,101.28752499695217,104.40190476342069,-0.16044994212233535,-16.751279576752417,False,84.53624542019975,84.53624542019975,104.40190476342069,160.9400308486945,False,
LA-KH,6,2009-09,3,277.0,102.17679279782679,131.74285742763203,-0.23765890368306103,-31.309863064324844,False,70.86692973350195,70.86692973350195,131.74285742763203,138.45788035341445,False,
LA-LM,6,2009-07,1,1.0,0.18873069449967006,0.6863239114869772,0.42891966625182837,0.2943778230556437,False,0.48310851755531375,0.48310851755531375,0.6863239114869772,0.30874884892732374,False,
LA-LM,6,2009-08,2,0.0,0.18364109367865628,0.6863418096811466,0.2772250210394119,0.19027112262908388,False,0.3739122163077402,0.3739122163077402,0.6863418096811466,0.23970879606558346,False,
LA-LM,6,2009-09,3,4.0,0.18362679208560295,0.6863418525191621,0.24701107396610464,0.16953403809864404,False,0.353160830184247,0.353160830184247,0.6863418525191621,3.2596122589221816,False,
LA-LP,6,2009-07,1,30.0,17.242417032437313,41.07677594701868,0.43212292836042104,17.75021670983062,False,34.992633742267934,34.992633742267934,41.07677594701868,9.8412265583904,False,
LA-LP,6,2009-08,2,32.0,20.135861896657566,43.50903735495139,0.24112024806786464,10.490909880219869,False,30.626771776877433,30.626771776877433,43.50903735495139,10.185132897467481,False,
LA-LP,6,2009-09,3,313.0,21.126024106566856,43.82063125959814,0.19072160268270125,8.357541024398234,False,29.48356513096509,29.48356513096509,43.82063125959814,258.79329116851807,False,
LA-OU,6,2009-07,1,0.0,3.1628496209675085e-15,0.5281866991495299,0.3242227089260785,0.17125012241698423,False,0.1712501224169874,0.1712501224169874,0.5281866991495299,0.14539310345343817,False,
LA-OU,6,2009-08,2,1.0,1.2149827987459523e-15,0.5554700284094312,0.18304458924665834,0.10167578318903396,False,0.10167578318903518,0.10167578318903518,0.5554700284094312,0.6097232788704787,False,
LA-OU,6,2009-09,3,15.0,2.4145840419913026e-15,0.6794803855734932,0.16653004111159034,0.11315389654407308,False,0.1131538965440755,0.1131538965440755,0.6794803855734932,14.503490347690347,False,
LA-PH,6,2009-07,1,0.0,0.03530879262569237,0.3779084559204473,0.2867147001800604,0.10835190963474062,False,0.14366070226043298,0.14366070226043298,0.3779084559204473,0.10984377714097897,False,
LA-PH,6,2009-08,2,,0.03511412817976793,0.37789630248727296,0.1407128441198203,0.0531748635053481,False,0.08828899168511603,0.08828899168511603,0.37789630248727296,,False,
LA-PH,6,2009-09,3,0.0,0.03511520140413266,0.3778964007977193,0.11911838459876094,0.045014408808710236,False,0.0801296102128429,0.0801296102128429,0.3778964007977193,0.09506554783956259,False,
LA-SL,6,2009-07,1,164.0,38.30293631797796,24.585117265893924,-0.0005415952028073011,-0.0133151815716631,False,38.289621136406296,38.289621136406296,24.585117265893924,111.83971321538156,False,
LA-SL,6,2009-08,2,127.0,38.207745778834145,27.994374339147406,-0.19557369579848416,-5.474963251073306,False,32.73278252776084,32.73278252776084,27.994374339147406,78.47858885056317,False,
LA-SL,6,2009-09,3,91.0,39.03701958054436,29.108141992362093,-0.2756263638393529,-8.022971335474342,False,31.01404824507002,31.01404824507002,29.108141992362093,43.98279678512751,False,
LA-SV,6,2009-07,1,13.0,1.0361822460233652,202.38751481426056,0.39662168589175667,80.2712773290749,False,81.30745957509826,81.30745957509826,202.38751481426056,56.40797087709886,False,
LA-SV,6,2009-08,2,34.0,-1.117871797687873,309.5116056220584,0.2863828725918563,88.63882271856284,False,87.52095092087497,87.52095092087497,309.5116056220584,76.01429713978847,False,
LA-SV,6,2009-09,3,48.0,-1.7299920559817874,389.1348195159383,0.2698683244567899,105.01516173056162,False,103.28516967457983,103.28516967457983,389.1348195159383,94.06707522723903,False,
LA-VT,6,2009-07,1,302.0,130.486556731197,144.07459620331153,0.3081308455962752,44.39382715706828,False,174.88038388826527,174.88038388826527,144.07459620331153,75.72322396464621,False,
LA-VT,6,2009-08,2,356.0,134.77769955289847,209.00280076241657,0.11949370933188826,24.97451992385476,False,159.75221947675323,159.75221947675323,209.00280076241657,117.39639612326536,False,
LA-VT,6,2009-09,3,470.0,139.58842310234496,258.51249864263843,0.05260555606566153,13.599193741019565,False,153.18761684336454,153.18761684336454,258.51249864263843,198.48273780094658,False,
LA-XA,6,2009-07,1,11.0,15.35473965657499,41.20686581948109,0.3451191427796945,14.221278208257207,False,29.576017864832195,29.576017864832195,41.20686581948109,12.915154412404387,False,
LA-XA,6,2009-08,2,37.0,15.22041276629639,43.525840699777724,0.18627662190175956,8.107846570988713,False,23.328259337285104,23.328259337285104,43.525840699777724,11.871031963910955,False,
LA-XA,6,2009-09,3,11.0,15.103717584975408,43.808256418284635,0.1521726672345768,6.666419226066642,False,21.77013681104205,21.77013681104205,43.808256418284635,11.288803570221601,False,
LA-XE,6,2009-07,1,29.0,3.9768754281018843,1.9793182422974056,0.11959705100400898,0.23672062477720823,False,4.213596052879092,4.213596052879092,1.9793182422974056,23.669693212290657,False,
LA-XE,6,2009-08,2,27.0,2.079444105473863,2.121500166717258,0.15087947105277796,0.32009082299268016,False,2.3995349284665433,2.3995349284665433,2.121500166717258,23.40353677597675,False,
LA-XE,6,2009-09,3,6.0,1.3628042399210725,2.143120314889755,0.22349618218795064,0.4789792083472988,False,1.8417834482683713,1.8417834482683713,2.143120314889755,2.9917384453825435,False,
LA-XI,6,2009-07,1,1.0,32.88966674720794,3.5162378961637826,-1.0204402468329012,-3.5881106666845715,False,29.30155608052337,29.30155608052337,3.5162378961637826,26.317731286231886,False,
LA-XI,6,2009-08,2,10.0,32.888104096852665,4.598386174443481,-1.2994565943137681,-5.975403237581842,False,26.91270085927082,26.91270085927082,4.598386174443481,14.318600491403654,False,
LA-XI,6,2009-09,3,0.0,32.88808164169844,5.466201160107186,-1.4538331125919852,-7.946944246652551,False,24.941137395045892,24.941137395045892,5.466201160107186,21.857169210071074,False,
LA-XN,6,2009-07,1,,1.9248577107961704,4.219643925817411,0.3687541484038017,1.556011202432074,False,3.480868913228244,3.480868913228244,4.219643925817411,,False,
LA-XN,6,2009-08,2,,1.9248577107961664,4.224318959265479,0.20531827365394112,0.8673298760800013,False,2.792187586876168,2.792187586876168,4.224318959265479,,False,
LA-XN,6,2009-09,3,,1.9248577107961664,4.228988824592918,0.16654597044843583,0.7043210478074174,False,2.629178758603584,2.629178758603584,4.228988824592918,,False,
LA-AT,7,2009-10,1,4.0,22.53130089575577,20.850427389289425,-0.031167529304828495,-0.6498563066738768,False,21.881444589081894,21.881444589081894,20.850427389289425,10.64140894536997,False,
LA-AT,7,2009-11,2,16.0,24.20081714562291,21.733798622154293,-0.2825903186416665,-6.141761077928394,False,18.059056067694517,18.059056067694517,21.733798622154293,5.156844919696442,False,
LA-AT,7,2009-12,3,6.0,25.553085087465345,21.930409239224854,-0.20471470874693123,-4.489477340108926,False,21.063607747356418,21.063607747356418,21.930409239224854,9.097903244236344,False,
LA-BK,7,2009-10,1,31.0,59.06451016668727,16.16187566132933,-0.4821263219616336,-7.792065668597954,False,51.272444498089314,51.272444498089314,16.16187566132933,12.774483302926946,False,
LA-BK,7,2009-11,2,5.0,62.80986085324451,29.68937736374885,-0.771058873920724,-22.892257877499624,False,39.917602975744884,39.917602975744884,29.68937736374885,21.66510295734006,False,
LA-BK,7,2009-12,3,4.0,37.31113096252758,36.9942762625542,-0.4320639537916014,-15.983893269657955,False,21.327237692869623,21.327237692869623,36.9942762625542,11.825142846579613,False,
LA-BL,7,2009-10,1,1.0,1.3876487714117962,29.62232276247635,0.2810790888056528,8.3262154903838,False,9.713864261795596,9.713864261795596,29.62232276247635,7.937893061329581,False,
LA-BL,7,2009-11,2,2.0,10.064230149241801,35.610458426221214,-0.08286550570106291,-2.950878645735498,False,7.113351503506303,7.113351503506303,35.610458426221214,8.614399491231822,False,
LA-BL,7,2009-12,3,1.0,10.625991284020099,37.99892153202815,0.02297915237658582,0.8731830080304027,False,11.499174292050501,11.499174292050501,37.99892153202815,10.030158604031865,False,
LA-CH,7,2009-10,1,59.0,102.0717290270198,62.09841962541085,-0.1506186521852837,-9.353180266815551,False,92.71854876020424,92.71854876020424,62.09841962541085,21.64189504880965,False,
LA-CH,7,2009-11,2,35.0,98.53534193890775,75.30311557485774,-0.3721715586448699,-28.025677894309585,False,70.50966404459817,70.50966404459817,75.30311557485774,24.157083461450966,False,
LA-CH,7,2009-12,3,32.0,95.43607198990658,81.01334525162424,-0.26722238737096476,-21.648579527047243,False,73.78749246285933,73.78749246285933,81.01334525162424,27.34567686835278,False,
LA-HO,7,2009-10,1,1.0,0.20402025007137758,0.899850866911587,0.07984825187933628,0.07185151867499551,False,0.2758717687463731,0.2758717687463731,0.899850866911587,0.43098498592035184,False,
LA-HO,7,2009-11,2,1.0,0.2595261979099971,0.9015427067358667,-0.16023040114645815,-0.14445454955095158,False,0.11507164835904551,0.11507164835904551,0.9015427067358667,0.5318587089147997,False,
LA-HO,7,2009-12,3,1.0,0.2532717432496422,0.9015842746396922,-0.03940871223939506,-0.03553027523883935,False,0.21774146801080285,0.21774146801080285,0.9015842746396922,0.4656789323022813,False,
LA-KH,7,2009-10,1,85.0,240.0655766307666,62.0753117917263,-0.760068400856831,-47.181482966226596,False,192.88409366454,192.88409366454,62.0753117917263,74.9305231307582,False,
LA-KH,7,2009-11,2,61.0,246.3618878566721,105.93269878018505,-1.032170329017506,-109.34058855365595,False,137.02129930301615,137.02129930301615,105.93269878018505,45.632443055817916,False,
LA-KH,7,2009-12,3,67.0,245.29515741985725,133.83460130165258,-0.9625672146743047,-128.8247994019778,False,116.47035801787945,116.47035801787945,133.83460130165258,38.489641661737174,False,
LA-LM,7,2009-10,1,5.0,0.2294832769217221,0.7613429251990482,0.1995429190400944,0.15192058968474234,False,0.3814038666064644,0.3814038666064644,0.7613429251990482,4.189054385644734,False,
LA-LM,7,2009-11,2,6.0,0.21997253754917645,0.7613601225328684,-0.0037522642151932087,-0.002856824342655199,False,0.21711571320652126,0.21711571320652126,0.7613601225328684,5.353332836331794,False,
LA-LM,7,2009-12,3,4.0,0.21994854769047648,0.7613601599310895,0.11357706331245435,0.08647305108807372,False,0.3064215987785502,0.3064215987785502,0.7613601599310895,3.2640271084906467,False,
LA-LP,7,2009-10,1,165.0,131.266509546058,47.998049563892586,-0.24477985950783981,-11.748955828899959,False,119.51755371715802,119.51755371715802,47.998049563892586,27.2310938163194,False,
LA-LP,7,2009-11,2,87.0,68.93696974128883,51.101651610986416,-0.21297717152526796,-10.88348522037754,False,58.0534845209113,58.0534845209113,51.101651610986416,18.31410174243864,False,
LA-LP,7,2009-12,3,0.0,47.70674518040604,51.61984102749229,0.019153037780089727,0.9886767654017856,False,48.69542194580782,48.69542194580782,51.61984102749229,29.142302755098303,False,
LA-OU,7,2009-10,1,6.0,10.386386795892328,1.3903956176484975,-1.0273349204158613,-1.4284019712034814,False,8.957984824688847,8.957984824688847,1.3903956176484975,2.1902071041516047,False,
LA-OU,7,2009-11,2,13.0,13.389855979303233,1.6681465928766748,-1.4569872432741482,-2.4304683057325494,False,10.959387673570683,10.959387673570683,1.6681465928766748,1.2778717752879136,False,
LA-OU,7,2009-12,3,18.0,11.434592992005687,2.070699378336594,-1.3191214459905987,-2.7315039581632017,False,8.703089033842485,8.703089033842485,2.070699378336594,8.12864696909292,False,
LA-PH,7,2009-10,1,0.0,0.03470864651884638,0.37458030079334176,0.019624675184224446,0.007351016733478422,False,0.0420596632523248,0.0420596632523248,0.37458030079334176,0.08941962647043282,False,
LA-PH,7,2009-11,2,0.0,0.03451942596354253,0.3745686225145414,-0.18317118204254626,-0.06861017734203687,False,-0.034090751378494336,0.0,0.3745686225145414,0.08753480571901331,False,
LA-PH,7,2009-12,3,0.0,0.03451920966863857,0.3745686028404268,-0.059772934290413665,-0.022389064484832886,False,0.012130145183805684,0.012130145183805684,0.3745686028404268,0.0876915024718561,False,
LA-SL,7,2009-10,1,94.0,76.82579581178155,26.66034569558023,-0.418894656371349,-11.167876348891452,False,65.65791946289009,65.65791946289009,26.66034569558023,17.234527221214627,False,
LA-SL,7,2009-11,2,44.0,74.87990750481944,30.84341211943889,-0.6564587161097324,-20.247426720370214,False,54.63248078444923,54.63248078444923,30.84341211943889,8.65587432750033,False,
LA-SL,7,2009-12,3,17.0,72.46728517361484,32.43831563438517,-0.5626151101867769,-18.25028652491306,False,54.216998648701775,54.216998648701775,32.43831563438517,22.96653428414865,False,
LA-SV,7,2009-10,1,16.0,52.38303155902,199.9992431007222,0.06080861324691758,12.161676623388065,False,64.54470818240806,64.54470818240806,199.9992431007222,51.41660724869686,False,
LA-SV,7,2009-11,2,33.0,50.04089371607333,305.87395208687406,-0.14156804287378244,-43.301976763007865,False,6.738916953065463,6.738916953065463,305.87395208687406,72.38013690488356,False,
LA-SV,7,2009-12,3,4.0,49.435096057151114,384.5690347848663,-0.02148337501133149,-8.261840792029068,False,41.173255265122044,41.173255265122044,384.5690347848663,91.30423421985111,False,
LA-VT,7,2009-10,1,527.0,454.8143895911099,143.52451401612842,-0.4101382476935917,-58.86489267964925,False,395.94949691146064,395.94949691146064,143.52451401612842,78.21915158559463,False,
LA-VT,7,2009-11,2,521.0,467.3544406338932,208.90375341569944,-0.6769826136713966,-141.42420899312515,False,325.93023164076806,325.93023164076806,208.90375341569944,116.6345077746263,False,
LA-VT,7,2009-12,3,366.0,454.3577649550559,258.84032155317107,-0.5894179264536046,-152.56512561245435,False,301.79263934260155,301.79263934260155,258.84032155317107,66.81130905427355,False,
LA-XA,7,2009-10,1,5.0,13.91618378839639,40.779618406365046,0.0750571889459897,3.0608035238719005,False,16.976987312268292,16.976987312268292,40.779618406365046,10.92332806301583,False,
LA-XA,7,2009-11,2,5.0,14.822220776000654,43.05018361142741,-0.14706478486296473,-6.331165991125702,False,8.491054784874951,8.491054784874951,43.05018361142741,10.173489985910635,False,
LA-XA,7,2009-12,3,0.0,15.098340805371814,43.32360273965809,-0.03583732542808421,-1.5526020500981677,False,13.545738755273646,13.545738755273646,43.32360273965809,11.800504278532603,False,
LA-XE,7,2009-10,1,7.0,4.647884635371595,3.141163817291275,-0.5514691847459885,-1.7322550494752165,False,2.9156295858963786,2.9156295858963786,3.141163817291275,2.5980141191734223,False,
LA-XE,7,2009-11,2,3.0,3.687002905074008,3.7299649769027456,-0.6986750075686499,-2.6060333084683247,False,1.0809695966056831,1.0809695966056831,3.7299649769027456,1.257094914117344,False,
LA-XE,7,2009-12,3,7.0,2.9011033785459173,3.95172985297546,-0.5162504324010113,-2.040082245330566,False,0.8610211332153512,0.8610211332153512,3.95172985297546,4.114260912444788,False,
LA-XI,7,2009-10,1,0.0,1.474597341904036,3.9960855487264357,0.019060888695797362,0.07616894186315892,False,1.550766283767195,1.550766283767195,3.9960855487264357,1.1709834578322666,False,
LA-XI,7,2009-11,2,0.0,2.10652188103494,4.4093142868904405,-0.2629270877537106,-1.1593281644429327,False,0.9471937165920072,0.9471937165920072,4.4093142868904405,1.111297821297287,False,
LA-XI,7,2009-12,3,0.0,2.377327077686239,4.510467050032298,-0.18154468241642202,-0.8188513081478493,False,1.5584757695383895,1.5584757695383895,4.510467050032298,1.2667883459217297,False,
LA-XN,7,2009-10,1,,1.9248577124658355,4.2336535280630265,0.11396503851113016,0.4824884873684849,False,2.40734619983432,2.40734619983432,4.2336535280630265,,False,
LA-XN,7,2009-11,2,,1.9248577124658355,4.238313108363666,-0.09996829136390267,-0.423696919708347,False,1.5011607927574886,1.5011607927574886,4.238313108363666,,False,
LA-XN,7,2009-12,3,,1.927072130100869,4.2429675715675765,0.012318653992697243,0.05226764941637585,False,1.979339779517245,1.979339779517245,4.2429675715675765,,False,
