province,split,month,h,actual,stage1_mean,stage1_se,stage2_correction,final_mean,final_se,crps_stage1,crps,fit_failed,error
LA-AT,0,2008-01,1,4.0,4.103908898730386,19.410750502675594,-3.7911743334843866,0.3127345652459992,19.410750502675594,4.536416804831934,4.814789908214962,False,
LA-AT,0,2008-02,2,2.0,4.80212191253651,19.7734184426588,-2.7386931098533815,2.0634288026831284,19.7734184426588,4.779101201697389,4.621029744225444,False,
LA-AT,0,2008-03,3,0.0,4.920911443366263,19.80435544110605,-2.355242063212296,2.565669380153967,19.80435544110605,5.113482554900363,4.760595447444224,False,
LA-BK,0,2008-01,1,1.0,0.48063019598686724,1.8765424473141747,-0.37073328036919045,0.10989691561767678,1.8765424473141747,0.49552151829517654,0.603885152658046,False,
LA-BK,0,2008-02,2,0.0,0.6566622021558151,2.0044092923989947,-0.41122090763999597,0.2454412945158191,2.0044092923989947,0.5534847307657131,0.48039541761269383,False,
LA-BK,0,2008-03,3,0.0,0.7211343627786801,2.023108843930076,-0.45030457932355866,0.2708297834551215,2.023108843930076,0.5742653069529458,0.4872326555376312,False,
LA-BL,0,2008-01,1,10.0,4.52523927927731,32.065831760355195,-7.953430710497701,0.0,32.065831760355195,7.865625282702532,8.727772915259882,False,
LA-BL,0,2008-02,2,7.0,10.184473297785225,38.4783743655274,-10.691587917960144,0.0,38.4783743655274,9.097282997911094,9.498836423419718,False,
LA-BL,0,2008-03,3,1.0,17.08526817597907,41.01550710425417,-14.571938962374299,2.513329213604772,41.01550710425417,12.069977797098717,9.60739104240127,False,
LA-CH,0,2008-01,1,73.0,46.73807088172603,63.99224745934991,-11.806179877844077,34.93189100388196,63.99224745934991,19.194999632559057,23.73189508231032,False,
LA-CH,0,2008-02,2,90.0,63.30020081407488,78.41293171869822,-27.918178432388192,35.38202238168668,78.41293171869822,21.916990943486898,32.91687320774102,False,
LA-CH,0,2008-03,3,92.0,72.93081324990386,84.96319096100622,-3.428793956391766,69.50201929351209,84.96319096100622,21.55577216710967,22.218336705607527,False,
LA-HO,0,2008-01,1,0.0,0.22977145642942476,0.9715574422454025,-0.23316216144349414,0.0,0.9715574422454025,0.24862633841065293,0.22704809436757134,False,
LA-HO,0,2008-02,2,0.0,0.2819942462421852,0.9731845766686849,-0.254766739668637,0.02722750657354822,0.9731845766686849,0.2598004887599149,0.2277322276119248,False,
LA-HO,0,2008-03,3,0.0,0.27845345331962607,0.9732329777448774,-0.23434896553112639,0.04410448778849968,0.9732329777448774,0.25900786766536554,0.2282368901872264,False,
LA-KH,0,2008-01,1,0.0,11.415042490769233,65.73653641897177,-0.23820754612061176,11.176834944648622,65.73653641897177,16.15110206429242,16.118602483323922,False,
LA-KH,0,2008-02,2,0.0,9.297809215219308,112.23066276083395,4.096106323223966,13.393915538443274,112.23066276083395,26.53486458946777,26.864682319643393,False,
LA-KH,0,2008-03,3,0.0,9.69050830037127,141.56548222396952,6.965864042364794,16.656372342736063,141.56548222396952,33.34767296505556,33.86407362059631,False,
LA-LM,0,2008-01,1,0.0,0.18600980006598797,0.7133236539002743,-0.13096449775630248,0.05504530230968549,0.7133236539002743,0.18594187452140437,0.1683939020236258,False,
LA-LM,0,2008-02,2,0.0,0.1865466001665297,0.7133455148264882,-0.09797586689242385,0.08857073327410586,0.7133455148264882,0.18605698656595407,0.1710868683986293,False,
LA-LM,0,2008-03,3,0.0,0.18654814930183247,0.7133455695394665,-0.08865608685170666,0.09789206245012581,0.7133455695394665,0.18605731747304505,0.17205614482870063,False,
LA-LP,0,2008-01,1,0.0,13.964317614138109,38.80613269509383,-10.256340671958817,3.7079769421792914,38.80613269509383,11.052141551412696,9.210036928539427,False,
LA-LP,0,2008-02,2,16.0,16.537906969492333,40.45489214609463,-9.963287972437268,6.574618997055065,40.45489214609463,9.45695839682557,10.326229667855136,False,
LA-LP,0,2008-03,3,22.0,17.272788234862777,40.61413467786925,-12.210512260655612,5.062275974207164,40.61413467786925,9.710576077878502,12.269188598100543,False,
LA-OU,0,2008-01,1,0.0,0.002038092365757095,0.5712735250673434,-0.03283593769703427,0.0,0.5712735250673434,0.1335066542166356,0.13350375344705884,False,
LA-OU,0,2008-02,2,0.0,0.0007828058355482215,0.6007935752838246,-0.010658873196351216,0.0,0.6007935752838246,0.1404028478157884,0.1404024409109691,False,
LA-OU,0,2008-03,3,0.0,0.001555952479635101,0.7349383831127196,0.005709860263256163,0.007265812742891264,0.7349383831127196,0.1717527228956858,0.17178006528182307,False,
LA-PH,0,2008-01,1,,0.03749040424662971,0.388467396929649,-0.012657905687953082,0.024832498558676627,0.388467396929649,,,False,
LA-PH,0,2008-02,2,,0.037262431085092335,0.38845290623213985,0.004150810168617426,0.04141324125370976,0.38845290623213985,,,False,
LA-PH,0,2008-03,3,,0.03726381735348356,0.3884530375009129,0.0016772228709500455,0.03894104022443361,0.3884530375009129,,,False,
LA-SL,0,2008-01,1,0.0,7.1019642786888655,13.195504782771753,-3.399434281709694,3.7025299969791714,13.195504782771753,4.572851396632064,3.49548389413144,False,
LA-SL,0,2008-02,2,1.0,7.1577980365530856,14.723273757946362,-3.0391177455796523,4.118680290973433,14.723273757946362,4.453476534252075,3.703314674831228,False,
LA-SL,0,2008-03,3,5.0,7.17912400828643,15.117977741805367,-3.758600343939693,3.420523664346737,15.117977741805367,3.6580873768839246,3.59876849038117,False,
LA-SV,0,2008-01,1,1.0,-11.485014460641358,218.57726293087973,6.743236167280568,0.0,218.57726293087973,51.36483175949996,51.08223366333214,False,
LA-SV,0,2008-02,2,1.0,-19.622384647363237,333.8632680799089,31.409645282100826,11.787260634737589,333.8632680799089,78.53018922411142,78.16120443199618,False,
LA-SV,0,2008-03,3,1.0,-14.902385928129892,419.5674617069116,50.176014121900515,35.27362819377062,419.5674617069116,98.29123410285817,99.16712408836804,False,
LA-VT,0,2008-01,1,29.0,22.13084382532213,155.4562732467316,-18.945963510676705,3.184880314645426,155.4562732467316,36.45042063000756,38.03564356915437,False,
LA-VT,0,2008-02,2,12.0,16.420554944247673,225.65272403392328,-13.14669934199173,3.273855602255942,225.65272403392328,52.76845511856109,52.86851289050694,False,
LA-VT,0,2008-03,3,26.0,19.472313008862173,279.17942127827797,-5.534116422471179,13.938196586390994,279.17942127827797,65.30371563814666,65.4506945765507,False,
LA-XA,0,2008-01,1,0.0,12.007580844264966,44.4086430753409,-8.019134270858384,3.9884465734065824,44.4086430753409,11.665492855709706,10.520886738240328,False,
LA-XA,0,2008-02,2,0.0,15.559567206370208,46.788416373047404,-9.310439296846546,6.249127909523661,46.788416373047404,12.97967330298053,11.266697969549986,False,
LA-XA,0,2008-03,3,0.0,16.705741583381936,47.06933971147554,-9.509976981233944,7.195764602147992,47.06933971147554,13.340741448583003,11.437875404575008,False,
LA-XE,0,2008-01,1,0.0,0.8473909514443554,2.0896358377178466,-0.6018942735166146,0.24549667792774077,2.0896358377178466,0.6235795868480262,0.49983035119390895,False,
LA-XE,0,2008-02,2,0.0,0.8817870312997993,2.094279522424567,-0.495994800660832,0.3857922306389673,2.094279522424567,0.6353889210805804,0.5176946150630453,False,
LA-XE,0,2008-03,3,0.0,0.8537362673134745,2.0962835743286568,-0.519636364623051,0.33409990269042356,2.0962835743286568,0.6267149614031841,0.5110889377636342,False,
LA-XI,0,2008-01,1,0.0,0.037978971073608384,0.23596314892168488,-0.04972393882690621,0.0,0.23596314892168488,0.05757681739413064,0.05514340272029707,False,
LA-XI,0,2008-02,2,0.0,0.037937028850090995,0.23596090195477482,-0.039422963257639526,0.0,0.23596090195477482,0.057570955113549226,0.055142877615416135,False,
LA-XI,0,2008-03,3,0.0,0.03793707516914767,0.23596090459240027,-0.03842838641328569,0.0,0.23596090459240027,0.057570961619296236,0.055142878231815955,False,
LA-XN,0,2008-01,1,,1.9227034658482431,4.134660339860258,-1.0278736437499454,0.8948298220982978,4.134660339860258,,,False,
LA-XN,0,2008-02,2,,1.9265079357685868,4.13941642457591,-0.8170982780558441,1.1094096577127428,4.13941642457591,,,False,
LA-XN,0,2008-03,3,,1.9264506066802944,4.144190197606953,-0.8873046524376352,1.039145954242659,4.144190197606953,,,False,
LA-AT,1,2008-04,1,0.0,3.669853073058782,19.13792957457747,-1.8647965574891388,1.8050565155696432,19.13792957457747,4.752326174801341,4.540307561081101,False,
LA-AT,1,2008-05,2,4.0,4.339198631912654,19.494041883477173,-0.4494328081911633,3.889765823721491,19.494041883477173,4.558014210909062,4.555908353812032,False,
LA-AT,1,2008-06,3,10.0,4.448858213599773,19.522349784421518,2.1912043642951486,6.640062577894922,19.522349784421518,5.187779195494526,4.79240347258077,False,
LA-BK,1,2008-04,1,0.0,0.473294023990439,1.8533074055003906,0.08630330995011759,0.5595973339405567,1.8533074055003906,0.4810679811278599,0.5000095012894253,False,
LA-BK,1,2008-05,2,12.0,0.6463410728300799,1.9790222486855704,-0.06913600375822777,0.5772050690718521,1.9790222486855704,10.237115191999761,10.306251195156065,False,
LA-BK,1,2008-06,3,53.0,0.7096110056714757,1.9972994809545028,0.09352186790387428,0.80313287357535,1.9972994809545028,51.16353343194865,51.07001156404478,False,
LA-BL,1,2008-04,1,3.0,10.296096808465538,31.656424755814268,-7.411393872610138,2.8847029358554,31.656424755814268,8.065849617302717,7.39811499005952,False,
LA-BL,1,2008-05,2,15.0,13.528545564122764,37.996204476750165,-4.155051067825608,9.373494496297155,37.996204476750165,8.902252652777577,9.211305624373269,False,
LA-BL,1,2008-06,3,19.0,20.25950459931389,40.50708719474455,-2.0036611823045183,18.25584341700937,40.50708719474455,9.48192507047632,9.471756573997908,False,
LA-CH,1,2008-04,1,69.0,97.98646907627938,63.17242882385317,6.517078232822433,104.5035473091018,63.17242882385317,19.977979688682062,22.520228197927707,False,
LA-CH,1,2008-05,2,113.0,97.9433190208146,77.31302752312375,31.76654827226309,129.70986729307768,77.31302752312375,19.23379434839916,19.50288255524561,False,
LA-CH,1,2008-06,3,295.0,108.29910248010837,83.71027054794273,68.36142280938436,176.66052528949274,83.71027054794273,140.2227085895908,77.06739448583444,False,
LA-HO,1,2008-04,1,0.0,0.29014350504451,0.9590509815578375,-0.2396443742688024,0.050499130775707585,0.9590509815578375,0.2588789544564615,0.22518595880436218,False,
LA-HO,1,2008-05,2,0.0,0.2703392103541706,0.9606989261079935,-0.2026821128761472,0.06765709747802337,0.9606989261079935,0.25466057664797603,0.22641058561160352,False,
LA-HO,1,2008-06,3,0.0,0.2716909900127283,0.9607464409443158,-0.07916189895862091,0.19252909105410737,0.9607464409443158,0.25497047171381426,0.2398622769192035,False,
LA-KH,1,2008-04,1,0.0,-2.0160646936810735,64.83970614058596,2.130388146275768,0.11432345259469434,64.83970614058596,15.177719579340867,15.152794067217446,False,
LA-KH,1,2008-05,2,0.0,-1.6485657315570967,110.65924839557128,19.992011621256967,18.343445889699872,110.65924839557128,25.870308298144028,27.070805769175667,False,
LA-KH,1,2008-06,3,1.0,-1.6439896140204615,139.62586125540102,34.38122387156726,32.737234257546795,139.62586125540102,32.64983581115052,35.49547927304113,False,
LA-LM,1,2008-04,1,0.0,0.16600586883794743,0.7042880118519302,-0.06654816469849871,0.09945770413944872,0.7042880118519302,0.18012683300138324,0.1701824842066239,False,
LA-LM,1,2008-05,2,0.0,0.17257669615790514,0.7050884167233377,-0.08299911186756656,0.08957758429033857,0.7050884167233377,0.18154319568624047,0.1693096222944425,False,
LA-LM,1,2008-06,3,0.0,0.1728367819727678,0.7050995204432439,-0.006668728594172929,0.1661680533785949,0.7050995204432439,0.18159585489355673,0.18032896136655158,False,
LA-LP,1,2008-04,1,33.0,18.877355187647154,38.29165137978832,-0.750689919019599,18.126665268627555,38.29165137978832,11.003292400975605,11.224765084999037,False,
LA-LP,1,2008-05,2,116.0,18.102771419400455,39.92139329047611,7.4915363057847975,25.594307725185253,39.92139329047611,75.55934522900601,68.20658332732549,False,
LA-LP,1,2008-06,3,160.0,17.79040337715438,40.07855954834676,11.880449722711225,29.670853099865603,40.07855954834676,119.60155543875378,107.72947763850875,False,
LA-OU,1,2008-04,1,0.0,4.0827751593962237e-07,0.5633573293146457,-0.011450208629785527,0.0,0.5633573293146457,0.1316537782608032,0.13165377826068514,False,
LA-OU,1,2008-05,2,0.0,-0.010784164695711676,0.5924660086086837,0.090771663066911,0.07998749837119931,0.5924660086086837,0.13853463868172985,0.14275794895421592,False,
LA-OU,1,2008-06,3,0.0,3.1169234951389235e-07,0.7247477635997234,0.11844095587218735,0.11844126756453686,0.7247477635997234,0.16936991213018207,0.17707476241642595,False,
LA-PH,1,2008-04,1,,0.037263806389440456,0.3884530341822674,0.018774932260207156,0.05603873864964761,0.3884530341822674,,,False,
LA-PH,1,2008-05,2,,0.037263806440704525,0.3884530341995679,0.022906764555025896,0.06017057099573042,0.3884530341995679,,,False,
LA-PH,1,2008-06,3,,0.03726380644039279,0.38845303421199473,0.05316523906479273,0.09042904550518552,0.38845303421199473,,,False,
LA-SL,1,2008-04,1,2.0,5.698058027008456,13.025327792893624,-1.307315066967003,4.390742960041454,13.025327792893624,3.4600225896997485,3.2185239673563,False,
LA-SL,1,2008-05,2,105.0,6.025438329304205,14.536195232205829,0.6492640784137874,6.674702407717992,14.536195232205829,90.77339173628887,90.12412765788258,False,
LA-SL,1,2008-06,3,226.0,6.174285523348434,14.921832157101784,2.6214080083655795,8.795693531714013,14.921832157101784,211.40697220616678,208.7855641978012,False,
LA-SV,1,2008-04,1,0.0,6.134848383008844,215.5552457286874,12.405502848034166,18.54035123104301,215.5552457286874,50.44382964353888,51.00997712150365,False,
LA-SV,1,2008-05,2,1.0,21.4969700231047,329.25670049461996,79.33167838208445,100.82864840518914,329.25670049461996,77.45451616271545,88.92894317620959,False,
LA-SV,1,2008-06,3,10.0,53.563041180923975,413.7805186935503,121.94450814405906,175.50754932498302,413.7805186935503,98.52642609385947,122.7623039770255,False,
LA-VT,1,2008-04,1,4.0,18.685443161432634,153.31154803778543,6.767250445311719,25.452693606744354,153.31154803778543,36.38889923863219,37.023752864076265,False,
LA-VT,1,2008-05,2,17.0,19.081639603228,222.5285107848952,67.2887937183527,86.37043332158069,222.5285107848952,52.011563679748825,60.56186840927485,False,
LA-VT,1,2008-06,3,60.0,36.16065182233108,275.30948330428737,77.44381978532186,113.60447160765295,275.30948330428737,65.16145588721096,68.48914907199442,False,
LA-XA,1,2008-04,1,0.0,11.326357840841244,43.83059131038296,-6.386611709903517,4.939746130937727,43.83059131038296,11.404186135412877,10.464850901503224,False,
LA-XA,1,2008-05,2,2.0,15.00037299717875,46.21213428787435,-2.0522280377393525,12.948144959439398,46.21213428787435,12.24903172458428,11.829480192852973,False,
LA-XA,1,2008-06,3,6.0,16.41757865200633,46.4960498562039,5.0827642605039065,21.500342912510238,46.4960498562039,11.793184434475556,12.908479751546176,False,
LA-XE,1,2008-04,1,0.0,0.48528207957358643,1.8955775743908212,-0.14952223039930992,0.3357598491742765,1.8955775743908212,0.49228096084397027,0.46665120166494606,False,
LA-XE,1,2008-05,2,0.0,0.6741022025684368,2.039907403372344,-0.13386961068405134,0.5402325918843854,2.039907403372344,0.5647853019717531,0.5334618483064792,False,
LA-XE,1,2008-06,3,5.0,0.7473829215831951,2.0632135486702015,0.06754536878215218,0.8149282903653473,2.0632135486702015,3.1182681721308145,3.053484347630609,False,
LA-XI,1,2008-04,1,0.0,0.03692613783219577,0.23274649919618887,-0.03555781860453466,0.001368319227661105,0.23274649919618887,0.05672399124064306,0.05439489706344835,False,
LA-XI,1,2008-05,2,0.0,0.036059524538657725,0.2327618221179713,-0.033550936994858525,0.0025085875437991997,0.2327618221179713,0.05661945381396026,0.054406054532517095,False,
LA-XI,1,2008-06,3,1.0,0.03607986293970984,0.23276297513791253,-0.012045386183991126,0.024034476755718716,0.23276297513791253,0.8325994536683179,0.8446444674686648,False,
LA-XN,1,2008-04,1,,1.9264514601027207,4.148958135992652,-0.28560928260877727,1.6408421774939435,4.148958135992652,,,False,
LA-XN,1,2008-05,2,,1.9264514470849434,4.153720599767634,0.16101926078646542,2.0874707078714088,4.153720599767634,,,False,
LA-XN,1,2008-06,3,,1.9264514472811067,4.15847760929299,0.6320814903985156,2.5585329376796224,4.15847760929299,,,False,
LA-AT,2,2008-07,1,6.0,5.459756750625248,18.89178816023257,18.548812598000573,24.00856934862582,18.89178816023257,4.421078918332584,10.788377375997754,False,
LA-AT,2,2008-08,2,11.0,4.6622703190376455,19.245011557062316,4.672419261677352,9.334689580714997,19.245011557062316,5.3226622336022915,4.554915366534974,False,
LA-AT,2,2008-09,3,24.0,4.362871799395936,19.273087013699882,7.377929323465707,11.740801122861644,19.273087013699882,11.861085167631893,7.5141092156235505,False,
LA-BK,2,2008-07,1,2.0,73.11411427880076,4.442028923635535,-7.9390487812449395,65.17506549755582,4.442028923635535,68.60796783026774,60.6689190490228,False,
LA-BK,2,2008-08,2,9.0,83.71338982368334,7.951071300411221,-23.853213901233662,59.860175922449685,7.951071300411221,70.22747821794582,46.37426431690094,False,
LA-BK,2,2008-09,3,33.0,89.19752486576202,11.088468356834797,-33.26540507050439,55.93211979525763,11.088468356834797,49.94152734245643,16.83271216704677,False,
LA-BL,2,2008-07,1,31.0,28.923075892989942,31.2396617549828,29.513261962097506,58.436337855087444,31.2396617549828,7.355618238641794,16.34015763190785,False,
LA-BL,2,2008-08,2,32.0,25.031090212568824,37.49741045338484,12.210519866133708,37.241610078702536,37.49741045338484,9.278174368205173,9.054787760427955,False,
LA-BL,2,2008-09,3,30.0,43.370544165680926,39.97556569344811,12.171057524448747,55.541601690129674,39.97556569344811,11.109718332021792,15.639790038614994,False,
LA-CH,2,2008-07,1,162.0,258.5326244744787,64.67673603395158,29.621958112017982,288.1545825864967,64.67673603395158,63.89855336022997,90.91732315379352,False,
LA-CH,2,2008-08,2,143.0,247.86130040578115,79.1598042128248,-29.373524003081357,218.4877764026998,79.1598042128248,67.0380962343497,45.22413868766711,False,
LA-CH,2,2008-09,3,185.0,203.64402882953058,85.74533454921553,-14.568933546782693,189.0750952827479,85.74533454921553,21.6491695076931,20.115503096588196,False,
LA-HO,2,2008-07,1,0.0,0.2819050976766924,0.9471802129977438,0.7298298139593041,1.0117349116359966,0.9471802129977438,0.2545784736842326,0.6157317718801663,False,
LA-HO,2,2008-08,2,0.0,0.2632929539066991,0.9486993541703217,0.08750644939688104,0.35079940330358017,0.9486993541703217,0.2506720288359057,0.2728732754310019,False,
LA-HO,2,2008-09,3,1.0,0.2645217784244884,0.9487418300524846,0.11872104341768452,0.3832428218421729,0.9487418300524846,0.4384328450619852,0.37626481781666,False,
LA-KH,2,2008-07,1,3.0,2.0063215186499526,63.96591249675495,42.94193921404339,44.94826073269334,63.96591249675495,14.954670534349649,25.54610274178002,False,
LA-KH,2,2008-08,2,0.0,2.4139731049065545,109.1664189646601,41.3487513367698,43.762724441676355,109.1664189646601,25.532938331909257,32.418297292614604,False,
LA-KH,2,2008-09,3,4.0,1.575972750596077,137.74304462729486,52.839508332643014,54.415481083239094,137.74304462729486,32.206875510979195,39.47029607804154,False,
LA-LM,2,2008-07,1,0.0,0.16029748433325536,0.6952413370810272,0.2176584383481242,0.37795592268137956,0.6952413370810272,0.17715386341917053,0.24248411249978544,False,
LA-LM,2,2008-08,2,0.0,0.16752414285522654,0.6962199177710006,0.06704091753267505,0.2345650603879016,0.6962199177710006,0.1787071551314289,0.19393577802471296,False,
LA-LM,2,2008-09,3,0.0,0.1678499408152532,0.6962341839813994,0.10669620695276463,0.27454614776801783,0.6962341839813994,0.1787721726128124,0.20534557655619118,False,
LA-LP,2,2008-07,1,16.0,72.53945420901067,40.184268599961726,77.22097029163768,149.76042450064836,40.184268599961726,36.76970520930381,111.09804820741131,False,
LA-LP,2,2008-08,2,13.0,40.35769683176315,42.87406038926475,42.335567598040576,82.69326442980372,42.87406038926475,16.75668779957168,47.38019498531547,False,
LA-LP,2,2008-09,3,14.0,28.827161169600785,43.27230442891285,55.12095952170637,83.94812069130715,43.27230442891285,12.119744331326242,47.469012254203655,False,
LA-OU,2,2008-07,1,0.0,-0.003845135243670742,0.5557615930597336,0.17735128398408773,0.17350614874041698,0.5557615930597336,0.1298893059685599,0.15131469660993005,False,
LA-OU,2,2008-08,2,0.0,0.002568898716494304,0.5844766095029081,0.13195489985325146,0.13452379856974575,0.5844766095029081,0.13659375235609292,0.1488871175967158,False,
LA-OU,2,2008-09,3,0.0,0.005105984873331131,0.7149754406420245,0.17860959125193168,0.18371557612526282,0.7149754406420245,0.16710071642940086,0.1858158572648316,False,
LA-PH,2,2008-07,1,,0.037263804333739006,0.3884530457643232,0.12722086829565654,0.16448467262939553,0.3884530457643232,,,False,
LA-PH,2,2008-08,2,,0.03726380433373899,0.38845304577675105,0.10587653188046317,0.14314033621420216,0.38845304577675105,,,False,
LA-PH,2,2008-09,3,,0.03726380433373899,0.38845304578917894,0.11664082804794772,0.15390463238168672,0.38845304578917894,,,False,
LA-SL,2,2008-07,1,78.0,248.22334877599627,18.892039224304572,-20.946627296092185,227.2767214799041,18.892039224304572,159.564657033668,138.61802973757582,False,
LA-SL,2,2008-08,2,63.0,243.29510466031275,33.938530951825236,-98.11186694638963,145.18323771392312,33.938530951825236,161.1473396655297,63.20849326950884,False,
LA-SL,2,2008-09,3,85.0,244.52603183755488,42.665844836416404,-109.60241640346142,134.92361543409345,42.665844836416404,135.45628633358405,30.94031858641643,False,
LA-SV,2,2008-07,1,11.0,68.48153230416375,212.66465118739603,222.475964489218,290.9574967933818,212.66465118739603,55.85948211907133,178.67212128867035,False,
LA-SV,2,2008-08,2,4.0,57.324095448401025,324.8812039372836,144.92367029250744,202.24776574090845,324.8812039372836,79.40695207413269,122.74113505153184,False,
LA-SV,2,2008-09,3,2.0,71.75182342727561,408.3002468181691,198.10579415030375,269.8576175775794,408.3002468181691,100.15999618972508,163.11096002312945,False,
LA-VT,2,2008-07,1,132.0,118.13656938690869,151.27480616496433,184.55442349823775,302.69099288514644,151.27480616496433,35.85866428660765,104.96667837960693,False,
LA-VT,2,2008-08,2,144.0,122.37915075288159,219.55824536828024,92.47463854090202,214.85378929378362,219.55824536828024,52.158360828117175,60.353235817935854,False,
LA-VT,2,2008-09,3,158.0,144.61899619116025,271.6274270518166,106.05090657031957,250.66990276147982,271.6274270518166,63.74088683689228,75.96990455646844,False,
LA-XA,2,2008-07,1,19.0,15.197158160638157,43.25967673630774,36.84514599640643,52.04230415704458,43.25967673630774,10.242848799690853,19.715758240263426,False,
LA-XA,2,2008-08,2,7.0,16.515420915422165,45.63149741861225,10.188075946585714,26.70349686200788,45.63149741861225,11.452587651736597,14.006240066859242,False,
LA-XA,2,2008-09,3,1.0,18.43408256951937,45.9158919647441,15.489721291890065,33.92380386140943,45.9158919647441,13.33989653998534,19.764793298446023,False,
LA-XE,2,2008-07,1,0.0,2.363495274936344,1.9169836747593176,1.132837735946102,3.496333010882446,1.9169836747593176,1.4829210249607927,2.4663194197208376,False,
LA-XE,2,2008-08,2,0.0,1.443838621998147,2.058512759019054,-0.5150429254256544,0.9287956965724925,2.058512759019054,0.8692929026284392,0.6454693603715095,False,
LA-XE,2,2008-09,3,1.0,1.1231430416290955,2.0807165322600887,-0.09224065634050654,1.030902385288589,2.0807165322600887,0.4891596354299475,0.486436096283893,False,
LA-XI,2,2008-07,1,0.0,0.043968473417595244,0.24702529578164856,0.1528785684417551,0.19684704185935034,0.24702529578164856,0.060842487298513145,0.11719471076554763,False,
LA-XI,2,2008-08,2,0.0,0.044872099434760726,0.24702337571896596,0.09532796000807668,0.14020005944283742,0.24702337571896596,0.060971017115540496,0.08864716201324227,False,
LA-XI,2,2008-09,3,0.0,0.04487124534160982,0.24702337764739754,0.13538498815032973,0.18025623349193956,0.24702337764739754,0.06097089443016341,0.10799297161255023,False,
LA-XN,2,2008-07,1,,1.926451479338862,4.163229206999236,3.542764090389336,5.469215569728198,4.163229206999236,,,False,
LA-XN,2,2008-08,2,,1.9264514793389067,4.167975364381334,1.3917779416119442,3.3182294209508507,4.167975364381334,,,False,
LA-XN,2,2008-09,3,,1.926451479338906,4.172716123362329,1.612713764503383,3.539165243842289,4.172716123362329,,,False,
LA-AT,3,2008-10,1,47.0,8.877272286016431,18.741736923977555,7.300835952879203,16.178108238895636,18.741736923977555,27.839160566675062,21.03169208153456,False,
LA-AT,3,2008-11,2,43.0,6.234502839654927,19.106670415347576,7.471275831467398,13.705778671122324,19.106670415347576,26.382279462063998,19.552288689769757,False,
LA-AT,3,2008-12,3,23.0,5.778333396601519,19.139585784418088,6.68158187648269,12.45991527308421,19.139585784418088,10.269190593909928,6.731644098169843,False,
LA-BK,3,2008-10,1,48.0,17.18327853284533,5.6990445684545,-4.9304986730907645,12.252779859754565,5.6990445684545,27.601379948898266,32.531878558857166,False,
LA-BK,3,2008-11,2,55.0,17.72378756108573,5.872435374404949,-7.9178057954619865,9.805981765623741,5.872435374404949,33.9630455708109,41.88085136607963,False,
LA-BK,3,2008-12,3,5.0,17.705328093538963,6.076809908613871,-5.6005906092390925,12.104737484299871,6.076809908613871,9.357491319562511,4.402385050293669,False,
LA-BL,3,2008-10,1,5.0,20.89846427492196,30.876141053305368,-7.7094347366968625,13.189029538225096,30.876141053305368,10.411169279371784,8.077022249950247,False,
LA-BL,3,2008-11,2,12.0,17.80157224459062,37.06706689583982,-12.102451172662125,5.699121071928495,37.06706689583982,9.023903700999153,9.088652793130294,False,
LA-BL,3,2008-12,3,1.0,16.78113402563925,39.52025087470302,-5.9765518619353815,10.80458216370387,39.52025087470302,11.716812232779176,10.201132392028505,False,
LA-CH,3,2008-10,1,140.0,147.43051349364714,64.72660119487331,-4.765559543419373,142.66495395022775,64.72660119487331,15.466210683834744,15.17004844868155,False,
LA-CH,3,2008-11,2,102.0,135.50247986093444,78.41303807901858,-33.92057731838648,101.58190254254797,78.41303807901858,23.949943570301887,18.32562250672805,False,
LA-CH,3,2008-12,3,73.0,126.51634066289479,84.34605923646077,-5.790646156140935,120.72569450675385,84.34605923646077,32.82068266250103,30.20608451881576,False,
LA-HO,3,2008-10,1,0.0,0.21694739972018973,0.9378018349525139,-0.16130113763617368,0.055646262084016046,0.9378018349525139,0.23909278167732284,0.22047645054812895,False,
LA-HO,3,2008-11,2,0.0,0.26893040142895247,0.939339186054482,-0.21528935014438744,0.05364105128456503,0.939339186054482,0.2500269450935902,0.22074054864167186,False,
LA-HO,3,2008-12,3,1.0,0.2608322982849577,0.9393809369908932,-0.1621644987765571,0.0986677995084006,0.9393809369908932,0.4402939717629777,0.5403243962225251,False,
LA-KH,3,2008-10,1,1.0,6.7235283121988765,63.12964323857849,2.6539643516486384,9.377492663847516,63.12964323857849,14.959955087689021,15.19594228590751,False,
LA-KH,3,2008-11,2,3.0,6.150217413326915,107.74625179305312,4.9368439718823165,11.087061385209232,107.74625179305312,25.21649945786726,25.421796978248896,False,
LA-KH,3,2008-12,3,4.0,6.208363480162287,135.95337778174112,14.807478314260846,21.01584179442313,135.95337778174112,31.785931923668578,32.620138491175716,False,
LA-LM,3,2008-10,1,0.0,0.1555029917534985,0.6865187865845824,0.045119752825158975,0.20062274457865747,0.6865187865845824,0.17442812233969432,0.18366029012289165,False,
LA-LM,3,2008-11,2,0.0,0.1629944900238987,0.6875950683248884,-0.10113997192424855,0.06185451809965016,0.6875950683248884,0.17603001355518486,0.16290585039156708,False,
LA-LM,3,2008-12,3,0.0,0.16335539977684013,0.6876110538680212,-0.04591429557190054,0.11744110420493958,0.6876110538680212,0.17610109588936482,0.1686740178252307,False,
LA-LP,3,2008-10,1,33.0,18.34223264598026,39.935882296884046,14.90039082360119,33.24262346958145,39.935882296884046,11.455302234472226,9.33340315071364,False,
LA-LP,3,2008-11,2,116.0,19.753297634560468,42.07060690318699,3.908346690562072,23.66164432512254,42.07060690318699,72.83023582082792,69.01982967388757,False,
LA-LP,3,2008-12,3,161.0,19.95664028835607,42.320357911089005,11.29833160706526,31.254971895421328,42.320357911089005,117.17616200450098,105.8939132200934,False,
LA-OU,3,2008-10,1,0.0,0.00038718965338157646,0.548464543329156,0.057626958028299334,0.05801414768168091,0.548464543329156,0.1281735180243496,0.1306192300436035,False,
LA-OU,3,2008-11,2,0.0,0.00014871942227590276,0.5768023220073647,-0.02719167121736045,0.0,0.5768023220073647,0.13479582081963415,0.13479580552220521,False,
LA-OU,3,2008-12,3,0.0,0.00029559331373185617,0.7055866634391611,-0.00592322908427089,0.0,0.7055866634391611,0.164892108666421,0.16489205926392309,False,
LA-PH,3,2008-10,1,,0.0372638108785978,0.38845306003111446,0.01767407333851883,0.05493788421711663,0.38845306003111446,,,False,
LA-PH,3,2008-11,2,,0.0372638108785978,0.38845306004348007,-0.004689147569815255,0.032574663308782545,0.38845306004348007,,,False,
LA-PH,3,2008-12,3,,0.0372638108785978,0.3884530600558457,0.0013466894853110675,0.03861050036390887,0.3884530600558457,,,False,
LA-SL,3,2008-10,1,91.0,66.49754350062896,22.833019674493134,-2.705642730683807,63.79190076994516,22.833019674493134,14.924078076452322,16.932314395434954,False,
LA-SL,3,2008-11,2,21.0,56.674447919453456,26.692457745257272,-27.01670333189063,29.657744587562828,26.692457745257272,22.862729276417998,7.348465571306064,False,
LA-SL,3,2008-12,3,8.0,51.408968572894935,28.192719653384387,-6.222888403742102,45.18608016915283,28.192719653384387,29.01142104553006,23.745202634411136,False,
LA-SV,3,2008-10,1,10.0,-91.33206760686907,209.9464903725708,6.746427444849777,0.0,209.9464903725708,68.20500750145831,49.25342530832837,False,
LA-SV,3,2008-11,2,2.0,-120.43852765790048,320.8450657454486,-3.3201149076830148,0.0,320.8450657454486,93.39713471715125,74.98485396964621,False,
LA-SV,3,2008-12,3,0.0,-124.8062589723537,403.28599210069126,21.27279224430984,0.0,403.28599210069126,109.53292832445074,94.24591075127516,False,
LA-VT,3,2008-10,1,95.0,134.65172861087245,149.2973075785225,-7.841982715051068,126.80974589582138,149.2973075785225,39.06679520499388,37.583673046558054,False,
LA-VT,3,2008-11,2,129.0,96.94525957965112,216.69120649424838,-41.4997947479404,55.44546483171072,216.69120649424838,52.52790900807755,60.50574682351589,False,
LA-VT,3,2008-12,3,91.0,82.55978706105346,268.0809850581541,-7.731433326307404,74.82835373474605,268.0809850581541,62.7551819329885,63.03824352989101,False,
LA-XA,3,2008-10,1,3.0,10.46372084700269,42.721090139411565,-2.1026680658198074,8.361052781182883,42.721090139411565,10.502594805630778,10.251743505372145,False,
LA-XA,3,2008-11,2,2.0,14.27084899047853,45.06601171650959,-8.298432458243301,5.972416532235229,45.06601171650959,11.856464586952589,10.671301872557253,False,
LA-XA,3,2008-12,3,1.0,15.558617340347048,45.34687489328094,-2.983076300011976,12.575541040335072,45.34687489328094,12.446158204903924,11.769791348718368,False,
LA-XE,3,2008-10,1,0.0,0.854753238257536,1.904719771578398,0.39219097245273005,1.2469442107102662,1.904719771578398,0.5956305519657868,0.7596387504477187,False,
LA-XE,3,2008-11,2,0.0,0.828176561313692,2.033687486840419,-0.28890741215782506,0.539269149155867,2.033687486840419,0.6079798441111567,0.5319781662616012,False,
LA-XE,3,2008-12,3,1.0,0.8351228569869107,2.0516676120134263,0.036316513852416146,0.8714393708393269,2.0516676120134263,0.4847475341617149,0.4826771662067573,False,
LA-XI,3,2008-10,1,0.0,0.044084224082659065,0.24381130077448968,-0.03424264052692245,0.009841583555736617,0.24381130077448968,0.060148808169801345,0.057135939157359705,False,
LA-XI,3,2008-11,2,0.0,0.04272447541448644,0.24386353945755243,-0.008703689071201746,0.0340207863432847,0.24386353945755243,0.05996825414947028,0.058880060857596374,False,
LA-XI,3,2008-12,3,0.0,0.0427664159607719,0.2438655545776311,-0.006722543739665128,0.036043872221106776,0.2438655545776311,0.05997453630242295,0.059111605611595425,False,
LA-XN,3,2008-10,1,,1.9264514610390262,4.177451488354175,-0.13362199668284588,1.7928294643561804,4.177451488354175,,,False,
LA-XN,3,2008-11,2,,1.9264514610390262,4.182181505448893,-0.7379829616140681,1.1884684994249581,4.182181505448893,,,False,
LA-XN,3,2008-12,3,,1.9021723887451987,4.186906178968551,-0.07816253370687226,1.8240098550383264,4.186906178968551,,,False,
LA-AT,4,2009-01,1,18.0,12.648449129838081,19.026742868089503,2.8388675653461344,15.487316695184216,19.026742868089503,5.043015454879914,4.578641803505553,False,
LA-AT,4,2009-02,2,46.0,10.535457652145205,19.604445059779206,3.9965448631324403,14.532002515277645,19.604445059779206,24.951086925470477,21.30766609085803,False,
LA-AT,4,2009-03,3,77.0,10.13146299118978,19.677724429629947,3.5418816215131184,13.673344612702898,19.677724429629947,55.770004542105276,52.231502027892724,False,
LA-BK,4,2009-01,1,1.0,21.407852721242254,7.287070923363495,-14.214402281882368,7.193450439359886,7.287070923363495,16.307634696768254,3.685125774404176,False,
LA-BK,4,2009-02,2,0.0,23.77539216138364,7.82159324381208,-12.97954086065243,10.79585130073121,7.82159324381208,19.367722800277797,6.9819912104470925,False,
LA-BK,4,2009-03,3,1.0,24.115146294336398,8.125718702803878,-15.620752658581052,8.494393635755346,8.125718702803878,18.54133672634351,4.476446018912719,False,
LA-BL,4,2009-01,1,2.0,10.59105596541319,30.534727826883152,-5.235608218408082,5.355447747005108,30.534727826883152,8.093794627100978,7.282766130444471,False,
LA-BL,4,2009-02,2,3.0,13.961717439551695,36.665008773442636,-6.434741096057544,7.526976343494151,36.665008773442636,9.866197407705226,8.791130072991686,False,
LA-BL,4,2009-03,3,0.0,14.850701298079876,39.096371019187295,-9.221766345482642,5.628934952597234,39.096371019187295,11.360392801940119,9.459383357256492,False,
LA-CH,4,2009-01,1,31.0,86.87179376516272,63.99477195572338,-24.106818726704713,62.764975038458005,63.99477195572338,33.26765163724625,21.119394807683005,False,
LA-CH,4,2009-02,2,48.0,97.9698328732368,77.50512035136803,-3.614309388771969,94.35552348446483,77.50512035136803,30.537916536206765,28.854967767832814,False,
LA-CH,4,2009-03,3,60.0,103.42632885564089,83.33596061668176,-1.4759537676788104,101.95037508796207,83.33596061668176,28.3041625481012,27.726304339909444,False,
LA-HO,4,2009-01,1,0.0,0.21535734951224805,0.9286823359753524,-0.10637548279122856,0.10898186672101949,0.9286823359753524,0.23686293870207273,0.22212467839060404,False,
LA-HO,4,2009-02,2,0.0,0.27068940275482306,0.9304305316611896,-0.07245758754779302,0.19823181520703004,0.9304305316611896,0.24863449014228048,0.23422244566998754,False,
LA-HO,4,2009-03,3,0.0,0.2668046237184518,0.9304769111720581,-0.056837699944822365,0.20996692377362947,0.9304769111720581,0.24776083881537753,0.23626991326163055,False,
LA-KH,4,2009-01,1,0.0,3.0998479891341164,62.32597399282405,2.409782359724172,5.5096303488582885,62.32597399282405,14.62676100817912,14.759446506122991,False,
LA-KH,4,2009-02,2,0.0,3.263772190678115,106.37287166713016,8.936360894497147,12.200133085175262,106.37287166713016,24.89875288174762,25.416418470171255,False,
LA-KH,4,2009-03,3,6.0,3.2339204061711966,134.2205992948485,14.88278187772141,18.116702283892607,134.2205992948485,31.389420653753433,31.802758692022323,False,
LA-LM,4,2009-01,1,0.0,0.15111339843223948,0.6781136013554335,-0.07141654161989573,0.07969685681234374,0.6781136013554335,0.17185067682856134,0.16220416260179535,False,
LA-LM,4,2009-02,2,0.0,0.15875902808612283,0.6792642604078516,-0.05673376827086547,0.10202525981525735,0.6792642604078516,0.17347657304559774,0.16484263350113224,False,
LA-LM,4,2009-03,3,0.0,0.15914586110960588,0.6792815322633962,-0.04004408276880257,0.11910177834080331,0.6792815322633962,0.17355180826506086,0.16705439745126444,False,
LA-LP,4,2009-01,1,0.0,79.13951689992676,41.56354713794579,-24.480243087937506,54.65927381198925,41.56354713794579,56.599064083075525,34.87444677331537,False,
LA-LP,4,2009-02,2,0.0,49.12341154199642,44.63079494071072,-12.759232646487614,36.3641788955088,44.63079494071072,30.060258381275275,21.637194983437332,False,
LA-LP,4,2009-03,3,0.0,38.11822452199973,45.17351943813309,-6.98710724303667,31.13111727896306,45.17351943813309,22.67829708908792,18.792374944296533,False,
LA-OU,4,2009-01,1,0.0,7.776691748592192e-08,0.5414487416400119,-0.0014236646948310415,0.0,0.5414487416400119,0.1265338513623745,0.12653385136237003,False,
LA-OU,4,2009-02,2,0.0,2.9871193635988536e-08,0.5694209852769313,0.01703064742515343,0.017030677296347066,0.5694209852769313,0.13307082420287497,0.13327401688568105,False,
LA-OU,4,2009-03,3,0.0,5.936960295025522e-08,0.6965537763669596,0.035844104367157965,0.035844163736760914,0.6965537763669596,0.162781118925039,0.16351681171212076,False,
LA-PH,4,2009-01,1,0.0,0.037035851437368615,0.3884386865220543,0.007499834506080223,0.04453568594344884,0.3884386865220543,0.09218384834074103,0.09281100173540983,False,
LA-PH,4,2009-02,2,0.0,0.03703723756358801,0.3884388169855023,0.0157971864273855,0.05283442399097351,0.3884388169855023,0.09218398364875188,0.09363874703563742,False,
LA-PH,4,2009-03,3,0.0,0.037037229134999364,0.38843881620604087,0.03578688845856107,0.07282411759356043,0.38843881620604087,0.09218398282916102,0.09620705831805776,False,
LA-SL,4,2009-01,1,1.0,18.4969523426646,23.14543034390563,-5.817736018184545,12.679216324480054,23.14543034390563,10.448123561703328,7.711431692214835,False,
LA-SL,4,2009-02,2,24.0,24.21726506837914,26.992751499559734,-7.613819948354394,16.603445120024748,26.992751499559734,6.308768102206945,7.111626630340325,False,
LA-SL,4,2009-03,3,25.0,27.329549339535628,28.396665925416148,-9.522977854495975,17.806571485039655,28.396665925416148,6.712356109782781,7.359262301739242,False,
LA-SV,4,2009-01,1,0.0,0.4977305752942491,207.46727067540706,23.562769763676112,24.06050033897036,207.46727067540706,48.48453547660535,49.59600435238942,False,
LA-SV,4,2009-02,2,0.0,0.5079059766198158,317.27911444898604,50.4216891148619,50.929595091481715,317.27911444898604,74.14685980053481,77.40098767520888,False,
LA-SV,4,2009-03,3,0.0,0.5084451142483696,398.8999623012318,89.2132189461064,89.72166406035477,398.8999623012318,93.2211761608747,101.23797843741123,False,
LA-VT,4,2009-01,1,38.0,66.41542565091103,147.61070373872084,-5.965739187836145,60.44968646307489,147.61070373872084,36.671396123985836,35.85537244865129,False,
LA-VT,4,2009-02,2,20.0,60.5065330325019,214.07859640445633,-4.161535074042755,56.344997958459146,214.07859640445633,53.07764718156011,52.48484591559671,False,
LA-VT,4,2009-03,3,19.0,65.27820871086064,264.7697018725521,0.7211949316052444,65.99940364246588,264.7697018725521,65.09412855682841,65.19496800716121,False,
LA-XA,4,2009-01,1,0.0,10.883203313576795,42.195848981892844,-3.1898427674604766,7.693360546116319,42.195848981892844,10.97462553827945,10.419006222434657,False,
LA-XA,4,2009-02,2,0.0,14.147752523686234,44.53253414680373,-2.9308428273770972,11.216909696309138,44.53253414680373,12.185211458126034,11.528251149019983,False,
LA-XA,4,2009-03,3,0.0,15.222469332434105,44.81406547581328,-3.3991869697159633,11.823282362718142,44.81406547581328,12.516055674046576,11.710087525900173,False,
LA-XE,4,2009-01,1,0.0,0.9211974666010098,1.8828822168887105,-0.05530457438458016,0.8658928922164296,1.8828822168887105,0.6163187835980329,0.5961387552023147,False,
LA-XE,4,2009-02,2,2.0,0.8791757924724549,2.0075718338786115,0.0695408503396484,0.9487166428121033,2.0075718338786115,0.7125116275456064,0.6838984079032284,False,
LA-XE,4,2009-03,3,2.0,0.863945172922939,2.0252673746735073,0.06579816229555688,0.929743335218496,2.0252673746735073,0.7210623063387029,0.6938204757729098,False,
LA-XI,4,2009-01,1,0.0,0.042617637918612755,0.24081302236824423,-0.029775592723431814,0.01284204519518094,0.24081302236824423,0.05927787269399075,0.056549940247152854,False,
LA-XI,4,2009-02,2,0.0,0.04256267231807965,0.24081065560583664,-0.02187402535930237,0.020688646958777278,0.24081065560583664,0.05926963270584181,0.05698489026161618,False,
LA-XI,4,2009-03,3,0.0,0.04256274320932068,0.24081065891750564,-0.010482521811775268,0.03208022139754541,0.24081065891750564,0.05926964338438026,0.05797866436781419,False,
LA-XN,4,2009-01,1,,1.925199575498786,4.19148219706414,-0.5277461215772715,1.3974534539215147,4.19148219706414,,,False,
LA-XN,4,2009-02,2,,1.9248525818037858,4.196190661109639,-0.3772830386229198,1.547569543180866,4.196190661109639,,,False,
LA-XN,4,2009-03,3,,1.9248578106091707,4.200891764208985,-0.38674038244880216,1.5381174281603687,4.200891764208985,,,False,
LA-AT,5,2009-04,1,99.0,33.46614649163837,19.731924679249307,-0.07854183358270299,33.387604658055665,19.731924679249307,54.40593998695134,54.484411924656264,False,
LA-AT,5,2009-05,2,0.0,22.92997263777933,20.591060802903005,0.909055601572585,23.839028239351915,20.591060802903005,14.063511526907522,14.739724941075144,False,
LA-AT,5,2009-06,3,24.0,20.222480696266313,20.75254876517731,10.25839388349319,30.4808745797595,20.75254876517731,5.123328034350958,5.650699477969389,False,
LA-BK,5,2009-04,1,3.0,5.135309790582992,7.34850164761349,-2.6891050796157803,2.446204710967212,7.34850164761349,1.963113780785954,1.7339498790603936,False,
LA-BK,5,2009-05,2,74.0,7.0546724872380135,8.303628213881032,-3.6505715245815815,3.404100962656432,8.303628213881032,62.260506968837056,65.91107849341863,False,
LA-BK,5,2009-06,3,216.0,7.913690123583673,8.600343121495827,0.017898706293885527,7.931588829877558,8.600343121495827,203.2340858723318,203.2161871660379,False,
LA-BL,5,2009-04,1,2.0,7.41016712838446,30.171905080990104,-5.42906652831829,1.9811006000661697,30.171905080990104,7.437004833151067,7.051027394486563,False,
LA-BL,5,2009-05,2,0.0,15.807325360283087,36.260069603897826,-5.21495527340691,10.592370086876176,36.260069603897826,11.180219552844836,9.699525655366243,False,
LA-BL,5,2009-06,3,7.0,20.051823867708222,38.68550817817715,5.8511750812953345,25.902998949003557,38.68550817817715,10.780859688427128,12.65388407142245,False,
LA-CH,5,2009-04,1,102.0,70.91043037851901,63.388616929819214,4.0930927565637525,75.00352313508276,63.388616929819214,20.777676311875602,19.332341942670627,False,
LA-CH,5,2009-05,2,66.0,89.35834576878105,76.94402228784098,18.465903540352283,107.82424930913334,76.94402228784098,20.78881588885009,26.834215220146216,False,
LA-CH,5,2009-06,3,124.0,130.78275431348706,82.83652802525562,44.52931901375953,175.3120733272466,82.83652802525562,19.579921413603433,31.648301670450866,False,
LA-HO,5,2009-04,1,0.0,0.2794183221998053,0.9179373055755863,-0.19160442743385567,0.08781389476594961,0.9179373055755863,0.2481895335010274,0.21786616304409556,False,
LA-HO,5,2009-05,2,0.0,0.2597150706835069,0.9196956662816866,-0.1777172388163933,0.0819978318671136,0.9196956662816866,0.24399440819911847,0.2178428856675632,False,
LA-HO,5,2009-06,3,0.0,0.2611044502963331,0.9197411478754594,0.1755291140015921,0.4366335642979252,0.9197411478754594,0.2443133469902313,0.29611498549060905,False,
LA-KH,5,2009-04,1,0.0,7.971621148109566,61.55100550511786,0.9984519025533898,8.970073050662956,61.55100550511786,14.795463717057062,14.904754859495284,False,
LA-KH,5,2009-05,2,6.0,7.612167972843011,105.05056654572614,25.321067491034405,32.933235463877416,105.05056654572614,24.559659908835307,27.28958984946693,False,
LA-KH,5,2009-06,3,80.0,7.683925396138115,132.54920815726123,48.99699761405884,56.680923010196956,132.54920815726123,46.33690279663937,32.60852529149109,False,
LA-LM,5,2009-04,1,1.0,0.14702649126392314,0.6700033742032504,-0.11160041799610979,0.03542607326781336,0.6700033742032504,0.539547283978288,0.631564135748227,False,
LA-LM,5,2009-05,2,0.0,0.15476519557829083,0.6712148945117932,-0.0773067985487604,0.07745839702953043,0.6712148945117932,0.17103304398551009,0.16042163139070784,False,
LA-LM,5,2009-06,3,2.0,0.15517252043485502,0.6712331963217532,0.0864187159232608,0.2415912363581158,0.6712331963217532,1.4673382212734312,1.3815515858427359,False,
LA-LP,5,2009-04,1,0.0,16.172941839875904,41.57925288770908,-5.012917802522301,11.160024037353603,41.57925288770908,12.19533357897345,10.904728219015418,False,
LA-LP,5,2009-05,2,0.0,22.66099606211003,43.98082046173353,1.918345450210636,24.579341512320667,43.98082046173353,14.83577375597393,15.619881623960174,False,
LA-LP,5,2009-06,3,9.0,25.04584967828642,44.29857060793081,6.163000338586941,31.20885001687336,44.29857060793081,12.646036881113877,14.703539733333082,False,
LA-OU,5,2009-04,1,0.0,1.5678292722176384e-11,0.5346939049421854,-0.023503458029153896,0.0,0.5346939049421854,0.1249552799539095,0.1249552799539095,False,
LA-OU,5,2009-05,2,0.0,6.022537408921985e-12,0.5623146507521489,-0.0003431673298145112,0.0,0.5623146507521489,0.13141010951773807,0.13141010951773807,False,
LA-OU,5,2009-06,3,0.0,1.1969205985760598e-11,0.6878558182791426,0.1464534367862543,0.1464534367982235,0.6878558182791426,0.1607484498075387,0.1731414226203271,False,
LA-PH,5,2009-04,1,0.0,0.03626246023326497,0.38307160509256,-0.004120734088484699,0.032141726144780274,0.38307160509256,0.09089033345476899,0.09059717083702507,False,
LA-PH,5,2009-05,2,0.0,0.03605091679014343,0.3830584103475442,0.006378518683403353,0.04242943547354679,0.3830584103475442,0.09087138885840362,0.09139181823813623,False,
LA-PH,5,2009-06,3,0.0,0.036052150866100606,0.3830585249155628,0.12067364926227066,0.15672580012837126,0.3830585249155628,0.09087150776211106,0.11474937612647723,False,
LA-SL,5,2009-04,1,19.0,26.842542275155317,22.92385331542191,-1.1896578934931876,25.65288438166213,22.92385331542191,6.417246026742628,6.122097163091744,False,
LA-SL,5,2009-05,2,122.0,27.420438789099144,26.761771561128008,8.792078573704842,36.212517362803986,26.761771561128008,79.48357976578774,70.69848105250198,False,
LA-SL,5,2009-06,3,42.0,27.470065216601924,28.159433136591325,9.559041464640925,37.02910668124285,28.159433136591325,9.507062788305104,6.929881966398314,False,
LA-SV,5,2009-04,1,0.0,-0.3064215356613521,204.87915025094836,21.303699004189014,20.99727746852766,204.87915025094836,47.87941118934373,48.736973718563206,False,
LA-SV,5,2009-05,2,0.0,-0.0007752776307878295,313.3210514403191,110.04293659826668,110.04216132063588,313.3210514403191,73.22155599065754,88.48338045355439,False,
LA-SV,5,2009-06,3,1.0,2.750390050629197,393.9235832083245,159.68139000603068,162.43178005665987,393.9235832083245,92.06106571285004,118.08694888094236,False,
LA-VT,5,2009-04,1,33.0,11.14809837221609,145.79583486797426,1.2622804616219436,12.410378833838033,145.79583486797426,35.37591614261797,35.22984004738799,False,
LA-VT,5,2009-05,2,54.0,15.562225578206796,211.4742487477437,50.408111501447266,65.97033707965406,211.4742487477437,52.2000274362802,49.690709605950765,False,
LA-VT,5,2009-06,3,104.0,30.26691790774965,261.5558586899332,101.09808316864309,131.36500107639273,261.5558586899332,69.36202138365931,62.26543497107551,False,
LA-XA,5,2009-04,1,0.0,10.250093669697243,41.698441976535456,-6.17641782571575,4.073675843981493,41.698441976535456,10.7448701367206,9.903358368108096,False,
LA-XA,5,2009-05,2,1.0,13.715490149806458,44.032569673442396,-2.489260525724839,11.226229624081618,44.032569673442396,11.744975496537545,11.233428202702461,False,
LA-XA,5,2009-06,3,14.0,14.979993313015424,44.3159761334111,8.161629947591548,23.14162326060697,44.3159761334111,10.365066298795915,11.106073838740365,False,
LA-XE,5,2009-04,1,1.0,1.2800047727397923,1.865688038879508,-0.14217161780374069,1.1378331549360516,1.865688038879508,0.45273546249869107,0.4400624373779674,False,
LA-XE,5,2009-05,2,2.0,1.0197980391672876,1.9890389459985858,0.141729968384509,1.1615280075517966,1.9890389459985858,0.6537283256763646,0.6037848750876521,False,
LA-XE,5,2009-06,3,9.0,0.6145887563609168,2.006468692292676,0.9701956957933403,1.5847844521542571,2.006468692292676,7.253395276131921,6.28329272822717,False,
LA-XI,5,2009-04,1,0.0,0.04155514346081874,0.2378771549110491,-0.036369729747198494,0.005185413713620246,0.2378771549110491,0.058479409417045145,0.05563578908088402,False,
LA-XI,5,2009-05,2,39.0,0.041500146472233726,0.23787482412259914,-0.0322217505854825,0.009278395886751223,0.23787482412259914,38.82429335556955,38.85651510615503,False,
LA-XI,5,2009-06,3,33.0,0.015476964096578588,0.23787482748453256,0.006054393222717342,0.02153135731929593,0.23787482748453256,32.85031653604843,32.84426214282571,False,
LA-XN,5,2009-04,1,,1.9248577221317758,4.2055876447116365,0.14945647904579593,2.0743142011775717,4.2055876447116365,,,False,
LA-XN,5,2009-05,2,,1.9248577233190858,4.210278286163808,0.6766301850992259,2.601487908418312,4.210278286163808,,,False,
LA-XN,5,2009-06,3,,1.9248577233011943,4.214963707624731,1.5399664393630104,3.464824162664205,4.214963707624731,,,False,
LA-AT,6,2009-07,1,64.0,23.49055415798199,20.73171719463202,10.142993294919272,33.63354745290126,20.73171719463202,29.2107314744816,19.986081334845498,False,
LA-AT,6,2009-08,2,21.0,23.107099508907414,21.676272161308784,3.6739462059378436,26.781045714845256,21.676272161308784,5.147285474571318,5.677105282610903,False,
LA-AT,6,2009-09,3,17.0,22.496523438566996,21.868033730238306,2.439009853412138,24.935533291979134,21.868033730238306,5.658724664922295,6.24682847833835,False,
LA-BK,6,2009-07,1,212.0,36.152326426665354,9.989152725784399,-1.4550461536907267,34.69728027297463,9.989152725784399,170.21189765697943,171.66694381067012,False,
LA-BK,6,2009-08,2,110.0,52.220673864877426,11.30176044824396,-3.639570529162381,48.58110333571504,11.30176044824396,51.402991271915866,55.04256125125906,False,
LA-BK,6,2009-09,3,52.0,126.88264441445313,11.768123874214712,-9.327473353698913,117.55517106075422,11.768123874214712,68.24319150707085,58.915718203658734,False,
LA-BL,6,2009-07,1,35.0,17.134651823313227,29.826357424052958,6.903839763976617,24.038491587289844,29.826357424052958,11.11613571729116,8.559550617912551,False,
LA-BL,6,2009-08,2,9.0,21.54968687554024,35.875912881487594,-2.0453898057710407,19.504297069769198,35.875912881487594,10.117727793160297,9.602319700155618,False,
LA-BL,6,2009-09,3,0.0,23.590480709779726,38.29699056610634,-8.60170027380406,14.988780435975666,38.29699056610634,14.570442237810077,11.260726237609026,False,
LA-CH,6,2009-07,1,122.0,105.0735652603224,62.811348176764966,30.612559239860737,135.68612450018313,62.811348176764966,16.487476926772892,15.863699488817787,False,
LA-CH,6,2009-08,2,110.0,105.66370144519648,76.16736363492153,5.535868607356768,111.19957005255324,76.16736363492153,17.898390852490216,17.807467049852505,False,
LA-CH,6,2009-09,3,105.0,116.43379855786468,81.94452300538752,4.369993891951635,120.80379244981631,81.94452300538752,19.78545298498223,20.36221026119441,False,
LA-HO,6,2009-07,1,0.0,0.2722296177863651,0.9077010948925665,0.05894990168376353,0.33117951947012864,0.9077010948925665,0.24445473815850968,0.2598026964362139,False,
LA-HO,6,2009-08,2,0.0,0.2535837186782708,0.9093391327029892,-0.13101406064015975,0.12256965803811104,0.9093391327029892,0.2405381224585889,0.2190890092486522,False,
LA-HO,6,2009-09,3,1.0,0.251692982445689,0.9093802865257691,-0.07745823357674432,0.1742347488689447,0.9093802865257691,0.445194959361937,0.4926824694620427,False,
LA-KH,6,2009-07,1,155.0,106.04867520527274,61.13284616632988,51.60450193142925,157.653177136702,61.13284616632988,29.13895279966303,14.332369447148976,False,
LA-KH,6,2009-08,2,303.0,101.28752499695217,104.40190476342069,11.600917237298324,112.88844223425049,104.40190476342069,144.93277003802578,134.0362219852261,False,
LA-KH,6,2009-09,3,277.0,102.17679279782679,131.74285742763203,-18.670129967702856,83.50666283012393,131.74285742763203,111.81876339429662,127.45488712591172,False,
LA-LM,6,2009-07,1,1.0,0.18873069449967006,0.6863239114869772,0.0898044446477881,0.27853513914745814,0.6863239114869772,0.5039398357533973,0.4378882093977321,False,
LA-LM,6,2009-08,2,0.0,0.18364109367865628,0.6863418096811466,0.018639386736605916,0.2022804804152622,0.6863418096811466,0.1798809238047901,0.1840075593968731,False,
LA-LM,6,2009-09,3,4.0,0.18362679208560295,0.6863418525191621,0.2003197130978659,0.38394650518346884,0.6863418525191621,3.42914628710492,3.228826587676761,False,
LA-LP,6,2009-07,1,30.0,17.242417032437313,41.07677594701868,21.015512851692044,38.257929884129354,41.07677594701868,11.16755548352949,10.25951663807284,False,
LA-LP,6,2009-08,2,32.0,20.135861896657566,43.50903735495139,13.023666981150928,33.1595288778085,43.50903735495139,11.450539049427585,10.180170796787753,False,
LA-LP,6,2009-09,3,313.0,21.126024106566856,43.82063125959814,8.32217738146378,29.448201488030634,43.82063125959814,267.15083219245275,258.82865481144904,False,
LA-OU,6,2009-07,1,0.0,3.1628496209675085e-15,0.5281866991495299,0.09808373699958292,0.09808373699958609,0.5281866991495299,0.12343457864420054,0.13068012431010076,False,
LA-OU,6,2009-08,2,1.0,1.2149827987459523e-15,0.5554700284094312,0.04800210324623384,0.04800210324623506,0.5554700284094312,0.7024578544892318,0.6582478836211487,False,
LA-OU,6,2009-09,3,15.0,2.4145840419913026e-15,0.6794803855734932,0.0650226735566611,0.06502267355666351,0.6794803855734932,14.616644244234422,14.55162157067776,False,
LA-PH,6,2009-07,1,0.0,0.03530879262569237,0.3779084559204473,0.05470123156869636,0.09001002419438872,0.3779084559204473,0.08963045234430914,0.0968278424308393,False,
LA-PH,6,2009-08,2,,0.03511412817976793,0.37789630248727296,0.025288742511610566,0.060402870691378494,0.37789630248727296,,,False,
LA-PH,6,2009-09,3,0.0,0.03511520140413266,0.3778964007977193,0.04147109535431835,0.07658629675845101,0.3778964007977193,0.08961330507100343,0.094483504662461,False,
LA-SL,6,2009-07,1,164.0,38.30293631797796,24.585117265893924,24.30080352580348,62.60373984378144,24.585117265893924,111.82639803803191,87.5257941664466,False,
LA-SL,6,2009-08,2,127.0,38.207745778834145,27.994374339147406,21.890985354376266,60.09873113321041,27.994374339147406,73.00963163044958,51.26419070035201,False,
LA-SL,6,2009-09,3,91.0,39.03701958054436,29.108141992362093,21.28186102445099,60.31888060499535,29.108141992362093,36.40307174843056,18.630001397106025,False,
LA-SV,6,2009-07,1,13.0,1.0361822460233652,202.38751481426056,68.5573550429745,69.59353728899787,202.38751481426056,47.57900436161759,53.569479276549856,False,
LA-SV,6,2009-08,2,34.0,-1.117871797687873,309.5116056220584,64.4587795605677,63.34090776287983,309.5116056220584,73.91921053499459,73.44011258588077,False,
LA-SV,6,2009-09,3,48.0,-1.7299920559817874,389.1348195159383,45.87206181250248,44.14206975652069,389.1348195159383,93.47080932043971,90.95411141242444,False,
LA-VT,6,2009-07,1,302.0,130.486556731197,144.07459620331153,113.13038789549383,243.61694462669084,144.07459620331153,106.71318299529491,42.980798534734255,False,
LA-VT,6,2009-08,2,356.0,134.77769955289847,209.00280076241657,35.64318095601346,170.42088050891192,209.00280076241657,134.42355641791283,110.57974531024013,False,
LA-VT,6,2009-09,3,470.0,139.58842310234496,258.51249864263843,13.494131172212478,153.08255427455745,258.51249864263843,209.216760276746,198.5646548079322,False,
LA-XA,6,2009-07,1,11.0,15.35473965657499,41.20686581948109,19.81065252804774,35.16539218462273,41.20686581948109,9.81326359160694,15.126853694097978,False,
LA-XA,6,2009-08,2,37.0,15.22041276629639,43.525840699777724,5.635832478905498,20.856245245201887,43.525840699777724,14.431001720699125,12.533515103569924,False,
LA-XA,6,2009-09,3,11.0,15.103717584975408,43.808256418284635,2.9648408270496303,18.068558412025038,43.808256418284635,10.391016358166661,10.691789511686986,False,
LA-XE,6,2009-07,1,29.0,3.9768754281018843,1.9793182422974056,0.8203571150333266,4.797232543135211,1.9793182422974056,23.906413837067866,23.086056722034538,False,
LA-XE,6,2009-08,2,27.0,2.079444105473863,2.121500166717258,0.7199685638619192,2.799412669335782,2.121500166717258,23.723627598969433,23.00365903510751,False,
LA-XE,6,2009-09,3,6.0,1.3628042399210725,2.143120314889755,1.4021252569992708,2.7649294969203435,2.143120314889755,3.451278777692407,2.1488609199086706,False,
LA-XI,6,2009-07,1,1.0,32.88966674720794,3.5162378961637826,-5.5224339872741535,27.367232759933785,3.5162378961637826,29.905841952916454,24.383407965642327,False,
LA-XI,6,2009-08,2,10.0,32.888104096852665,4.598386174443481,-10.237711572691534,22.65039252416113,4.598386174443481,20.293743070920627,10.064272064572783,False,
LA-XI,6,2009-09,3,0.0,32.88808164169844,5.466201160107186,-12.766033631128451,20.12204801056999,5.466201160107186,29.804107887128232,17.038380662634097,False,
LA-XN,6,2009-07,1,,1.9248577107961704,4.219643925817411,0.9587829341805777,2.883640644976748,4.219643925817411,,,False,
LA-XN,6,2009-08,2,,1.9248577107961664,4.224318959265479,0.2683580078277431,2.1932157186239096,4.224318959265479,,,False,
LA-XN,6,2009-09,3,,1.9248577107961664,4.228988824592918,-0.055595238432358154,1.8692624723638083,4.228988824592918,,,False,
LA-AT,7,2009-10,1,4.0,22.53130089575577,20.850427389289425,6.486759130800679,29.018060026556448,20.850427389289425,11.04264381291165,15.59455078223046,False,
LA-AT,7,2009-11,2,16.0,24.20081714562291,21.733798622154293,-2.2938478534799045,21.906969292143007,21.733798622154293,6.2991315850946235,5.715643389040578,False,
LA-AT,7,2009-12,3,6.0,25.553085087465345,21.930409239224854,4.782248437033829,30.335333524499173,21.930409239224854,11.653419977381377,14.915086572735095,False,
LA-BK,7,2009-10,1,31.0,59.06451016668727,16.16187566132933,-15.239016396845251,43.82549376984202,16.16187566132933,19.486731160934337,7.636943621346464,False,
LA-BK,7,2009-11,2,5.0,62.80986085324451,29.68937736374885,-40.09924836216007,22.71061249108444,29.68937736374885,41.63961284989392,11.032374805821577,False,
LA-BK,7,2009-12,3,4.0,37.31113096252758,36.9942762625542,6.788790976654014,44.09992193918159,36.9942762625542,19.864108158396593,24.468395443053687,False,
LA-BL,7,2009-10,1,1.0,1.3876487714117962,29.62232276247635,7.62528823511834,9.012937006530137,29.62232276247635,6.924611816216747,7.782071439219816,False,
LA-BL,7,2009-11,2,2.0,10.064230149241801,35.610458426221214,-0.31051745235051137,9.75371269689129,35.610458426221214,9.047435939889139,8.992859088363751,False,
LA-BL,7,2009-12,3,1.0,10.625991284020099,37.99892153202815,1.704482848751962,12.33047413277206,37.99892153202815,9.847801780756516,10.218088344259856,False,
LA-CH,7,2009-10,1,59.0,102.0717290270198,62.09841962541085,10.207671524988099,112.2794005520079,62.09841962541085,25.97460771816936,31.707377311872676,False,
LA-CH,7,2009-11,2,35.0,98.53534193890775,75.30311557485774,-12.114279767089247,86.4210621718185,75.30311557485774,37.800074955715644,31.08610075556592,False,
LA-CH,7,2009-12,3,32.0,95.43607198990658,81.01334525162424,-8.352633202380405,87.08343878752618,81.01334525162424,37.79518861147171,33.323881385419895,False,
LA-HO,7,2009-10,1,1.0,0.20402025007137758,0.899850866911587,0.06066340307995124,0.2646836531513288,0.899850866911587,0.47420836558166085,0.4375031272729736,False,
LA-HO,7,2009-11,2,1.0,0.2595261979099971,0.9015427067358667,0.044416181253242516,0.30394237916323963,0.9015427067358667,0.44054293176370557,0.4150332891305444,False,
LA-HO,7,2009-12,3,1.0,0.2532717432496422,0.9015842746396922,0.1027916852441245,0.3560634284937667,0.9015842746396922,0.4442363919648184,0.3867568971331409,False,
LA-KH,7,2009-10,1,85.0,240.0655766307666,62.0753117917263,-118.0650725189542,122.0005041118124,62.0753117917263,120.29367534857188,23.053616461929884,False,
LA-KH,7,2009-11,2,61.0,246.3618878566721,105.93269878018505,-245.39538944342942,0.9664984132426753,105.93269878018505,129.0240595537886,37.976758565669826,False,
LA-KH,7,2009-12,3,67.0,245.29515741985725,133.83460130165258,-306.2181306502508,0.0,133.83460130165258,114.1625057433092,44.38494510663159,False,
LA-LM,7,2009-10,1,5.0,0.2294832769217221,0.7613429251990482,0.023572155853231032,0.2530554327749531,0.7613429251990482,4.340974975216183,4.317402819372615,False,
LA-LM,7,2009-11,2,6.0,0.21997253754917645,0.7613601225328684,-0.04501053307726908,0.17496200447190738,0.7613601225328684,5.350476011989138,5.395486545066407,False,
LA-LM,7,2009-12,3,4.0,0.21994854769047648,0.7613601599310895,0.020684086230265093,0.24063263392074158,0.7613601599310895,3.3505000789733836,3.3298160080045833,False,
LA-LP,7,2009-10,1,165.0,131.266509546058,47.998049563892586,10.779888674691033,142.046398220749,47.998049563892586,20.3042115278738,15.514449938473927,False,
LA-LP,7,2009-11,2,87.0,68.93696974128883,51.101651610986416,22.024385805435326,90.96135554672416,51.101651610986416,14.4631669335538,12.064645527895081,False,
LA-LP,7,2009-12,3,0.0,47.70674518040604,51.61984102749229,40.18909036756535,87.89583554797139,51.61984102749229,28.500087657926663,60.64785534566869,False,
LA-OU,7,2009-10,1,6.0,10.386386795892328,1.3903956176484975,-3.6702888916399248,6.716097904252403,1.3903956176484975,3.602548734881614,0.4688955129893848,False,
LA-OU,7,2009-11,2,13.0,13.389855979303233,1.6681465928766748,-5.004439778630024,8.385416200673209,1.6681465928766748,0.4260212507700851,3.6762748918877834,False,
LA-OU,7,2009-12,3,18.0,11.434592992005687,2.070699378336594,-6.212098135009782,5.222494856995905,2.070699378336594,5.397995164349229,11.609238123305373,False,
LA-PH,7,2009-10,1,0.0,0.03470864651884638,0.37458030079334176,0.10674663572188352,0.1414552822407299,0.37458030079334176,0.08881965852169993,0.10859882119048722,False,
LA-PH,7,2009-11,2,0.0,0.03451942596354253,0.3745686225145414,0.03222266059123955,0.06674208655478209,0.3745686225145414,0.08880303734813619,0.09226665936902184,False,
LA-PH,7,2009-12,3,0.0,0.03451920966863857,0.3745686028404268,0.04474253207052203,0.07926174173916059,0.3745686028404268,0.08880301693500173,0.09420117354480584,False,
LA-SL,7,2009-10,1,94.0,76.82579581178155,26.66034569558023,5.867907260043268,82.69370307182481,26.66034569558023,10.497512348719042,8.115095562764227,False,
LA-SL,7,2009-11,2,44.0,74.87990750481944,30.84341211943889,-9.044654097535812,65.83525340728363,30.84341211943889,18.606272532130554,13.129605638497202,False,
LA-SL,7,2009-12,3,17.0,72.46728517361484,32.43831563438517,0.9315399723753134,73.39882514599016,32.43831563438517,38.323961437611885,39.17663142358628,False,
LA-SV,7,2009-10,1,16.0,52.38303155902,199.9992431007222,42.39794898375057,94.78098054277056,199.9992431007222,49.37202009954816,58.96130049208043,False,
LA-SV,7,2009-11,2,33.0,50.04089371607333,305.87395208687406,69.85570957570513,119.89660329177846,305.87395208687406,71.85985804945693,81.26406816048687,False,
LA-SV,7,2009-12,3,4.0,49.435096057151114,384.5690347848663,124.65348375626228,174.0885798134134,384.5690347848663,92.01086716154781,119.40342127396598,False,
LA-VT,7,2009-10,1,527.0,454.8143895911099,143.52451401612842,-79.30429816069795,375.51009143041193,143.52451401612842,47.727082764579876,92.0079833719368,False,
LA-VT,7,2009-11,2,521.0,467.3544406338932,208.90375341569944,-211.83923916307478,255.51520147081843,208.90375341569944,54.285560435591634,167.85525763985996,False,
LA-VT,7,2009-12,3,366.0,454.3577649550559,258.84032155317107,-288.6140627478407,165.74370220721522,258.84032155317107,72.4070094918215,119.39059688645995,False,
LA-XA,7,2009-10,1,5.0,13.91618378839639,40.779618406365046,3.2136603359181675,17.12984412431456,40.779618406365046,10.304631482719282,10.958858837987274,False,
LA-XA,7,2009-11,2,5.0,14.822220776000654,43.05018361142741,5.062620669165546,19.8848414451662,43.05018361142741,10.95078830014635,12.09356276005513,False,
LA-XA,7,2009-12,3,0.0,15.098340805371814,43.32360273965809,9.243330323001441,24.341671128373257,43.32360273965809,12.202670174783687,15.441529989033713,False,
LA-XE,7,2009-10,1,7.0,4.647884635371595,3.141163817291275,2.265793616054491,6.913678251426086,3.141163817291275,1.405641469334298,0.7350205150453246,False,
LA-XE,7,2009-11,2,3.0,3.687002905074008,3.7299649769027456,1.2970412234161237,4.984044128490131,3.7299649769027456,0.922012216729678,1.2830460503813161,False,
LA-XE,7,2009-12,3,7.0,2.9011033785459173,3.95172985297546,2.6995880616994494,5.600691440245367,3.95172985297546,2.4824644012188926,1.119133662577089,False,
LA-XI,7,2009-10,1,0.0,1.474597341904036,3.9960855487264357,3.304944852147079,4.779542194051115,3.9960855487264357,1.148516139174231,2.977011929937227,False,
LA-XI,7,2009-11,2,0.0,2.10652188103494,4.4093142868904405,2.822037492548008,4.928559373582948,4.4093142868904405,1.4244556732651796,3.0250521874568537,False,
LA-XI,7,2009-12,3,0.0,2.377327077686239,4.510467050032298,3.3172669911779136,5.694594068864152,4.510467050032298,1.5426956258323166,3.5943643974142523,False,
LA-XN,7,2009-10,1,,1.9248577124658355,4.2336535280630265,1.4804143635168416,3.405272075982677,4.2336535280630265,,,False,
LA-XN,7,2009-11,2,,1.9248577124658355,4.238313108363666,0.7503092692361225,2.675166981701958,4.238313108363666,,,False,
LA-XN,7,2009-12,3,,1.927072130100869,4.2429675715675765,0.9045453639986387,2.8316174940995076,4.2429675715675765,,,False,
