province,split,month,actual,stage1_mean,stage1_se,stage2_correction,stage2_abstained,final_mean,final_se,crps,fit_failed,error
LA-AT,0,2008-01,4.0,4.103908898730386,19.410750502675594,-2.622032557552039,False,1.4818763411783467,19.410750502675594,4.66633566521447,False,
LA-AT,0,2008-02,2.0,4.80212191253651,19.7734184426588,-3.070260786640155,False,1.731861125896355,19.7734184426588,4.6223991516478655,False,
LA-AT,0,2008-03,0.0,4.920911443366263,19.80435544110605,-2.008607861486013,False,2.9123035818802503,19.80435544110605,4.79872418362545,False,
LA-AT,1,2008-04,0.0,3.669853073058782,19.13792957457747,1.0366659099815934,False,4.706518983040375,19.13792957457747,4.931883099795676,False,
LA-AT,1,2008-05,4.0,4.339198631912654,19.494041883477173,-1.8045705108058954,False,2.534628121106759,19.494041883477173,4.599583427862603,False,
LA-AT,1,2008-06,10.0,4.448858213599773,19.522349784421518,3.446084076517316,False,7.894942290117089,19.522349784421518,4.652741108526931,False,
LA-AT,2,2008-07,6.0,5.459756750625248,18.89178816023257,1.3678567713476752,False,6.827613521972923,18.89178816023257,4.429377816221399,False,
LA-AT,2,2008-08,11.0,4.6622703190376455,19.245011557062316,-0.9899367918723243,False,3.6723335271653212,19.245011557062316,5.597279684439853,False,
LA-AT,2,2008-09,24.0,4.362871799395936,19.273087013699882,7.003171505919418,False,11.366043305315355,19.273087013699882,7.6945870093265345,False,
LA-AT,3,2008-10,47.0,8.877272286016431,18.741736923977555,5.785801286689761,False,14.663073572706192,18.741736923977555,22.407220252406567,False,
LA-AT,3,2008-11,43.0,6.234502839654927,19.106670415347576,0.989089048747843,False,7.22359188840277,19.106670415347576,25.450240318859787,False,
LA-AT,3,2008-12,23.0,5.778333396601519,19.139585784418088,2.451001951836197,False,8.229335348437715,19.139585784418088,8.807435562063054,False,
LA-AT,4,2009-01,18.0,12.648449129838081,19.026742868089503,-3.043715195440086,False,9.604733934397995,19.026742868089503,5.900733418863309,False,
LA-AT,4,2009-02,46.0,10.535457652145205,19.604445059779206,-6.5991631798242025,False,3.936294472321002,19.604445059779206,31.226480722077895,False,
LA-AT,4,2009-03,77.0,10.13146299118978,19.677724429629947,-4.023802097074984,False,6.107660894114796,19.677724429629947,59.79189455516234,False,
LA-AT,5,2009-04,99.0,33.46614649163837,19.731924679249307,1.2189955283262677,False,34.68514201996464,19.731924679249307,53.18816661754986,False,
LA-AT,5,2009-05,0.0,22.92997263777933,20.591060802903005,-2.67473707642759,False,20.25523556135174,20.591060802903005,12.176974755692488,False,
LA-AT,5,2009-06,24.0,20.222480696266313,20.75254876517731,2.6997922604285236,False,22.922272956694837,20.75254876517731,4.872089721816853,False,
LA-AT,6,2009-07,64.0,23.49055415798199,20.73171719463202,6.371853143163499,False,29.86240730114549,20.73171719463202,23.303579182947885,False,
LA-AT,6,2009-08,21.0,23.107099508907414,21.676272161308784,4.884824751192909,False,27.991924260100323,21.676272161308784,5.957659020481219,False,
LA-AT,6,2009-09,17.0,22.496523438566996,21.868033730238306,4.761734481178749,False,27.258257919745745,21.868033730238306,6.995767936683577,False,
LA-AT,7,2009-10,4.0,22.53130089575577,20.850427389289425,6.393639383170811,False,28.92494027892658,20.850427389289425,15.522946720600158,False,
LA-AT,7,2009-11,16.0,24.20081714562291,21.733798622154293,4.8832942450051,False,29.08411139062801,21.733798622154293,8.129914188838985,False,
LA-AT,7,2009-12,6.0,25.553085087465345,21.930409239224854,2.5071981849089937,False,28.06028327237434,21.930409239224854,13.300634891920183,False,
LA-BK,0,2008-01,1.0,0.48063019598686724,1.8765424473141747,-0.5080089011274455,False,-0.02737870514057822,1.8765424473141747,0.6574919539576407,False,
LA-BK,0,2008-02,0.0,0.6566622021558151,2.0044092923989947,-0.36327306444614954,False,0.2933891377096655,2.0044092923989947,0.48552200592804756,False,
LA-BK,0,2008-03,0.0,0.7211343627786801,2.023108843930076,-0.04406361452827866,False,0.6770707482504015,2.023108843930076,0.562354014641483,False,
LA-BK,1,2008-04,0.0,0.473294023990439,1.8533074055003906,0.023104443734685398,False,0.4963984677251244,1.8533074055003906,0.4858362207386409,False,
LA-BK,1,2008-05,12.0,0.6463410728300799,1.9790222486855704,0.06304298329846436,False,0.7093840561285443,1.9790222486855704,10.174072209369564,False,
LA-BK,1,2008-06,53.0,0.7096110056714757,1.9972994809545028,0.48730473484258885,False,1.1969157405140645,1.9972994809545028,50.67622869710606,False,
LA-BK,2,2008-07,2.0,73.11411427880076,4.442028923635535,1.5171825840403104,False,74.63129686284107,4.442028923635535,70.12515041430805,False,
LA-BK,2,2008-08,9.0,83.71338982368334,7.951071300411221,0.5869447761535289,False,84.30033459983687,7.951071300411221,70.81442299409935,False,
LA-BK,2,2008-09,33.0,89.19752486576202,11.088468356834797,-1.2753106943348458,False,87.92221417142717,11.088468356834797,48.66621735008355,False,
LA-BK,3,2008-10,48.0,17.18327853284533,5.6990445684545,0.8522005572988876,False,18.035479090144214,5.6990445684545,26.749179476389145,False,
LA-BK,3,2008-11,55.0,17.72378756108573,5.872435374404949,-0.3951539235941661,False,17.328633637491563,5.872435374404949,34.35819949433513,False,
LA-BK,3,2008-12,5.0,17.705328093538963,6.076809908613871,-1.009946008068876,False,16.695382085470087,6.076809908613871,8.392914046892454,False,
LA-BK,4,2009-01,1.0,21.407852721242254,7.287070923363495,-1.4305839084028804,False,19.977268812839373,7.287070923363495,14.887027958826943,False,
LA-BK,4,2009-02,0.0,23.77539216138364,7.82159324381208,-2.232389346141244,False,21.543002815242396,7.82159324381208,17.144008887923764,False,
LA-BK,4,2009-03,1.0,24.115146294336398,8.125718702803878,-0.6750434204258235,False,23.440102873910575,8.125718702803878,17.86971796008074,False,
LA-BK,5,2009-04,3.0,5.135309790582992,7.34850164761349,0.43128925114681493,False,5.566599041729807,7.34850164761349,2.0713408434721052,False,
LA-BK,5,2009-05,74.0,7.0546724872380135,8.303628213881032,-3.7727885824649503,False,3.2818839047730632,8.303628213881032,66.03329555130199,False,
LA-BK,5,2009-06,216.0,7.913690123583673,8.600343121495827,-13.151902033099727,False,-5.238211909516054,8.600343121495827,216.38598790543153,False,
LA-BK,6,2009-07,212.0,36.152326426665354,9.989152725784399,2.918746517892746,False,39.0710729445581,9.989152725784399,167.29315113908666,False,
LA-BK,6,2009-08,110.0,52.220673864877426,11.30176044824396,0.4687605214800854,False,52.68943438635751,11.30176044824396,50.934230917121695,False,
LA-BK,6,2009-09,52.0,126.88264441445313,11.768123874214712,-1.6537138027277045,False,125.22893061172542,11.768123874214712,66.58947770487572,False,
LA-BK,7,2009-10,31.0,59.06451016668727,16.16187566132933,-2.5332600817067785,False,56.53125008498049,16.16187566132933,17.20082207504626,False,
LA-BK,7,2009-11,5.0,62.80986085324451,29.68937736374885,-2.358177820008841,False,60.45168303323567,29.68937736374885,39.41473863471763,False,
LA-BK,7,2009-12,4.0,37.31113096252758,36.9942762625542,-1.437722321703351,False,35.87340864082422,36.9942762625542,18.970338381817804,False,
LA-BL,0,2008-01,10.0,4.52523927927731,32.065831760355195,-0.582472439018062,False,3.9427668402592477,32.065831760355195,7.948745378806327,False,
LA-BL,0,2008-02,7.0,10.184473297785225,38.4783743655274,0.2820422565873315,False,10.466515554372556,38.4783743655274,9.116707612264376,False,
LA-BL,0,2008-03,1.0,17.08526817597907,41.01550710425417,-7.775748519154902,False,9.309519656824168,41.01550710425417,10.254435093175504,False,
LA-BL,1,2008-04,3.0,10.296096808465538,31.656424755814268,-4.5842539247512235,False,5.711842883714315,31.656424755814268,7.490568955872672,False,
LA-BL,1,2008-05,15.0,13.528545564122764,37.996204476750165,6.838063272792297,False,20.366608836915063,37.996204476750165,9.181412049818913,False,
LA-BL,1,2008-06,19.0,20.25950459931389,40.50708719474455,9.841666099229585,False,30.101170698543473,40.50708719474455,10.672477741701043,False,
LA-BL,2,2008-07,31.0,28.923075892989942,31.2396617549828,-1.3391075725059949,False,27.583968320483947,31.2396617549828,7.449424747280689,False,
LA-BL,2,2008-08,32.0,25.031090212568824,37.49741045338484,22.939731333695022,False,47.97082154626385,37.49741045338484,11.43637434370598,False,
LA-BL,2,2008-09,30.0,43.370544165680926,39.97556569344811,-7.582098116459761,False,35.788446049221164,39.97556569344811,9.67588522913202,False,
LA-BL,3,2008-10,5.0,20.89846427492196,30.876141053305368,13.898009169899183,False,34.796473444821146,30.876141053305368,17.87322830930342,False,
LA-BL,3,2008-11,12.0,17.80157224459062,37.06706689583982,-6.622181934338315,False,11.179390310252305,37.06706689583982,8.66963467431292,False,
LA-BL,3,2008-12,1.0,16.78113402563925,39.52025087470302,-12.635276842628926,False,4.145857183010325,39.52025087470302,9.335532076991521,False,
LA-BL,4,2009-01,2.0,10.59105596541319,30.534727826883152,-3.8262532889884255,False,6.764802676424765,30.534727826883152,7.431835787935377,False,
LA-BL,4,2009-02,3.0,13.961717439551695,36.665008773442636,2.7574624067487576,False,16.719179846300452,36.665008773442636,10.592792411727833,False,
LA-BL,4,2009-03,0.0,14.850701298079876,39.096371019187295,-0.5284704677865335,False,14.322230830293343,39.096371019187295,11.206652052651743,False,
LA-BL,5,2009-04,2.0,7.41016712838446,30.171905080990104,-8.498085956036988,False,-1.087918827652528,30.171905080990104,7.1769906724378405,False,
LA-BL,5,2009-05,0.0,15.807325360283087,36.260069603897826,11.107244329512696,False,26.914569689795783,36.260069603897826,16.097043897516517,False,
LA-BL,5,2009-06,7.0,20.051823867708222,38.68550817817715,26.84771250346114,False,46.89953637116936,38.68550817817715,24.143676683638915,False,
LA-BL,6,2009-07,35.0,17.134651823313227,29.826357424052958,23.42854643797652,False,40.56319826128975,29.826357424052958,7.383034476847859,False,
LA-BL,6,2009-08,9.0,21.54968687554024,35.875912881487594,10.097901522260884,False,31.647588397801123,35.875912881487594,13.905522177663395,False,
LA-BL,6,2009-09,0.0,23.590480709779726,38.29699056610634,3.1802827504803304,False,26.770763460260056,38.29699056610634,16.125680026298863,False,
LA-BL,7,2009-10,1.0,1.3876487714117962,29.62232276247635,-13.051501941829798,False,-11.663853170418001,29.62232276247635,9.050129716740017,False,
LA-BL,7,2009-11,2.0,10.064230149241801,35.610458426221214,-11.659745074885976,False,-1.5955149256441743,35.610458426221214,8.466691079174218,False,
LA-BL,7,2009-12,1.0,10.625991284020099,37.99892153202815,-6.388484506293409,False,4.23750677772669,37.99892153202815,8.990133013475614,False,
LA-CH,0,2008-01,73.0,46.73807088172603,63.99224745934991,-7.670697708101962,False,39.06737317362407,63.99224745934991,21.969318424772283,False,
LA-CH,0,2008-02,90.0,63.30020081407488,78.41293171869822,-1.401672651324958,False,61.89852816274992,78.41293171869822,22.29998075137044,False,
LA-CH,0,2008-03,92.0,72.93081324990386,84.96319096100622,15.59518972377737,False,88.52600297368123,84.96319096100622,19.912131118120488,False,
LA-CH,1,2008-04,69.0,97.98646907627938,63.17242882385317,6.351693745795987,False,104.33816282207536,63.17242882385317,22.449940018390595,False,
LA-CH,1,2008-05,113.0,97.9433190208146,77.31302752312375,37.32373333980431,False,135.26705236061892,77.31302752312375,20.608610985554115,False,
LA-CH,1,2008-06,295.0,108.29910248010837,83.71027054794273,10.103261199639693,False,118.40236367974806,83.71027054794273,130.4236412898195,False,
LA-CH,2,2008-07,162.0,258.5326244744787,64.67673603395158,33.100767702265635,False,291.63339217674434,64.67673603395158,94.22908205461653,False,
LA-CH,2,2008-08,143.0,247.86130040578115,79.1598042128248,53.35614342023637,False,301.21744382601753,79.1598042128248,114.90520720836109,False,
LA-CH,2,2008-09,185.0,203.64402882953058,85.74533454921553,5.183902291800814,False,208.8279311213314,85.74533454921553,22.663016155631382,False,
LA-CH,3,2008-10,140.0,147.43051349364714,64.72660119487331,12.361809783139933,False,159.79232327678707,64.72660119487331,17.52210708538852,False,
LA-CH,3,2008-11,102.0,135.50247986093444,78.41303807901858,-0.210615885063703,False,135.29186397587074,78.41303807901858,23.88047633655272,False,
LA-CH,3,2008-12,73.0,126.51634066289479,84.34605923646077,-14.770437806011547,False,111.74590285688325,84.34605923646077,26.68960162612426,False,
LA-CH,4,2009-01,31.0,86.87179376516272,63.99477195572338,-11.078461719299671,False,75.79333204586305,63.99477195572338,26.976670433140022,False,
LA-CH,4,2009-02,48.0,97.9698328732368,77.50512035136803,0.2336109518920626,False,98.20344382512886,77.50512035136803,30.650487496465054,False,
LA-CH,4,2009-03,60.0,103.42632885564089,83.33596061668176,9.170469893209606,False,112.59679874885049,83.33596061668176,32.295792491704205,False,
LA-CH,5,2009-04,102.0,70.91043037851901,63.388616929819214,13.830603581299734,False,84.74103395981874,63.388616929819214,16.676790612244968,False,
LA-CH,5,2009-05,66.0,89.35834576878105,76.94402228784098,51.77233873502981,False,141.13068450381087,76.94402228784098,45.12673641618911,False,
LA-CH,5,2009-06,124.0,130.78275431348706,82.83652802525562,13.205542332252804,False,143.98829664573987,82.83652802525562,21.273352149908053,False,
LA-CH,6,2009-07,122.0,105.0735652603224,62.811348176764966,20.936073345607355,False,126.00963860592975,62.811348176764966,14.7807752448507,False,
LA-CH,6,2009-08,110.0,105.66370144519648,76.16736363492153,18.83823709165936,False,124.50193853685585,76.16736363492153,18.898136993354985,False,
LA-CH,6,2009-09,105.0,116.43379855786468,81.94452300538752,15.7224632593338,False,132.15626181719847,81.94452300538752,22.70781699295583,False,
LA-CH,7,2009-10,59.0,102.0717290270198,62.09841962541085,1.2386100475796837,False,103.31033907459948,62.09841962541085,26.616575142786438,False,
LA-CH,7,2009-11,35.0,98.53534193890775,75.30311557485774,-13.220107350976086,False,85.31523458793166,75.30311557485774,30.5324731163297,False,
LA-CH,7,2009-12,32.0,95.43607198990658,81.01334525162424,-18.044061650459135,False,77.39201033944744,81.01334525162424,28.821479210235744,False,
LA-HO,0,2008-01,0.0,0.22977145642942476,0.9715574422454025,0.10759823026216342,False,0.3373696866915882,0.9715574422454025,0.2733203078925903,False,
LA-HO,0,2008-02,0.0,0.2819942462421852,0.9731845766686849,-0.03916542381667032,False,0.2428288224255149,0.9731845766686849,0.2514758625359535,False,
LA-HO,0,2008-03,0.0,0.27845345331962607,0.9732329777448774,-0.12203698355008896,False,0.1564164697695371,0.9732329777448774,0.23744713977984216,False,
LA-HO,1,2008-04,0.0,0.29014350504451,0.9590509815578375,0.16054572221666064,False,0.4506892272611706,0.9590509815578375,0.3070975229414056,False,
LA-HO,1,2008-05,0.0,0.2703392103541706,0.9606989261079935,0.42514141336733413,False,0.6954806237215048,0.9606989261079935,0.41703711736950805,False,
LA-HO,1,2008-06,0.0,0.2716909900127283,0.9607464409443158,0.36632417564650055,False,0.6380151656592288,0.9607464409443158,0.38760301389563656,False,
LA-HO,2,2008-07,0.0,0.2819050976766924,0.9471802129977438,0.43939826401239923,False,0.7213033616890916,0.9471802129977438,0.4304806339711573,False,
LA-HO,2,2008-08,0.0,0.2632929539066991,0.9486993541703217,0.3450426441144705,False,0.6083355980211695,0.9486993541703217,0.3722063112894998,False,
LA-HO,2,2008-09,1.0,0.2645217784244884,0.9487418300524846,0.29383476815565235,False,0.5583565465801408,0.9487418300524846,0.30228395311416595,False,
LA-HO,3,2008-10,0.0,0.21694739972018973,0.9378018349525139,0.14415787193864027,False,0.36110527165883,0.9378018349525139,0.27395531124863876,False,
LA-HO,3,2008-11,0.0,0.26893040142895247,0.939339186054482,0.3599255550179432,False,0.6288559564468956,0.939339186054482,0.38147010937266473,False,
LA-HO,3,2008-12,1.0,0.2608322982849577,0.9393809369908932,-0.3838968771229547,False,-0.12306457883799704,0.9393809369908932,0.6994472943622099,False,
LA-HO,4,2009-01,0.0,0.21535734951224805,0.9286823359753524,-0.0780012927127709,False,0.13735605679947716,0.9286823359753524,0.22511838417362315,False,
LA-HO,4,2009-02,0.0,0.27068940275482306,0.9304305316611896,0.11799999236482295,False,0.388689395119646,0.9304305316611896,0.2812896409808294,False,
LA-HO,4,2009-03,0.0,0.2668046237184518,0.9304769111720581,-0.1781270686488563,False,0.08867755506959552,0.9304769111720581,0.2208167987017555,False,
LA-HO,5,2009-04,0.0,0.2794183221998053,0.9179373055755863,-0.19484675504151294,False,0.08457156715829234,0.9179373055755863,0.21762360452124788,False,
LA-HO,5,2009-05,0.0,0.2597150706835069,0.9196956662816866,0.1936831133988841,False,0.453398184082391,0.9196956662816866,0.3023366026498049,False,
LA-HO,5,2009-06,0.0,0.2611044502963331,0.9197411478754594,0.2664442622386023,False,0.5275487125349354,0.9197411478754594,0.3324523235631324,False,
LA-HO,6,2009-07,0.0,0.2722296177863651,0.9077010948925665,0.35060968586340424,False,0.6228393036497694,0.9077010948925665,0.3762356987496726,False,
LA-HO,6,2009-08,0.0,0.2535837186782708,0.9093391327029892,0.3404604157664135,False,0.5940441344446843,0.9093391327029892,0.3620464778112325,False,
LA-HO,6,2009-09,1.0,0.251692982445689,0.9093802865257691,0.12784156899263444,False,0.37953455143832343,0.9093802865257691,0.3751469139751183,False,
LA-HO,7,2009-10,1.0,0.20402025007137758,0.899850866911587,-0.10774075023558627,False,0.09627949983579132,0.899850866911587,0.5447531566517136,False,
LA-HO,7,2009-11,1.0,0.2595261979099971,0.9015427067358667,0.02802897477102162,False,0.2875551726810187,0.9015427067358667,0.42429675842325465,False,
LA-HO,7,2009-12,1.0,0.2532717432496422,0.9015842746396922,-0.09679526165252517,False,0.15647648159711702,0.9015842746396922,0.5044383353471829,False,
LA-KH,0,2008-01,0.0,11.415042490769233,65.73653641897177,15.446709032229364,False,26.861751522998595,65.73653641897177,19.681338121032134,False,
LA-KH,0,2008-02,0.0,9.297809215219308,112.23066276083395,11.508337776673216,False,20.806146991892525,112.23066276083395,27.762148985841687,False,
LA-KH,0,2008-03,0.0,9.69050830037127,141.56548222396952,-10.443745142805028,False,-0.7532368424337577,141.56548222396952,33.08474102441442,False,
LA-KH,1,2008-04,0.0,-2.0160646936810735,64.83970614058596,22.31621299460744,False,20.300148300926367,64.83970614058596,17.66772621393961,False,
LA-KH,1,2008-05,0.0,-1.6485657315570967,110.65924839557128,26.16454177515982,False,24.515976043602723,110.65924839557128,28.018500696971213,False,
LA-KH,1,2008-06,1.0,-1.6439896140204615,139.62586125540102,9.32276144230616,False,7.678771828285698,139.62586125540102,32.75728746335133,False,
LA-KH,2,2008-07,3.0,2.0063215186499526,63.96591249675495,-5.5726115222209955,False,-3.566290003571043,63.96591249675495,15.217183254765626,False,
LA-KH,2,2008-08,0.0,2.4139731049065545,109.1664189646601,33.650885756305456,False,36.06485886121201,109.1664189646601,30.222116813811745,False,
LA-KH,2,2008-09,4.0,1.575972750596077,137.74304462729486,-21.563783328347768,False,-19.98781057775169,137.74304462729486,33.852220994152994,False,
LA-KH,3,2008-10,1.0,6.7235283121988765,63.12964323857849,31.725205991534267,False,38.44873430373315,63.12964323857849,23.36445649346848,False,
LA-KH,3,2008-11,3.0,6.150217413326915,107.74625179305312,14.512576745147896,False,20.66279415847481,107.74625179305312,26.332296968221694,False,
LA-KH,3,2008-12,4.0,6.208363480162287,135.95337778174112,-38.31364178066343,False,-32.10527830050114,135.95337778174112,35.57456114314067,False,
LA-KH,4,2009-01,0.0,3.0998479891341164,62.32597399282405,5.4752680576481225,False,8.575116046782238,62.32597399282405,15.035200864963816,False,
LA-KH,4,2009-02,0.0,3.263772190678115,106.37287166713016,31.167075764139327,False,34.430847954817445,106.37287166713016,29.266444118188403,False,
LA-KH,4,2009-03,6.0,3.2339204061711966,134.2205992948485,13.66721177711554,False,16.901132183286737,134.2205992948485,31.719696773522,False,
LA-KH,5,2009-04,0.0,7.971621148109566,61.55100550511786,-13.394595878834593,False,-5.422974730725027,61.55100550511786,14.57464955269827,False,
LA-KH,5,2009-05,6.0,7.612167972843011,105.05056654572614,28.60665227856731,False,36.21882025141032,105.05056654572614,27.993973553385118,False,
LA-KH,5,2009-06,80.0,7.683925396138115,132.54920815726123,27.497159745959834,False,35.18108514209795,132.54920815726123,36.96495884471513,False,
LA-KH,6,2009-07,155.0,106.04867520527274,61.13284616632988,20.30385688635147,False,126.35253209162421,61.13284616632988,19.54614191428674,False,
LA-KH,6,2009-08,303.0,101.28752499695217,104.40190476342069,-6.737848401280246,False,94.54967659567193,104.40190476342069,151.33689576269708,False,
LA-KH,6,2009-09,277.0,102.17679279782679,131.74285742763203,-23.029184563508124,False,79.14760823431867,131.74285742763203,131.2146067484462,False,
LA-KH,7,2009-10,85.0,240.0655766307666,62.0753117917263,-53.308821106761684,False,186.75675552400492,62.0753117917263,69.36339161201411,False,
LA-KH,7,2009-11,61.0,246.3618878566721,105.93269878018505,-27.233681808005315,False,219.12820604866678,105.93269878018505,104.67490109823429,False,
LA-KH,7,2009-12,67.0,245.29515741985725,133.83460130165258,-4.6048522728698345,False,240.6903051469874,133.83460130165258,110.42581144001575,False,
LA-LM,0,2008-01,0.0,0.18600980006598797,0.7133236539002743,-0.05065003536759405,False,0.13535976469839392,0.7133236539002743,0.17691665557072697,False,
LA-LM,0,2008-02,0.0,0.1865466001665297,0.7133455148264882,-0.16041994050665864,False,0.02612665965987107,0.7133455148264882,0.16708697019285865,False,
LA-LM,0,2008-03,0.0,0.18654814930183247,0.7133455695394665,-0.1692835368108574,False,0.01726461249097508,0.7133455695394665,0.16687196397048845,False,
LA-LM,1,2008-04,0.0,0.16600586883794743,0.7042880118519302,0.014229094635547446,False,0.18023496347349488,0.7042880118519302,0.18288965029665166,False,
LA-LM,1,2008-05,0.0,0.17257669615790514,0.7050884167233377,0.04311869875145269,False,0.21569539490935782,0.7050884167233377,0.19089601838342868,False,
LA-LM,1,2008-06,0.0,0.1728367819727678,0.7050995204432439,-0.010935502743482761,False,0.16190127922928504,0.7050995204432439,0.17954404940776705,False,
LA-LM,2,2008-07,0.0,0.16029748433325536,0.6952413370810272,0.009741926423082026,False,0.17003941075633738,0.6952413370810272,0.17898323967757912,False,
LA-LM,2,2008-08,0.0,0.16752414285522654,0.6962199177710006,0.06253844090777672,False,0.23006258376300326,0.6962199177710006,0.19275893145695794,False,
LA-LM,2,2008-09,0.0,0.1678499408152532,0.6962341839813994,0.16174622807947103,False,0.3295961688947242,0.6962341839813994,0.22381656293892943,False,
LA-LM,3,2008-10,0.0,0.1555029917534985,0.6865187865845824,0.08681723743193248,False,0.24232022918543097,0.6865187865845824,0.19420828736559823,False,
LA-LM,3,2008-11,0.0,0.1629944900238987,0.6875950683248884,-0.0013202267692058456,False,0.16167426325469286,0.6875950683248884,0.17578361012409646,False,
LA-LM,3,2008-12,0.0,0.16335539977684013,0.6876110538680212,0.007985872756545165,False,0.1713412725333853,0.6876110538680212,0.177636660659258,False,
LA-LM,4,2009-01,0.0,0.15111339843223948,0.6781136013554335,0.014562425973833948,False,0.16567582440607342,0.6781136013554335,0.174540159103415,False,
LA-LM,4,2009-02,0.0,0.15875902808612283,0.6792642604078516,0.06789477004798838,False,0.2266537981341112,0.6792642604078516,0.18863532015397144,False,
LA-LM,4,2009-03,0.0,0.15914586110960588,0.6792815322633962,-0.006998286560653044,False,0.15214757454895284,0.6792815322633962,0.17228347590222928,False,
LA-LM,5,2009-04,1.0,0.14702649126392314,0.6700033742032504,0.011059053359151916,False,0.15808554462307506,0.6700033742032504,0.5307656821770427,False,
LA-LM,5,2009-05,0.0,0.15476519557829083,0.6712148945117932,-0.005328159788894338,False,0.1494370357893965,0.6712148945117932,0.17007786919449328,False,
LA-LM,5,2009-06,2.0,0.15517252043485502,0.6712331963217532,0.05247416209851785,False,0.20764668253337287,0.6712331963217532,1.4152185749129236,False,
LA-LM,6,2009-07,1.0,0.18873069449967006,0.6863239114869772,0.18277780884469985,False,0.3715085033443699,0.6863239114869772,0.3752005935968583,False,
LA-LM,6,2009-08,0.0,0.18364109367865628,0.6863418096811466,0.10057673015275492,False,0.2842178238314112,0.6863418096811466,0.20668894167976581,False,
LA-LM,6,2009-09,4.0,0.18362679208560295,0.6863418525191621,0.09084911710977517,False,0.2744759091953781,0.6863418525191621,3.3382971736408757,False,
LA-LM,7,2009-10,5.0,0.2294832769217221,0.7613429251990482,0.2558318576195404,False,0.4853151345412625,0.7613429251990482,4.085143117923325,False,
LA-LM,7,2009-11,6.0,0.21997253754917645,0.7613601225328684,0.06170872427728291,False,0.28168126182645936,0.7613601225328684,5.288767287711859,False,
LA-LM,7,2009-12,4.0,0.21994854769047648,0.7613601599310895,-0.13672438020121236,False,0.08322416748926412,0.7613601599310895,3.4872243981065654,False,
LA-LP,0,2008-01,0.0,13.964317614138109,38.80613269509383,-0.44485438407895117,False,13.519463230059158,38.80613269509383,10.929029461166603,False,
LA-LP,0,2008-02,16.0,16.537906969492333,40.45489214609463,-5.445176343892513,False,11.09273062559982,40.45489214609463,9.6912898408617,False,
LA-LP,0,2008-03,22.0,17.272788234862777,40.61413467786925,-12.67348181738231,False,4.5993064174804665,40.61413467786925,12.420817226802821,False,
LA-LP,1,2008-04,33.0,18.877355187647154,38.29165137978832,-5.763550928299338,False,13.113804259347816,38.29165137978832,12.978518112460922,False,
LA-LP,1,2008-05,116.0,18.102771419400455,39.92139329047611,6.028244137634459,False,24.131015557034914,39.92139329047611,69.63703537980736,False,
LA-LP,1,2008-06,160.0,17.79040337715438,40.07855954834676,14.54549303601786,False,32.335896413172236,40.07855954834676,105.06787455114875,False,
LA-LP,2,2008-07,16.0,72.53945420901067,40.184268599961726,26.75988157036096,False,99.29933577937163,40.184268599961726,61.18781812955669,False,
LA-LP,2,2008-08,13.0,40.35769683176315,42.87406038926475,24.63966887920472,False,64.99736571096787,42.87406038926475,32.494072909657525,False,
LA-LP,2,2008-09,14.0,28.827161169600785,43.27230442891285,14.908902495273594,False,43.73606366487438,43.27230442891285,17.958307371338737,False,
LA-LP,3,2008-10,33.0,18.34223264598026,39.935882296884046,5.928647107748674,False,24.270879753728934,39.935882296884046,10.090979617244146,False,
LA-LP,3,2008-11,116.0,19.753297634560468,42.07060690318699,12.77649565168187,False,32.52979328624234,42.07060690318699,60.47994155563691,False,
LA-LP,3,2008-12,161.0,19.95664028835607,42.320357911089005,-7.903240099676367,False,12.053400188679703,42.320357911089005,125.07447430542778,False,
LA-LP,4,2009-01,0.0,79.13951689992676,41.56354713794579,-4.173639464916221,False,74.96587743501054,41.56354713794579,52.69200203743544,False,
LA-LP,4,2009-02,0.0,49.12341154199642,44.63079494071072,-0.1103811342438803,False,49.01303040775254,44.63079494071072,29.979854860448103,False,
LA-LP,4,2009-03,0.0,38.11822452199973,45.17351943813309,-12.265748057012559,False,25.85247646498717,45.17351943813309,16.303278541404868,False,
LA-LP,5,2009-04,0.0,16.172941839875904,41.57925288770908,-14.729205209376232,False,1.4437366304996715,41.57925288770908,9.736859597375076,False,
LA-LP,5,2009-05,0.0,22.66099606211003,43.98082046173353,-1.7691886993566754,False,20.891807362753354,43.98082046173353,14.164418061899228,False,
LA-LP,5,2009-06,9.0,25.04584967828642,44.29857060793081,3.9595951002003176,False,29.005444778486737,44.29857060793081,13.896589323882157,False,
LA-LP,6,2009-07,30.0,17.242417032437313,41.07677594701868,28.22997065926566,False,45.47238769170298,41.07677594701868,11.897360822378035,False,
LA-LP,6,2009-08,32.0,20.135861896657566,43.50903735495139,21.935961650299305,False,42.07182354695687,43.50903735495139,11.093848824038766,False,
LA-LP,6,2009-09,313.0,21.126024106566856,43.82063125959814,12.135137148630832,False,33.26116125519769,43.82063125959814,255.01569504478402,False,
LA-LP,7,2009-10,165.0,131.266509546058,47.998049563892586,8.702439094013627,False,139.96894864007163,47.998049563892586,16.3096959415003,False,
LA-LP,7,2009-11,87.0,68.93696974128883,51.101651610986416,-0.7283779601013407,False,68.2085917811875,51.101651610986416,14.66827721795949,False,
LA-LP,7,2009-12,0.0,47.70674518040604,51.61984102749229,-9.737852520730229,False,37.96889265967581,51.61984102749229,22.72852774367436,False,
LA-OU,0,2008-01,0.0,0.002038092365757095,0.5712735250673434,-0.2108644580826333,False,-0.2088263657168762,0.5712735250673434,0.16362258239916114,False,
LA-OU,0,2008-02,0.0,0.0007828058355482215,0.6007935752838246,-0.007051768615305626,False,-0.006268962779757404,0.6007935752838246,0.1404285368078941,False,
LA-OU,0,2008-03,0.0,0.001555952479635101,0.7349383831127196,0.12694870886584922,False,0.12850466134548433,0.7349383831127196,0.18069253855597356,False,
LA-OU,1,2008-04,0.0,4.0827751593962237e-07,0.5633573293146457,0.06862626364346419,False,0.06862667192098013,0.5633573293146457,0.13498478414499707,False,
LA-OU,1,2008-05,0.0,-0.010784164695711676,0.5924660086086837,0.020265437572034334,False,0.009481272876322657,0.5924660086086837,0.13851686040299757,False,
LA-OU,1,2008-06,0.0,3.1169234951389235e-07,0.7247477635997234,0.14990046366350113,False,0.14990077535585064,0.7247477635997234,0.1816949016901082,False,
LA-OU,2,2008-07,0.0,-0.003845135243670742,0.5557615930597336,0.13623298243130225,False,0.1323878471876315,0.5557615930597336,0.14240061280402763,False,
LA-OU,2,2008-08,0.0,0.002568898716494304,0.5844766095029081,0.20314761565848544,False,0.20571651437497973,0.5844766095029081,0.1651802941826057,False,
LA-OU,2,2008-09,0.0,0.005105984873331131,0.7149754406420245,0.21889211254469987,False,0.223998097418031,0.7149754406420245,0.19485614774328514,False,
LA-OU,3,2008-10,0.0,0.00038718965338157646,0.548464543329156,0.049111006400438084,False,0.04949819605381966,0.548464543329156,0.12995433393959596,False,
LA-OU,3,2008-11,0.0,0.00014871942227590276,0.5768023220073647,-0.12161729982289021,False,-0.12146858040061431,0.5768023220073647,0.1449632102922005,False,
LA-OU,3,2008-12,0.0,0.00029559331373185617,0.7055866634391611,-0.1892659428694546,False,-0.18897034955572276,0.7055866634391611,0.1849627328420422,False,
LA-OU,4,2009-01,0.0,7.776691748592192e-08,0.5414487416400119,-0.17007863328998046,False,-0.17007855552306297,0.5414487416400119,0.14767367241752888,False,
LA-OU,4,2009-02,0.0,2.9871193635988536e-08,0.5694209852769313,-0.4109487816267403,False,-0.4109487517555467,0.5694209852769313,0.24650919489537929,False,
LA-OU,4,2009-03,0.0,5.936960295025522e-08,0.6965537763669596,-0.15641243316859846,False,-0.1564123737989955,0.6965537763669596,0.1767344563373602,False,
LA-OU,5,2009-04,0.0,1.5678292722176384e-11,0.5346939049421854,0.006540293226158178,False,0.006540293241836471,0.5346939049421854,0.12498719488119034,False,
LA-OU,5,2009-05,0.0,6.022537408921985e-12,0.5623146507521489,0.048016074790553864,False,0.0480160747965764,0.5623146507521489,0.13304481756875042,False,
LA-OU,5,2009-06,0.0,1.1969205985760598e-11,0.6878558182791426,0.09999771445201999,False,0.0999977144639892,0.6878558182791426,0.16653778731917557,False,
LA-OU,6,2009-07,0.0,3.1628496209675085e-15,0.5281866991495299,0.20541146264687993,False,0.2054114626468831,0.5281866991495299,0.1549081646461842,False,
LA-OU,6,2009-08,1.0,1.2149827987459523e-15,0.5554700284094312,0.1631879379572046,False,0.16318793795720582,0.5554700284094312,0.5555008232341977,False,
LA-OU,6,2009-09,15.0,2.4145840419913026e-15,0.6794803855734932,0.09347683697582371,False,0.09347683697582612,0.6794803855734932,14.523167407258597,False,
LA-OU,7,2009-10,6.0,10.386386795892328,1.3903956176484975,0.4319813029352746,False,10.818368098827602,1.3903956176484975,4.034107844722889,False,
LA-OU,7,2009-11,13.0,13.389855979303233,1.6681465928766748,0.03861390508765572,False,13.42846988439089,1.6681465928766748,0.43350293018770675,False,
LA-OU,7,2009-12,18.0,11.434592992005687,2.070699378336594,-0.29000477315023954,False,11.144588218855446,2.070699378336594,5.6876508646726744,False,
LA-PH,0,2008-01,,0.03749040424662971,0.388467396929649,-0.07633089857566677,False,-0.038840494329037065,0.388467396929649,,False,
LA-PH,0,2008-02,,0.037262431085092335,0.38845290623213985,-0.14589941624381675,False,-0.10863698515872441,0.38845290623213985,,False,
LA-PH,0,2008-03,,0.03726381735348356,0.3884530375009129,-0.07753752061231234,False,-0.04027370325882878,0.3884530375009129,,False,
LA-PH,1,2008-04,,0.037263806389440456,0.3884530341822674,-0.06843814381348579,False,-0.03117433742404533,0.3884530341822674,,False,
LA-PH,1,2008-05,,0.037263806440704525,0.3884530341995679,-0.03547163639748807,False,0.001792170043216454,0.3884530341995679,,False,
LA-PH,1,2008-06,,0.03726380644039279,0.38845303421199473,0.02575556381466404,False,0.06301937025505683,0.38845303421199473,,False,
LA-PH,2,2008-07,,0.037263804333739006,0.3884530457643232,-0.0032504931779773205,False,0.034013311155761686,0.3884530457643232,,False,
LA-PH,2,2008-08,,0.03726380433373899,0.38845304577675105,0.12223364325145858,False,0.15949744758519757,0.38845304577675105,,False,
LA-PH,2,2008-09,,0.03726380433373899,0.38845304578917894,0.09056359767695676,False,0.12782740201069576,0.38845304578917894,,False,
LA-PH,3,2008-10,,0.0372638108785978,0.38845306003111446,0.1064798214837086,False,0.14374363236230642,0.38845306003111446,,False,
LA-PH,3,2008-11,,0.0372638108785978,0.38845306004348007,0.01848901063661179,False,0.05575282151520959,0.38845306004348007,,False,
LA-PH,3,2008-12,,0.0372638108785978,0.3884530600558457,0.024371564125516887,False,0.06163537500411469,0.3884530600558457,,False,
LA-PH,4,2009-01,0.0,0.037035851437368615,0.3884386865220543,0.0,True,0.037035851437368615,0.3884386865220543,0.09218384834074103,False,
LA-PH,4,2009-02,0.0,0.03703723756358801,0.3884388169855023,0.0,True,0.03703723756358801,0.3884388169855023,0.09218398364875188,False,
LA-PH,4,2009-03,0.0,0.037037229134999364,0.38843881620604087,0.0,True,0.037037229134999364,0.38843881620604087,0.09218398282916102,False,
LA-PH,5,2009-04,0.0,0.03626246023326497,0.38307160509256,0.0,True,0.03626246023326497,0.38307160509256,0.09089033345476899,False,
LA-PH,5,2009-05,0.0,0.03605091679014343,0.3830584103475442,0.0,True,0.03605091679014343,0.3830584103475442,0.09087138885840362,False,
LA-PH,5,2009-06,0.0,0.036052150866100606,0.3830585249155628,0.0,True,0.036052150866100606,0.3830585249155628,0.09087150776211106,False,
LA-PH,6,2009-07,0.0,0.03530879262569237,0.3779084559204473,0.0,True,0.03530879262569237,0.3779084559204473,0.08963045234430914,False,
LA-PH,6,2009-08,,0.03511412817976793,0.37789630248727296,0.0,True,0.03511412817976793,0.37789630248727296,,False,
LA-PH,6,2009-09,0.0,0.03511520140413266,0.3778964007977193,0.0,True,0.03511520140413266,0.3778964007977193,0.08961330507100343,False,
LA-PH,7,2009-10,0.0,0.03470864651884638,0.37458030079334176,0.0,True,0.03470864651884638,0.37458030079334176,0.08881965852169993,False,
LA-PH,7,2009-11,0.0,0.03451942596354253,0.3745686225145414,0.0,True,0.03451942596354253,0.3745686225145414,0.08880303734813619,False,
LA-PH,7,2009-12,0.0,0.03451920966863857,0.3745686028404268,0.0,True,0.03451920966863857,0.3745686028404268,0.08880301693500173,False,
LA-SL,0,2008-01,0.0,7.1019642786888655,13.195504782771753,-1.4967073499017403,False,5.605256928787125,13.195504782771753,4.019587302275534,False,
LA-SL,0,2008-02,1.0,7.1577980365530856,14.723273757946362,1.0492288603074051,False,8.20702689686049,14.723273757946362,4.820713498288108,False,
LA-SL,0,2008-03,5.0,7.17912400828643,15.117977741805367,2.6117516771025144,False,9.790875685388944,15.117977741805367,4.133661182965057,False,
LA-SL,1,2008-04,2.0,5.698058027008456,13.025327792893624,3.7451286142336464,False,9.443186641242104,13.025327792893624,4.69607796712659,False,
LA-SL,1,2008-05,105.0,6.025438329304205,14.536195232205829,3.3860129396144885,False,9.411451268918693,14.536195232205829,87.38737879675666,False,
LA-SL,1,2008-06,226.0,6.174285523348434,14.921832157101784,4.334632407797907,False,10.50891793114634,14.921832157101784,207.07233979836892,False,
LA-SL,2,2008-07,78.0,248.22334877599627,18.892039224304572,1.4718796797581675,False,249.69522845575443,18.892039224304572,161.03653671342616,False,
LA-SL,2,2008-08,63.0,243.29510466031275,33.938530951825236,1.8620269760641932,False,245.15713163637693,33.938530951825236,163.0093664677257,False,
LA-SL,2,2008-09,85.0,244.52603183755488,42.665844836416404,-0.5701823740761043,False,243.95584946347878,42.665844836416404,134.88621216544058,False,
LA-SL,3,2008-10,91.0,66.49754350062896,22.833019674493134,-4.806397783866089,False,61.691145716762875,22.833019674493134,18.57926237803743,False,
LA-SL,3,2008-11,21.0,56.674447919453456,26.692457745257272,-3.5950050887183806,False,53.079442830735076,26.692457745257272,20.003717626918714,False,
LA-SL,3,2008-12,8.0,51.408968572894935,28.192719653384387,-1.1524536033117485,False,50.256514969583186,28.192719653384387,28.00730861237088,False,
LA-SL,4,2009-01,1.0,18.4969523426646,23.14543034390563,-4.38083784191106,False,14.11611450075354,23.14543034390563,8.297304761709563,False,
LA-SL,4,2009-02,24.0,24.21726506837914,26.992751499559734,-3.597914375998201,False,20.61935069238094,26.992751499559734,6.476763029217196,False,
LA-SL,4,2009-03,25.0,27.329549339535628,28.396665925416148,2.8853542000748575,False,30.214903539610486,28.396665925416148,7.017151292925898,False,
LA-SL,5,2009-04,19.0,26.842542275155317,22.92385331542191,9.181370760627345,False,36.02391303578266,22.92385331542191,10.181181526163476,False,
LA-SL,5,2009-05,122.0,27.420438789099144,26.761771561128008,3.522658025692067,False,30.94309681479121,26.761771561128008,75.9627839032545,False,
LA-SL,5,2009-06,42.0,27.470065216601924,28.159433136591325,-1.3817599646614696,False,26.088305251940454,28.159433136591325,10.075140308979593,False,
LA-SL,6,2009-07,164.0,38.30293631797796,24.585117265893924,7.9798555545687435,False,46.2827918725467,24.585117265893924,103.84654907093133,False,
LA-SL,6,2009-08,127.0,38.207745778834145,27.994374339147406,2.7123556852924366,False,40.92010146412658,27.994374339147406,70.3021460113532,False,
LA-SL,6,2009-09,91.0,39.03701958054436,29.108141992362093,0.5488525866970946,False,39.585872167241455,29.108141992362093,35.8958110830817,False,
LA-SL,7,2009-10,94.0,76.82579581178155,26.66034569558023,-0.7071690005531366,False,76.11862681122841,26.66034569558023,10.843384930555102,False,
LA-SL,7,2009-11,44.0,74.87990750481944,30.84341211943889,0.9927634011636428,False,75.87267090598309,30.84341211943889,19.2922297221427,False,
LA-SL,7,2009-12,17.0,72.46728517361484,32.43831563438517,-1.5595107886496038,False,70.90777438496524,32.43831563438517,36.90768810459624,False,
LA-SV,0,2008-01,1.0,-11.485014460641358,218.57726293087973,20.86512198999219,False,9.380107529350832,218.57726293087973,51.20856806810091,False,
LA-SV,0,2008-02,1.0,-19.622384647363237,333.8632680799089,5.259749012947054,False,-14.362635634416183,333.8632680799089,78.30413453015379,False,
LA-SV,0,2008-03,1.0,-14.902385928129892,419.5674617069116,-0.8436398266516107,False,-15.746025754781503,419.5674617069116,98.31741700392267,False,
LA-SV,1,2008-04,0.0,6.134848383008844,215.5552457286874,58.40414900054657,False,64.53899738355541,215.5552457286874,58.0260629749111,False,
LA-SV,1,2008-05,1.0,21.4969700231047,329.25670049461996,79.75177936169712,False,101.24874938480181,329.25670049461996,89.02923978348147,False,
LA-SV,1,2008-06,10.0,53.563041180923975,413.7805186935503,41.78333528582141,False,95.34637646674538,413.7805186935503,103.69643511743904,False,
LA-SV,2,2008-07,11.0,68.48153230416375,212.66465118739603,13.126738718528713,False,81.60827102269246,212.66465118739603,58.9661455385933,False,
LA-SV,2,2008-08,4.0,57.324095448401025,324.8812039372836,43.916769827503686,False,101.24086527590471,324.8812039372836,87.44855023724568,False,
LA-SV,2,2008-09,2.0,71.75182342727561,408.3002468181691,-77.65866570589196,False,-5.906842278616352,408.3002468181691,95.47880026537021,False,
LA-SV,3,2008-10,10.0,-91.33206760686907,209.9464903725708,-7.7467515301704,False,-99.07881913703947,209.9464903725708,71.17730794811308,False,
LA-SV,3,2008-11,2.0,-120.43852765790048,320.8450657454486,-24.439674768347572,False,-144.87820242624804,320.8450657454486,101.34541924548776,False,
LA-SV,3,2008-12,0.0,-124.8062589723537,403.28599210069126,-79.9954277067311,False,-204.8016866790848,403.28599210069126,134.8686419719639,False,
LA-SV,4,2009-01,0.0,0.4977305752942491,207.46727067540706,11.666303679071234,False,12.164034254365482,207.46727067540706,48.768499550290095,False,
LA-SV,4,2009-02,0.0,0.5079059766198158,317.27911444898604,94.08807047838593,False,94.59597645500574,317.27911444898604,85.31551282572208,False,
LA-SV,4,2009-03,0.0,0.5084451142483696,398.8999623012318,49.20841159759516,False,49.716856711843526,398.8999623012318,95.68975063343272,False,
LA-SV,5,2009-04,0.0,-0.3064215356613521,204.87915025094836,20.620777660984686,False,20.314356125323332,204.87915025094836,48.682130880913256,False,
LA-SV,5,2009-05,0.0,-0.0007752776307878295,313.3210514403191,91.9044345867976,False,91.90365930916681,313.3210514403191,83.89950561531892,False,
LA-SV,5,2009-06,1.0,2.750390050629197,393.9235832083245,62.30590764607837,False,65.05629769670756,393.9235832083245,96.20431556206955,False,
LA-SV,6,2009-07,13.0,1.0361822460233652,202.38751481426056,33.773287902220545,False,34.80947014824391,202.38751481426056,48.23363720440494,False,
LA-SV,6,2009-08,34.0,-1.117871797687873,309.5116056220584,-12.198768524443494,False,-13.316640322131367,309.5116056220584,75.21146529737523,False,
LA-SV,6,2009-09,48.0,-1.7299920559817874,389.1348195159383,-51.74582466593722,False,-53.47581672191901,389.1348195159383,101.43630051886751,False,
LA-SV,7,2009-10,16.0,52.38303155902,199.9992431007222,-112.73980885795777,False,-60.35677729893777,199.9992431007222,58.22951076962873,False,
LA-SV,7,2009-11,33.0,50.04089371607333,305.87395208687406,-70.13826112494166,False,-20.097367408868337,305.87395208687406,75.14916861048367,False,
LA-SV,7,2009-12,4.0,49.435096057151114,384.5690347848663,-29.521297695950352,False,19.91379836120076,384.5690347848663,90.13452849902697,False,
LA-VT,0,2008-01,29.0,22.13084382532213,155.4562732467316,24.74862669932338,False,46.87947052464551,155.4562732467316,37.14881966549861,False,
LA-VT,0,2008-02,12.0,16.420554944247673,225.65272403392328,-29.312431286945525,False,-12.891876342697852,225.65272403392328,53.828229070009016,False,
LA-VT,0,2008-03,26.0,19.472313008862173,279.17942127827797,-13.655685931165067,False,5.816627077697106,279.17942127827797,65.82469728116321,False,
LA-VT,1,2008-04,4.0,18.685443161432634,153.31154803778543,85.89063568901622,False,104.57607885044885,153.31154803778543,61.245578322152454,False,
LA-VT,1,2008-05,17.0,19.081639603228,222.5285107848952,108.44843978161532,False,127.53007938484332,222.5285107848952,73.46645323838383,False,
LA-VT,1,2008-06,60.0,36.16065182233108,275.30948330428737,92.89373379944789,False,129.05438562177898,275.30948330428737,71.21233789248878,False,
LA-VT,2,2008-07,132.0,118.13656938690869,151.27480616496433,80.41148277462855,False,198.54805216153724,151.27480616496433,46.84662191000164,False,
LA-VT,2,2008-08,144.0,122.37915075288159,219.55824536828024,0.9937309260164966,False,123.37288167889808,219.55824536828024,52.08219415805862,False,
LA-VT,2,2008-09,158.0,144.61899619116025,271.6274270518166,-53.17357954909255,False,91.4454166420677,271.6274270518166,69.95128738530177,False,
LA-VT,3,2008-10,95.0,134.65172861087245,149.2973075785225,-60.931172756037085,False,73.72055585483537,149.2973075785225,36.09796792878377,False,
LA-VT,3,2008-11,129.0,96.94525957965112,216.69120649424838,-18.91240994940165,False,78.03284963024947,216.69120649424838,55.400159570533155,False,
LA-VT,3,2008-12,91.0,82.55978706105346,268.0809850581541,-82.89186859264942,False,-0.33208153159596066,268.0809850581541,74.94389231604578,False,
LA-VT,4,2009-01,38.0,66.41542565091103,147.61070373872084,-38.15483057973711,False,28.260595071173924,147.61070373872084,34.75215110102006,False,
LA-VT,4,2009-02,20.0,60.5065330325019,214.07859640445633,35.34042690169224,False,95.84695993419413,214.07859640445633,60.638798316978864,False,
LA-VT,4,2009-03,19.0,65.27820871086064,264.7697018725521,14.650849143239611,False,79.92905785410025,264.7697018725521,67.44438616275697,False,
LA-VT,5,2009-04,33.0,11.14809837221609,145.79583486797426,17.999469340030146,False,29.147567712246236,145.79583486797426,34.11236213652586,False,
LA-VT,5,2009-05,54.0,15.562225578206796,211.4742487477437,72.59054326838191,False,88.1527688465887,211.4742487477437,51.616113706284246,False,
LA-VT,5,2009-06,104.0,30.26691790774965,261.5558586899332,64.57130220970896,False,94.8382201174586,261.5558586899332,61.25230546445838,False,
LA-VT,6,2009-07,302.0,130.486556731197,144.07459620331153,64.61016944487199,False,195.09672617606898,144.07459620331153,63.9387660938746,False,
LA-VT,6,2009-08,356.0,134.77769955289847,209.00280076241657,25.651908017404367,False,160.42960757030284,209.00280076241657,116.95513061435719,False,
LA-VT,6,2009-09,470.0,139.58842310234496,258.51249864263843,-39.2428270648619,False,100.34559603748306,258.51249864263843,241.5472663936594,False,
LA-VT,7,2009-10,527.0,454.8143895911099,143.52451401612842,-88.36765546167544,False,366.44673412943445,143.52451401612842,98.5600250827345,False,
LA-VT,7,2009-11,521.0,467.3544406338932,208.90375341569944,-71.97619802223733,False,395.3782426116559,208.90375341569944,78.07998363613557,False,
LA-VT,7,2009-12,366.0,454.3577649550559,258.84032155317107,-28.179882607662535,False,426.1778823473934,258.84032155317107,66.0461903600674,False,
LA-XA,0,2008-01,0.0,12.007580844264966,44.4086430753409,-2.3251296252033313,False,9.682451219061635,44.4086430753409,11.216952352624142,False,
LA-XA,0,2008-02,0.0,15.559567206370208,46.788416373047404,-1.3390810654512677,False,14.22048614091894,46.788416373047404,12.645317906919422,False,
LA-XA,0,2008-03,0.0,16.705741583381936,47.06933971147554,-4.847637736599012,False,11.858103846782925,47.06933971147554,12.185402112981196,False,
LA-XA,1,2008-04,0.0,11.326357840841244,43.83059131038296,4.15088337601405,False,15.477241216855294,43.83059131038296,12.400931043403617,False,
LA-XA,1,2008-05,2.0,15.00037299717875,46.21213428787435,16.29870125859317,False,31.29907425577192,46.21213428787435,17.97167690090877,False,
LA-XA,1,2008-06,6.0,16.41757865200633,46.4960498562039,11.550390195848223,False,27.967968847854554,46.4960498562039,14.9312530254054,False,
LA-XA,2,2008-07,19.0,15.197158160638157,43.25967673630774,7.714714182644798,False,22.911872343282955,43.25967673630774,10.250595546203705,False,
LA-XA,2,2008-08,7.0,16.515420915422165,45.63149741861225,7.093777190121443,False,23.60919810554361,45.63149741861225,13.049380651349251,False,
LA-XA,2,2008-09,1.0,18.43408256951937,45.9158919647441,-2.4881481668922163,False,15.945934402627152,45.9158919647441,12.654211724314262,False,
LA-XA,3,2008-10,3.0,10.46372084700269,42.721090139411565,-8.476635382401227,False,1.9870854646014635,42.721090139411565,9.99328479491246,False,
LA-XA,3,2008-11,2.0,14.27084899047853,45.06601171650959,-11.260170050409855,False,3.0106789400686758,45.06601171650959,10.54074268026301,False,
LA-XA,3,2008-12,1.0,15.558617340347048,45.34687489328094,-13.799011389649564,False,1.759605950697484,45.34687489328094,10.602412986204131,False,
LA-XA,4,2009-01,0.0,10.883203313576795,42.195848981892844,-3.7532272141023384,False,7.129976099474456,42.195848981892844,10.340453838779949,False,
LA-XA,4,2009-02,0.0,14.147752523686234,44.53253414680373,5.070981314678548,False,19.218733838364784,44.53253414680373,13.665502873359378,False,
LA-XA,4,2009-03,0.0,15.222469332434105,44.81406547581328,-1.1951826742677127,False,14.027286658166393,44.81406547581328,12.210292239793882,False,
LA-XA,5,2009-04,0.0,10.250093669697243,41.698441976535456,1.6285354452187875,False,11.87862911491603,41.698441976535456,11.085626922693313,False,
LA-XA,5,2009-05,1.0,13.715490149806458,44.032569673442396,10.795231303269503,False,24.51072145307596,44.032569673442396,15.182560652226927,False,
LA-XA,5,2009-06,14.0,14.979993313015424,44.3159761334111,16.499615540843266,False,31.47960885385869,44.3159761334111,13.071818348216047,False,
LA-XA,6,2009-07,11.0,15.35473965657499,41.20686581948109,17.681550350386942,False,33.036290006961934,41.20686581948109,14.222215776203502,False,
LA-XA,6,2009-08,37.0,15.22041276629639,43.525840699777724,6.8633804210068945,False,22.083793187303286,43.525840699777724,12.191337419489948,False,
LA-XA,6,2009-09,11.0,15.103717584975408,43.808256418284635,-4.934895081656151,False,10.168822503319257,43.808256418284635,10.244060616724921,False,
LA-XA,7,2009-10,5.0,13.91618378839639,40.779618406365046,-16.128938097845236,False,-2.2127543094488455,40.779618406365046,10.037612387450848,False,
LA-XA,7,2009-11,5.0,14.822220776000654,43.05018361142741,-10.324229351968611,False,4.497991424032042,43.05018361142741,10.062947032221775,False,
LA-XA,7,2009-12,0.0,15.098340805371814,43.32360273965809,-5.500944052677752,False,9.597396752694062,43.32360273965809,10.969245124033886,False,
LA-XE,0,2008-01,0.0,0.8473909514443554,2.0896358377178466,-0.7892631543823843,False,0.05812779706197113,2.0896358377178466,0.4889824284815952,False,
LA-XE,0,2008-02,0.0,0.8817870312997993,2.094279522424567,-1.032439678169892,False,-0.1506526468700926,2.094279522424567,0.49374417713521107,False,
LA-XE,0,2008-03,0.0,0.8537362673134745,2.0962835743286568,0.0,True,0.8537362673134745,2.0962835743286568,0.6267149614031841,False,
LA-XE,1,2008-04,0.0,0.48528207957358643,1.8955775743908212,0.0,True,0.48528207957358643,1.8955775743908212,0.49228096084397027,False,
LA-XE,1,2008-05,0.0,0.6741022025684368,2.039907403372344,-0.3297396505568493,False,0.3443625520115875,2.039907403372344,0.49985283420424004,False,
LA-XE,1,2008-06,5.0,0.7473829215831951,2.0632135486702015,1.0390352559820695,False,1.7864181775652646,2.0632135486702015,2.1554625498399527,False,
LA-XE,2,2008-07,0.0,2.363495274936344,1.9169836747593176,0.8036491085495143,False,3.167144383485858,1.9169836747593176,2.1643168849230054,False,
LA-XE,2,2008-08,0.0,1.443838621998147,2.058512759019054,0.041669701298260975,False,1.485508323296408,2.058512759019054,0.8910957636051137,False,
LA-XE,2,2008-09,1.0,1.1231430416290955,2.0807165322600887,0.8682668044966402,False,1.9914098461257357,2.0807165322600887,0.6712202154421386,False,
LA-XE,3,2008-10,0.0,0.854753238257536,1.904719771578398,-1.302275169163929,False,-0.4475219309063929,1.904719771578398,0.4868791810239932,False,
LA-XE,3,2008-11,0.0,0.828176561313692,2.033687486840419,0.0,True,0.828176561313692,2.033687486840419,0.6079798441111567,False,
LA-XE,3,2008-12,1.0,0.8351228569869107,2.0516676120134263,0.0,True,0.8351228569869107,2.0516676120134263,0.4847475341617149,False,
LA-XE,4,2009-01,0.0,0.9211974666010098,1.8828822168887105,-0.7299820177373473,False,0.19121544886366248,1.8828822168887105,0.4477604533005526,False,
LA-XE,4,2009-02,2.0,0.8791757924724549,2.0075718338786115,-1.043306192993521,False,-0.1641304005210661,2.0075718338786115,1.3192026785855184,False,
LA-XE,4,2009-03,2.0,0.863945172922939,2.0252673746735073,-0.5414859338915043,False,0.3224592390314347,2.0252673746735073,0.9979860908619729,False,
LA-XE,5,2009-04,1.0,1.2800047727397923,1.865688038879508,0.45898905986078375,False,1.738993832600576,1.865688038879508,0.5512745218195482,False,
LA-XE,5,2009-05,2.0,1.0197980391672876,1.9890389459985858,-0.18777178006991058,False,0.832026259097377,1.9890389459985858,0.7308400157735452,False,
LA-XE,5,2009-06,9.0,0.6145887563609168,2.006468692292676,0.882603228944074,False,1.4971919853049909,2.006468692292676,6.370867549293051,False,
LA-XE,6,2009-07,29.0,3.9768754281018843,1.9793182422974056,1.4316896772523613,False,5.408565105354246,1.9793182422974056,22.474724159815505,False,
LA-XE,6,2009-08,27.0,2.079444105473863,2.121500166717258,0.5277839846110925,False,2.6072280900849556,2.121500166717258,23.19584361435834,False,
LA-XE,6,2009-09,6.0,1.3628042399210725,2.143120314889755,-0.21393821696433157,False,1.148866022956741,2.143120314889755,3.659458920670382,False,
LA-XE,7,2009-10,7.0,4.647884635371595,3.141163817291275,-0.264202330169506,False,4.383682305202089,3.141163817291275,1.556458063837071,False,
LA-XE,7,2009-11,3.0,3.687002905074008,3.7299649769027456,-0.23551748069824896,False,3.451485424375759,3.7299649769027456,0.8934493220646629,False,
LA-XE,7,2009-12,7.0,2.9011033785459173,3.95172985297546,-0.13849753863192849,False,2.762605839913989,3.95172985297546,2.5805819271520916,False,
LA-XI,0,2008-01,0.0,0.037978971073608384,0.23596314892168488,-0.054378056957771564,False,-0.01639908588416318,0.23596314892168488,0.05559789907833431,False,
LA-XI,0,2008-02,0.0,0.037937028850090995,0.23596090195477482,0.058403068668659186,False,0.09634009751875018,0.23596090195477482,0.07062068041900556,False,
LA-XI,0,2008-03,0.0,0.03793707516914767,0.23596090459240027,-0.0484753359248023,False,-0.01053826075565463,0.23596090459240027,0.05533060911155269,False,
LA-XI,1,2008-04,0.0,0.03692613783219577,0.23274649919618887,-0.10189193297534904,False,-0.06496579514315327,0.23274649919618887,0.06157938000035182,False,
LA-XI,1,2008-05,0.0,0.036059524538657725,0.2327618221179713,-0.11943710689923098,False,-0.08337758236057326,0.2327618221179713,0.0661845573819109,False,
LA-XI,1,2008-06,1.0,0.03607986293970984,0.23276297513791253,-0.12810677331551895,False,-0.09202691037580911,0.23276297513791253,0.9607045887592716,False,
LA-XI,2,2008-07,0.0,0.043968473417595244,0.24702529578164856,-0.06416685230413882,False,-0.020198378886543578,0.24702529578164856,0.058387076969333776,False,
LA-XI,2,2008-08,0.0,0.044872099434760726,0.24702337571896596,0.07916800283345049,False,0.12404010226821122,0.24702337571896596,0.08206715987579773,False,
LA-XI,2,2008-09,0.0,0.04487124534160982,0.24702337764739754,0.16723768013903945,False,0.21210892548064927,0.24702337764739754,0.12623159707886672,False,
LA-XI,3,2008-10,0.0,0.044084224082659065,0.24381130077448968,0.18523575212891094,False,0.22931997621157002,0.24381130077448968,0.13720147686118242,False,
LA-XI,3,2008-11,0.0,0.04272447541448644,0.24386353945755243,-0.04350101055754534,False,-0.0007765351430588999,0.24386353945755243,0.0569906707795493,False,
LA-XI,3,2008-12,0.0,0.0427664159607719,0.2438655545776311,-0.04000791901018768,False,0.0027584969505842216,0.2438655545776311,0.057002603242084456,False,
LA-XI,4,2009-01,0.0,0.042617637918612755,0.24081302236824423,-0.035372040064390486,False,0.007245597854222269,0.24081302236824423,0.05636375904269027,False,
LA-XI,4,2009-02,0.0,0.04256267231807965,0.24081065560583664,-0.17785516709873614,False,-0.1352924947806565,0.24081065560583664,0.08582677462236687,False,
LA-XI,4,2009-03,0.0,0.04256274320932068,0.24081065891750564,-0.04196376935890431,False,0.0005989738504163719,0.24081065891750564,0.05627683581890738,False,
LA-XI,5,2009-04,0.0,0.04155514346081874,0.2378771549110491,-0.08546868988627321,False,-0.04391354642545447,0.2378771549110491,0.0588156495920458,False,
LA-XI,5,2009-05,39.0,0.041500146472233726,0.23787482412259914,-0.026827508699475755,False,0.014672637772757971,0.23787482412259914,38.85112086426903,False,
LA-XI,5,2009-06,33.0,0.015476964096578588,0.23787482748453256,0.056357275622026914,False,0.0718342397186055,0.23787482748453256,32.793959260426405,False,
LA-XI,6,2009-07,1.0,32.88966674720794,3.5162378961637826,1.0352166851235025,False,33.92488343233144,3.5162378961637826,30.941058638039955,False,
LA-XI,6,2009-08,10.0,32.888104096852665,4.598386174443481,0.39398855209024264,False,33.28209264894291,4.598386174443481,20.687731418078897,False,
LA-XI,6,2009-09,0.0,32.88808164169844,5.466201160107186,-0.1453735637139455,False,32.742708077984496,5.466201160107186,29.65873432369562,False,
LA-XI,7,2009-10,0.0,1.474597341904036,3.9960855487264357,-0.7124560233947204,False,0.7621413185093155,3.9960855487264357,0.9916790711488254,False,
LA-XI,7,2009-11,0.0,2.10652188103494,4.4093142868904405,-0.2947089537836476,False,1.8118129272512924,4.4093142868904405,1.3233314818961168,False,
LA-XI,7,2009-12,0.0,2.377327077686239,4.510467050032298,0.05461930711153862,False,2.4319463847977776,4.510467050032298,1.5648737828094543,False,
LA-XN,0,2008-01,,1.9227034658482431,4.134660339860258,0.0,True,1.9227034658482431,4.134660339860258,,False,
LA-XN,0,2008-02,,1.9265079357685868,4.13941642457591,0.0,True,1.9265079357685868,4.13941642457591,,False,
LA-XN,0,2008-03,,1.9264506066802944,4.144190197606953,0.0,True,1.9264506066802944,4.144190197606953,,False,
LA-XN,1,2008-04,,1.9264514601027207,4.148958135992652,0.0,True,1.9264514601027207,4.148958135992652,,False,
LA-XN,1,2008-05,,1.9264514470849434,4.153720599767634,0.0,True,1.9264514470849434,4.153720599767634,,False,
LA-XN,1,2008-06,,1.9264514472811067,4.15847760929299,0.0,True,1.9264514472811067,4.15847760929299,,False,
LA-XN,2,2008-07,,1.926451479338862,4.163229206999236,0.0,True,1.926451479338862,4.163229206999236,,False,
LA-XN,2,2008-08,,1.9264514793389067,4.167975364381334,0.0,True,1.9264514793389067,4.167975364381334,,False,
LA-XN,2,2008-09,,1.926451479338906,4.172716123362329,0.0,True,1.926451479338906,4.172716123362329,,False,
LA-XN,3,2008-10,,1.9264514610390262,4.177451488354175,0.0,True,1.9264514610390262,4.177451488354175,,False,
LA-XN,3,2008-11,,1.9264514610390262,4.182181505448893,0.0,True,1.9264514610390262,4.182181505448893,,False,
LA-XN,3,2008-12,,1.9021723887451987,4.186906178968551,0.0,True,1.9021723887451987,4.186906178968551,,False,
LA-XN,4,2009-01,,1.925199575498786,4.19148219706414,0.0,True,1.925199575498786,4.19148219706414,,False,
LA-XN,4,2009-02,,1.9248525818037858,4.196190661109639,0.0,True,1.9248525818037858,4.196190661109639,,False,
LA-XN,4,2009-03,,1.9248578106091707,4.200891764208985,0.0,True,1.9248578106091707,4.200891764208985,,False,
LA-XN,5,2009-04,,1.9248577221317758,4.2055876447116365,0.0,True,1.9248577221317758,4.2055876447116365,,False,
LA-XN,5,2009-05,,1.9248577233190858,4.210278286163808,0.0,True,1.9248577233190858,4.210278286163808,,False,
LA-XN,5,2009-06,,1.9248577233011943,4.214963707624731,0.0,True,1.9248577233011943,4.214963707624731,,False,
LA-XN,6,2009-07,,1.9248577107961704,4.219643925817411,0.0,True,1.9248577107961704,4.219643925817411,,False,
LA-XN,6,2009-08,,1.9248577107961664,4.224318959265479,0.0,True,1.9248577107961664,4.224318959265479,,False,
LA-XN,6,2009-09,,1.9248577107961664,4.228988824592918,0.0,True,1.9248577107961664,4.228988824592918,,False,
LA-XN,7,2009-10,,1.9248577124658355,4.2336535280630265,0.0,True,1.9248577124658355,4.2336535280630265,,False,
LA-XN,7,2009-11,,1.9248577124658355,4.238313108363666,0.0,True,1.9248577124658355,4.238313108363666,,False,
LA-XN,7,2009-12,,1.927072130100869,4.2429675715675765,0.0,True,1.927072130100869,4.2429675715675765,,False,
