archived,description,fork,html_url,language,name,updated_at,style,sweep_status,sweep_failure,sweep_seconds,sweep_data,platform_override,target,required_covariates,additional_continuous_covariates,allows_free_covariates,period_type,requires_geo,docker_image,covariates_available_in_lao_file,monthly_capable,runnable_on_our_data
False,Community collection of Chap-compatible models,False,https://github.com/chap-models/.github,,.github,2026-05-30T14:47:55Z,,,,,,,,,,,,,,,,
False,CHAP-compatible AR(p) dengue forecast model — originally by Americo Cunha Jr (D-FENSE/LNCC),False,https://github.com/chap-models/D-FENSE---LNCC-ARp-2025-1,MATLAB,D-FENSE---LNCC-ARp-2025-1,2026-02-06T14:52:45Z,mlproject,pass,,6.8,data=curated+geo,linux/amd64,disease_cases,,,False,any,False,gnuoctave/octave:9.2.0,True,True,True
False,Implementation of an ETS model for time series forecasting. It uses no covariates.,False,https://github.com/chap-models/Exponential_smoothing_state_space_model,R,Exponential_smoothing_state_space_model,2026-05-11T12:40:45Z,,,,,,,,,,,,,,,,
False,,False,https://github.com/chap-models/IMPA-TECH-SARIMA,Python,IMPA-TECH-SARIMA,2026-01-28T09:39:37Z,,,,,,,,,,,,,,,,
False,Implementation of the INLA baseline model without covariates ,True,https://github.com/chap-models/INLA_baseline_model,R,INLA_baseline_model,2025-12-22T19:47:47Z,mlproject,pass,,56.6,data=curated+geo,linux/amd64,disease_cases,population,,True,any,False,ghcr.io/dhis2-chap/docker_r_inla:master,True,True,True
False,,False,https://github.com/chap-models/LaCiD-UFRN-ARIMAX,Jupyter Notebook,LaCiD-UFRN-ARIMAX,2026-01-28T13:22:21Z,mlproject,pass,,22.3,data=curated+geo,linux/amd64,disease_cases,"population,mean_temperature",,False,any,False,ghcr.io/dhis2-chap/r_lacid_arimax,True,True,True
False,A CHAP-compatible implementation of the old ARIMA model from the Madagascar group.,False,https://github.com/chap-models/Madagascar_ARIMA,R,Madagascar_ARIMA,2025-12-22T19:47:38Z,mlproject,pass,,13.9,data=bundled,linux/amd64,disease_cases,"population,precipitation,temperature",,False,month,False,ghcr.io/dhis2-chap/docker_for_madagascararima:master,False,True,False
False,A CHAP integration of the Vietnam dengue superensemble model developed by ...,False,https://github.com/chap-models/Vietnam-dengue-superensemble,R,Vietnam-dengue-superensemble,2026-05-06T13:20:35Z,mlproject,fail,prediction_length,47.9,data=bundled+geo,linux/amd64,disease_cases,"population,minimum_temperature,maximum_temperature,nino34_anomaly,specific_surface_humidity,wind_speed,periurban_landcover,urban_landcover",,False,month,True,ghcr.io/dhis2-chap/docker_r_inla:master,False,True,False
False,A CHAP implementation of XGBoost based on code from local modelers in Malawi.,False,https://github.com/chap-models/XGBoost_for_Malawi,R,XGBoost_for_Malawi,2026-05-04T17:46:20Z,mlproject,pass,,143.9,data=bundled,linux/amd64,disease_cases,"population,rainfall,mean_temperature",,False,month,False,ghcr.io/dhis2-chap/chapkit-r-tidyverse:latest,True,True,True
False,"LSTM_model from paper with doi: 10.1186/s41182-025-00723-7, adapted to have separate train and predict function",False,https://github.com/chap-models/Xiang_LSTM,Python,Xiang_LSTM,2026-05-05T08:44:17Z,mlproject,pass,,28.2,data=curated+geo,,disease_cases,,,False,any,False,,True,True,True
False,"SVM_model from paper with doi: 10.1186/s41182-025-00723-7, adapted to have separate train and predict function",False,https://github.com/chap-models/Xiang_SVM,Python,Xiang_SVM,2026-01-17T10:54:56Z,mlproject,pass,,7.6,data=curated+geo,,disease_cases,,,False,any,False,,True,True,True
False,,False,https://github.com/chap-models/auto_arima,R,auto_arima,2026-02-24T13:34:21Z,mlproject,pass,,24.1,data=bundled,linux/amd64,disease_cases,,,False,month,False,ghcr.io/dhis2-chap/docker_for_madagascararima:master,True,True,True
False,,False,https://github.com/chap-models/auto_arima_chapkit,R,auto_arima_chapkit,2026-06-17T12:07:29Z,chapkit,pass,,11.2,data=curated+geo,,disease_cases,,,False,month,False,,True,True,True
False,,False,https://github.com/chap-models/auto_ets,R,auto_ets,2026-05-04T14:56:51Z,mlproject,pass,,19.6,data=curated+geo,linux/amd64,disease_cases,,,False,any,False,ghcr.io/dhis2-chap/chapkit-r-tidyverse:latest,True,True,True
False,,False,https://github.com/chap-models/auto_regressive_monthly_v2,Python,auto_regressive_monthly_v2,2026-06-23T12:09:59Z,,,,,,,,,,,,,,,,
False,,False,https://github.com/chap-models/auto_regressive_weekly_v2,Python,auto_regressive_weekly_v2,2026-06-13T09:47:27Z,,,,,,,,,,,,,,,,
False,,False,https://github.com/chap-models/baseline_model_for_sim_study,R,baseline_model_for_sim_study,2026-01-29T13:29:30Z,mlproject,pass,,32.3,data=curated+geo,linux/amd64,disease_cases,"population,rainfall,mean_temperature",,False,month,False,ghcr.io/dhis2-chap/docker_r_inla:master,True,True,True
False,Run chap eval against every repo in github.com/chap-models and produce a status report.,False,https://github.com/chap-models/chap-models-checker,Python,chap-models-checker,2026-05-18T13:44:38Z,,,,,,,,,,,,,,,,
False,Implementation of autoEwarsCsd for compatiblity with CHAP,True,https://github.com/chap-models/chap_auto_ewars,R,chap_auto_ewars,2025-12-22T19:47:48Z,mlproject,pass,,36.8,data=curated+geo,linux/amd64,disease_cases,"rainfall,mean_temperature,population",,False,month,False,ivargr/r_inla:latest,True,True,True
False,Implementation of autoEwarsCsd for compatiblity with CHAP,True,https://github.com/chap-models/chap_auto_ewars_weekly,R,chap_auto_ewars_weekly,2026-02-27T21:51:28Z,mlproject,pass,,36.2,data=curated,linux/amd64,disease_cases,"rainfall,mean_temperature,population",,False,week,False,ivargr/r_inla:latest,True,False,False
False,The deep auto-regressive (RNN) flax model for CHAP,False,https://github.com/chap-models/chap_auto_regressive,Python,chap_auto_regressive,2026-06-23T11:55:19Z,,,,,,,,,,,,,,,,
False,Pymc models for chap,False,https://github.com/chap-models/chap_pymc,Jupyter Notebook,chap_pymc,2026-05-27T14:35:36Z,mlproject,pass,,186.5,data=curated+geo,,disease_cases,"mean_temperature,rainfall",,True,any,False,,True,True,True
False,Chapkit version of the modified WHO EWARS Bayesian INLA model for disease case forecasting — a chap-core model template showcasing chapkit integration.,False,https://github.com/chap-models/chapkit_ewars_model,R,chapkit_ewars_model,2026-06-17T11:54:34Z,chapkit,pass,,35.4,data=curated+geo,,disease_cases,population,"rainfall,mean_temperature",True,month,False,,True,True,True
False,,False,https://github.com/chap-models/chapkit_ghr_model,R,chapkit_ghr_model,2026-08-19T08:02:17Z,,,,,,,,,,,,,,,,
False,"Canonical minimal Python example for chapkit: scikit-learn LinearRegression on rainfall + mean_temperature, wrapped as a chapkit ML service.",False,https://github.com/chap-models/chapkit_minimalist_example_py,Python,chapkit_minimalist_example_py,2026-06-17T11:54:42Z,chapkit,pass,,13.1,data=curated+geo,,disease_cases,,,False,month,False,,True,True,True
False,A minimalist R model that runs through chapkit,False,https://github.com/chap-models/chapkit_minimalist_example_r,Python,chapkit_minimalist_example_r,2026-06-17T11:54:42Z,chapkit,pass,,11.1,data=curated+geo,,disease_cases,,,False,month,False,,True,True,True
False,"Rwanda Malaria BYM model (R-INLA), packaged as a chapkit shell-r service.",False,https://github.com/chap-models/chapkit_rwanda_malaria_bym_model,R,chapkit_rwanda_malaria_bym_model,2026-06-17T11:54:45Z,chapkit,pass,,43.5,data=synthetic+geo,,disease_cases,"population,rainfall,mean_temperature,relative_humidity",,True,month,True,,False,True,False
False,Multistep recursive forecasting model exposed as a chapkit service,False,https://github.com/chap-models/chapkit_simple_multistep_model,Python,chapkit_simple_multistep_model,2026-06-17T11:54:49Z,chapkit,pass,,11.1,data=synthetic,,disease_cases,,"rainfall,mean_temperature,mean_relative_humidity",True,month,False,,True,True,True
False,,False,https://github.com/chap-models/chtorch,Python,chtorch,2026-06-15T13:28:38Z,mlproject,pass,,28.0,data=curated+geo,,disease_cases,population,,True,any,False,,True,True,True
False,Make epidemiar run through CHAP.,False,https://github.com/chap-models/epidemiar_example_model,R,epidemiar_example_model,2026-05-05T08:26:12Z,mlproject,pass,,185.4,data=bundled,linux/amd64,disease_cases,"population,precipitation,temperature",,False,any,False,ghcr.io/dhis2-chap/docker_for_epidemia:master,False,True,False
False,Implementation of autoEwarsCsd for compatiblity with CHAP on a district level,True,https://github.com/chap-models/ewars_per_district,R,ewars_per_district,2026-05-11T11:24:37Z,mlproject,pass,,197.2,data=curated+geo,linux/amd64,disease_cases,"population,rainfall,mean_temperature",,True,any,False,ghcr.io/dhis2-chap/chapkit-r-inla:latest,True,True,True
False,Clean chap-compatible re-implementation of the central ideas in ewars_Plus: Bayesian hierarchical NB+INLA with per-district adaptive lag selection.,False,https://github.com/chap-models/ewars_plus_template,R,ewars_plus_template,2026-05-28T13:39:17Z,,,,,,,,,,,,,,,,
False,Implementation of autoEwarsCsd for compatiblity with CHAP,True,https://github.com/chap-models/ewars_template,R,ewars_template,2026-05-06T09:29:10Z,mlproject,pass,,39.8,data=curated+geo,linux/amd64,disease_cases,population,,True,any,False,ghcr.io/dhis2-chap/docker_r_inla:master,True,True,True
False,,False,https://github.com/chap-models/mean,R,mean,2026-05-04T15:11:33Z,mlproject,pass,,15.7,data=curated+geo,linux/amd64,disease_cases,,,False,any,False,ghcr.io/dhis2-chap/chapkit-r-tidyverse:latest,True,True,True
False,,False,https://github.com/chap-models/minimal_template_example,Python,minimal_template_example,2026-08-19T12:17:55Z,mlproject,pass,,11.9,data=curated+geo,,disease_cases,,,False,any,False,,True,True,True
False,"A minimalist configurable CHAP-compatible model: one required covariate, free additional covariates, and a tunable n_lags parameter defined via a Pydantic config.",False,https://github.com/chap-models/minimalist_configurable_model,Python,minimalist_configurable_model,2026-06-14T12:44:21Z,,,,,,,,,,,,,,,,
False,"MSTL + AutoARIMA baseline for chap. Two-step pipeline: STL strips seasonality, AutoARIMA forecasts trend+remainder. Calibrated for small, noisy, highly-seasonal disease surveillance data.",False,https://github.com/chap-models/mstl_arima,Python,mstl_arima,2026-06-01T13:05:56Z,,,,,,,,,,,,,,,,
False,A work-in-progress of implementing a locally developed random forest model from Rwanda into Chap,False,https://github.com/chap-models/rwanda_random_forest,Python,rwanda_random_forest,2026-05-05T08:48:36Z,mlproject,pass,,99.4,data=bundled,,disease_cases,,,False,any,False,,True,True,True
False,"Sarimax model created by Rwanda modelers, to be compatible with Chap (under development and testing, not production-ready)",False,https://github.com/chap-models/rwanda_sarimax,Python,rwanda_sarimax,2026-04-22T14:14:03Z,mlproject,pass,,12.7,data=curated+geo,linux/amd64,disease_cases,,,False,any,False,ghcr.io/dhis2-chap/python_base_image:master,True,True,True
