model,weighting,location,split_first_period,n_cells,mean_crps
climatology,cases,LA-AT,200801,3,3.2099999999999995
climatology,cases,LA-AT,200804,3,7.314285714285714
climatology,cases,LA-AT,200807,3,13.49
climatology,cases,LA-AT,200810,3,37.098141592920356
climatology,cases,LA-AT,200901,3,58.99333734751773
climatology,cases,LA-AT,200904,3,83.56325585365853
climatology,cases,LA-AT,200907,3,44.0915323627451
climatology,cases,LA-AT,200910,3,10.055546846153845
climatology,cases,LA-BK,200801,3,0.81
climatology,cases,LA-BK,200804,3,44.68753846153846
climatology,cases,LA-BK,200807,3,23.434090909090912
climatology,cases,LA-BK,200810,3,48.20518518518519
climatology,cases,LA-BK,200901,3,0.7477024999999999
climatology,cases,LA-BK,200904,3,170.05864301365187
climatology,cases,LA-BK,200907,3,156.210432657754
climatology,cases,LA-BK,200910,3,18.887298725
climatology,cases,LA-BL,200801,3,4.408333333333333
climatology,cases,LA-BL,200804,3,9.130270270270271
climatology,cases,LA-BL,200807,3,23.938494623655917
climatology,cases,LA-BL,200810,3,8.993333333333336
climatology,cases,LA-BL,200901,3,0.8373826
climatology,cases,LA-BL,200904,3,13.744564666666669
climatology,cases,LA-BL,200907,3,23.504923363636365
climatology,cases,LA-BL,200910,3,10.327513
climatology,cases,LA-CH,200801,3,50.56650980392156
climatology,cases,LA-CH,200804,3,92.48486373165618
climatology,cases,LA-CH,200807,3,44.77026530612245
climatology,cases,LA-CH,200810,3,37.767492063492064
climatology,cases,LA-CH,200901,3,18.27190102877698
climatology,cases,LA-CH,200904,3,36.02535702054794
climatology,cases,LA-CH,200907,3,40.7156986379822
climatology,cases,LA-CH,200910,3,18.073832333333332
climatology,cases,LA-HO,200801,3,
climatology,cases,LA-HO,200804,3,
climatology,cases,LA-HO,200807,3,0.6900000000000002
climatology,cases,LA-HO,200810,3,0.65
climatology,cases,LA-HO,200901,3,
climatology,cases,LA-HO,200904,3,
climatology,cases,LA-HO,200907,3,0.5699339999999999
climatology,cases,LA-HO,200910,3,0.7904573333333333
climatology,cases,LA-KH,200801,3,
climatology,cases,LA-KH,200804,3,8.940000000000001
climatology,cases,LA-KH,200807,3,23.081428571428567
climatology,cases,LA-KH,200810,3,3.065
climatology,cases,LA-KH,200901,3,5.305124
climatology,cases,LA-KH,200904,3,43.41527195348838
climatology,cases,LA-KH,200907,3,155.55023377006805
climatology,cases,LA-KH,200910,3,55.278365384976524
climatology,cases,LA-LM,200801,3,
climatology,cases,LA-LM,200804,3,
climatology,cases,LA-LM,200807,3,
climatology,cases,LA-LM,200810,3,
climatology,cases,LA-LM,200901,3,
climatology,cases,LA-LM,200904,3,1.6087603333333333
climatology,cases,LA-LM,200907,3,3.335481
climatology,cases,LA-LM,200910,3,4.7158678
climatology,cases,LA-LP,200801,3,17.908947368421053
climatology,cases,LA-LP,200804,3,112.46792880258899
climatology,cases,LA-LP,200807,3,11.143023255813953
climatology,cases,LA-LP,200810,3,105.42312903225806
climatology,cases,LA-LP,200901,3,
climatology,cases,LA-LP,200904,3,5.813261999999998
climatology,cases,LA-LP,200907,3,200.02089276
climatology,cases,LA-LP,200910,3,103.84809467857144
climatology,cases,LA-OU,200801,3,
climatology,cases,LA-OU,200804,3,
climatology,cases,LA-OU,200807,3,
climatology,cases,LA-OU,200810,3,
climatology,cases,LA-OU,200901,3,
climatology,cases,LA-OU,200904,3,
climatology,cases,LA-OU,200907,3,13.7982645
climatology,cases,LA-OU,200910,3,14.06992272972973
climatology,cases,LA-PH,200901,3,
climatology,cases,LA-PH,200904,3,
climatology,cases,LA-PH,200907,2,
climatology,cases,LA-PH,200910,3,
climatology,cases,LA-SL,200801,3,4.016666666666667
climatology,cases,LA-SL,200804,3,166.57048048048048
climatology,cases,LA-SL,200807,3,69.19513274336283
climatology,cases,LA-SL,200810,3,71.6335
climatology,cases,LA-SL,200901,3,23.3560622
climatology,cases,LA-SL,200904,3,64.78570056830601
climatology,cases,LA-SL,200907,3,115.69562364397906
climatology,cases,LA-SL,200910,3,59.21233414838711
climatology,cases,LA-SV,200801,3,1.2733333333333334
climatology,cases,LA-SV,200804,3,63.92999999999999
climatology,cases,LA-SV,200807,3,143.7882352941176
climatology,cases,LA-SV,200810,3,46.46
climatology,cases,LA-SV,200901,3,
climatology,cases,LA-SV,200904,3,63.428528
climatology,cases,LA-SV,200907,3,92.7890744631579
climatology,cases,LA-SV,200910,3,20.906573037735846
climatology,cases,LA-VT,200801,3,8.138955223880597
climatology,cases,LA-VT,200804,3,76.36975308641975
climatology,cases,LA-VT,200807,3,154.44755760368662
climatology,cases,LA-VT,200810,3,59.33060317460318
climatology,cases,LA-VT,200901,3,6.6757990389610375
climatology,cases,LA-VT,200904,3,30.241654240837697
climatology,cases,LA-VT,200907,3,102.10596880496453
climatology,cases,LA-VT,200910,3,222.02273558415843
climatology,cases,LA-XA,200801,3,
climatology,cases,LA-XA,200804,3,11.937499999999998
climatology,cases,LA-XA,200807,3,20.072962962962965
climatology,cases,LA-XA,200810,3,1.7216666666666665
climatology,cases,LA-XA,200901,3,
climatology,cases,LA-XA,200904,3,12.8533632
climatology,cases,LA-XA,200907,3,13.792849661016948
climatology,cases,LA-XA,200910,3,2.723497000000001
climatology,cases,LA-XE,200801,3,
climatology,cases,LA-XE,200804,3,3.15
climatology,cases,LA-XE,200807,3,0.6699999999999999
climatology,cases,LA-XE,200810,3,0.790321
climatology,cases,LA-XE,200901,3,1.685686
climatology,cases,LA-XE,200904,3,5.243122916666667
climatology,cases,LA-XE,200907,3,24.025700596774193
climatology,cases,LA-XE,200910,3,5.0707148235294115
climatology,cases,LA-XI,200801,3,
climatology,cases,LA-XI,200804,3,1.0
climatology,cases,LA-XI,200807,3,
climatology,cases,LA-XI,200810,3,
climatology,cases,LA-XI,200901,3,
climatology,cases,LA-XI,200904,3,36.17037879166667
climatology,cases,LA-XI,200907,3,8.865965454545455
climatology,cases,LA-XI,200910,3,
ensemble,cases,LA-AT,200801,3,2.7118076666666666
ensemble,cases,LA-AT,200804,3,6.8760639999999995
ensemble,cases,LA-AT,200807,3,11.356019292682925
ensemble,cases,LA-AT,200810,3,28.417108053097344
ensemble,cases,LA-AT,200901,3,49.02677009219858
ensemble,cases,LA-AT,200904,3,54.9387468292683
ensemble,cases,LA-AT,200907,3,35.26300179411765
ensemble,cases,LA-AT,200910,3,5.601761769230769
ensemble,cases,LA-BK,200801,3,0.656509
ensemble,cases,LA-BK,200804,3,43.96590515384615
ensemble,cases,LA-BK,200807,3,14.204030954545454
ensemble,cases,LA-BK,200810,3,34.56229575925926
ensemble,cases,LA-BK,200901,3,0.6445204999999999
ensemble,cases,LA-BK,200904,3,172.79553702389077
ensemble,cases,LA-BK,200907,3,91.4024259144385
ensemble,cases,LA-BK,200910,3,13.110368725
ensemble,cases,LA-BL,200801,3,3.9435126666666673
ensemble,cases,LA-BL,200804,3,6.708087783783782
ensemble,cases,LA-BL,200807,3,11.737605677419358
ensemble,cases,LA-BL,200810,3,7.975744944444443
ensemble,cases,LA-BL,200901,3,1.3362524000000005
ensemble,cases,LA-BL,200904,3,8.087317666666667
ensemble,cases,LA-BL,200907,3,12.580457818181815
ensemble,cases,LA-BL,200910,3,5.05720725
ensemble,cases,LA-CH,200801,3,40.06507545098039
ensemble,cases,LA-CH,200804,3,93.65975442348008
ensemble,cases,LA-CH,200807,3,53.5965242489796
ensemble,cases,LA-CH,200810,3,34.676612523809524
ensemble,cases,LA-CH,200901,3,19.093562568345323
ensemble,cases,LA-CH,200904,3,38.148687267123286
ensemble,cases,LA-CH,200907,3,35.03168080118695
ensemble,cases,LA-CH,200910,3,20.45112513492063
ensemble,cases,LA-HO,200801,3,
ensemble,cases,LA-HO,200804,3,
ensemble,cases,LA-HO,200807,3,0.632692
ensemble,cases,LA-HO,200810,3,0.4009029999999999
ensemble,cases,LA-HO,200901,3,
ensemble,cases,LA-HO,200904,3,
ensemble,cases,LA-HO,200907,3,0.6261210000000001
ensemble,cases,LA-HO,200910,3,0.413696
ensemble,cases,LA-KH,200801,3,
ensemble,cases,LA-KH,200804,3,5.121627
ensemble,cases,LA-KH,200807,3,8.40248957142857
ensemble,cases,LA-KH,200810,3,2.345554
ensemble,cases,LA-KH,200901,3,3.2914440000000003
ensemble,cases,LA-KH,200904,3,45.81227902325582
ensemble,cases,LA-KH,200907,3,173.39171326938776
ensemble,cases,LA-KH,200910,3,40.524231065727705
ensemble,cases,LA-LM,200801,3,
ensemble,cases,LA-LM,200804,3,
ensemble,cases,LA-LM,200807,3,
ensemble,cases,LA-LM,200810,3,
ensemble,cases,LA-LM,200901,3,
ensemble,cases,LA-LM,200904,3,1.2973166666666667
ensemble,cases,LA-LM,200907,3,2.1340124
ensemble,cases,LA-LM,200910,3,2.8997112
ensemble,cases,LA-LP,200801,3,13.64847357894737
ensemble,cases,LA-LP,200804,3,102.84718041100325
ensemble,cases,LA-LP,200807,3,20.729764232558146
ensemble,cases,LA-LP,200810,3,106.5014725451613
ensemble,cases,LA-LP,200901,3,
ensemble,cases,LA-LP,200904,3,4.729019000000001
ensemble,cases,LA-LP,200907,3,216.27915239199996
ensemble,cases,LA-LP,200910,3,70.61735138095237
ensemble,cases,LA-OU,200801,3,
ensemble,cases,LA-OU,200804,3,
ensemble,cases,LA-OU,200807,3,
ensemble,cases,LA-OU,200810,3,
ensemble,cases,LA-OU,200901,3,
ensemble,cases,LA-OU,200904,3,
ensemble,cases,LA-OU,200907,3,13.1192483125
ensemble,cases,LA-OU,200910,3,8.270165243243243
ensemble,cases,LA-PH,200901,3,
ensemble,cases,LA-PH,200904,3,
ensemble,cases,LA-PH,200907,2,
ensemble,cases,LA-PH,200910,3,
ensemble,cases,LA-SL,200801,3,2.0220126666666665
ensemble,cases,LA-SL,200804,3,169.71332736936935
ensemble,cases,LA-SL,200807,3,42.02859121681416
ensemble,cases,LA-SL,200810,3,35.82751744166668
ensemble,cases,LA-SL,200901,3,18.4042621
ensemble,cases,LA-SL,200904,3,62.89036028961748
ensemble,cases,LA-SL,200907,3,90.44041108115182
ensemble,cases,LA-SL,200910,3,31.83040350967742
ensemble,cases,LA-SV,200801,3,2.583615333333333
ensemble,cases,LA-SV,200804,3,21.653574
ensemble,cases,LA-SV,200807,3,41.81237358823529
ensemble,cases,LA-SV,200810,3,15.225023666666672
ensemble,cases,LA-SV,200901,3,
ensemble,cases,LA-SV,200904,3,25.79598899999999
ensemble,cases,LA-SV,200907,3,31.68306270526315
ensemble,cases,LA-SV,200910,3,13.66200132075472
ensemble,cases,LA-VT,200801,3,12.640017074626863
ensemble,cases,LA-VT,200804,3,49.32445307407407
ensemble,cases,LA-VT,200807,3,67.40504241935484
ensemble,cases,LA-VT,200810,3,40.72084612698413
ensemble,cases,LA-VT,200901,3,11.692283519480519
ensemble,cases,LA-VT,200904,3,33.39132785340314
ensemble,cases,LA-VT,200907,3,120.25006634751772
ensemble,cases,LA-VT,200910,3,157.88648132531827
ensemble,cases,LA-XA,200801,3,
ensemble,cases,LA-XA,200804,3,5.651622750000001
ensemble,cases,LA-XA,200807,3,10.656338074074077
ensemble,cases,LA-XA,200810,3,2.152847166666668
ensemble,cases,LA-XA,200901,3,
ensemble,cases,LA-XA,200904,3,8.837827266666665
ensemble,cases,LA-XA,200907,3,12.482630813559322
ensemble,cases,LA-XA,200910,3,3.1189295
ensemble,cases,LA-XE,200801,3,
ensemble,cases,LA-XE,200804,3,3.34568
ensemble,cases,LA-XE,200807,3,0.7915860000000001
ensemble,cases,LA-XE,200810,3,0.455555
ensemble,cases,LA-XE,200901,3,1.2098735
ensemble,cases,LA-XE,200904,3,4.9947930000000005
ensemble,cases,LA-XE,200907,3,20.26775306451613
ensemble,cases,LA-XE,200910,3,3.050356117647059
ensemble,cases,LA-XI,200801,3,
ensemble,cases,LA-XI,200804,3,0.7839289999999999
ensemble,cases,LA-XI,200807,3,
ensemble,cases,LA-XI,200810,3,
ensemble,cases,LA-XI,200901,3,
ensemble,cases,LA-XI,200904,3,35.606378791666664
ensemble,cases,LA-XI,200907,3,6.198922999999999
ensemble,cases,LA-XI,200910,3,
persistence,cases,LA-AT,200801,3,2.796329666666667
persistence,cases,LA-AT,200804,3,7.3336238571428565
persistence,cases,LA-AT,200807,3,8.223655390243902
persistence,cases,LA-AT,200810,3,15.993470477876103
persistence,cases,LA-AT,200901,3,35.81397216312057
persistence,cases,LA-AT,200904,3,26.688091999999997
persistence,cases,LA-AT,200907,3,25.628935539215686
persistence,cases,LA-AT,200910,3,4.662739615384615
persistence,cases,LA-BK,200801,3,0.702799
persistence,cases,LA-BK,200804,3,44.44340978461539
persistence,cases,LA-BK,200807,3,25.38096181818182
persistence,cases,LA-BK,200810,3,18.333017444444447
persistence,cases,LA-BK,200901,3,3.3968995
persistence,cases,LA-BK,200904,3,176.0052476211604
persistence,cases,LA-BK,200907,3,55.5378017540107
persistence,cases,LA-BK,200910,3,26.142843949999996
persistence,cases,LA-BL,200801,3,5.058522
persistence,cases,LA-BL,200804,3,8.397324918918919
persistence,cases,LA-BL,200807,3,8.918813161290322
persistence,cases,LA-BL,200810,3,13.749586444444446
persistence,cases,LA-BL,200901,3,3.220668400000001
persistence,cases,LA-BL,200904,3,4.8979703333333315
persistence,cases,LA-BL,200907,3,14.874450727272729
persistence,cases,LA-BL,200910,3,3.5043690000000005
persistence,cases,LA-CH,200801,3,17.50777674509804
persistence,cases,LA-CH,200804,3,96.60419601886794
persistence,cases,LA-CH,200807,3,95.01053230408164
persistence,cases,LA-CH,200810,3,49.95234581904762
persistence,cases,LA-CH,200901,3,20.023489633093526
persistence,cases,LA-CH,200904,3,29.93300991095891
persistence,cases,LA-CH,200907,3,13.614202830860533
persistence,cases,LA-CH,200910,3,40.495123388888885
persistence,cases,LA-HO,200801,3,
persistence,cases,LA-HO,200804,3,
persistence,cases,LA-HO,200807,3,0.809768
persistence,cases,LA-HO,200810,3,0.0263769999999999
persistence,cases,LA-HO,200901,3,
persistence,cases,LA-HO,200904,3,
persistence,cases,LA-HO,200907,3,0.809768
persistence,cases,LA-HO,200910,3,0.024633666666666634
persistence,cases,LA-KH,200801,3,
persistence,cases,LA-KH,200804,3,3.0462299999999978
persistence,cases,LA-KH,200807,3,3.336286857142857
persistence,cases,LA-KH,200810,3,2.907927375
persistence,cases,LA-KH,200901,3,3.796149
persistence,cases,LA-KH,200904,3,50.557096372093035
persistence,cases,LA-KH,200907,3,153.08613475238093
persistence,cases,LA-KH,200910,3,176.0775973004695
persistence,cases,LA-LM,200801,3,
persistence,cases,LA-LM,200804,3,
persistence,cases,LA-LM,200807,3,
persistence,cases,LA-LM,200810,3,
persistence,cases,LA-LM,200901,3,
persistence,cases,LA-LM,200904,3,1.473476
persistence,cases,LA-LM,200907,3,1.5990373999999998
persistence,cases,LA-LM,200910,3,1.0109488
persistence,cases,LA-LP,200801,3,8.777413000000001
persistence,cases,LA-LP,200804,3,90.39357862783173
persistence,cases,LA-LP,200807,3,127.75032530232558
persistence,cases,LA-LP,200810,3,98.06723082580646
persistence,cases,LA-LP,200901,3,
persistence,cases,LA-LP,200904,3,5.2004459999999995
persistence,cases,LA-LP,200907,3,234.50664193600002
persistence,cases,LA-LP,200910,3,158.26645892857144
persistence,cases,LA-OU,200801,3,
persistence,cases,LA-OU,200804,3,
persistence,cases,LA-OU,200807,3,
persistence,cases,LA-OU,200810,3,
persistence,cases,LA-OU,200901,3,
persistence,cases,LA-OU,200904,3,
persistence,cases,LA-OU,200907,3,13.8516420625
persistence,cases,LA-OU,200910,3,3.4081075135135133
persistence,cases,LA-PH,200901,3,
persistence,cases,LA-PH,200904,3,
persistence,cases,LA-PH,200907,2,
persistence,cases,LA-PH,200910,3,
persistence,cases,LA-SL,200801,3,2.104452
persistence,cases,LA-SL,200804,3,176.1722497087087
persistence,cases,LA-SL,200807,3,144.86456263716815
persistence,cases,LA-SL,200810,3,19.11741456666667
persistence,cases,LA-SL,200901,3,14.361985420000002
persistence,cases,LA-SL,200904,3,65.19119910928961
persistence,cases,LA-SL,200907,3,88.37757409947645
persistence,cases,LA-SL,200910,3,21.438933561290323
persistence,cases,LA-SV,200801,3,8.831128999999999
persistence,cases,LA-SV,200804,3,14.380604636363637
persistence,cases,LA-SV,200807,3,8.41306817647059
persistence,cases,LA-SV,200810,3,7.7225245
persistence,cases,LA-SV,200901,3,
persistence,cases,LA-SV,200904,3,12.976107
persistence,cases,LA-SV,200907,3,23.99355530526316
persistence,cases,LA-SV,200910,3,20.056636358490568
persistence,cases,LA-VT,200801,3,49.126539119402985
persistence,cases,LA-VT,200804,3,31.346089580246904
persistence,cases,LA-VT,200807,3,50.76615783410138
persistence,cases,LA-VT,200810,3,43.45751506666667
persistence,cases,LA-VT,200901,3,41.837200519480525
persistence,cases,LA-VT,200904,3,35.002996560209425
persistence,cases,LA-VT,200907,3,190.15030189539007
persistence,cases,LA-VT,200910,3,49.69533245190947
persistence,cases,LA-XA,200801,3,
persistence,cases,LA-XA,200804,3,4.057084
persistence,cases,LA-XA,200807,3,7.488698296296297
persistence,cases,LA-XA,200810,3,1.8751956666666671
persistence,cases,LA-XA,200901,3,
persistence,cases,LA-XA,200904,3,9.1363642
persistence,cases,LA-XA,200907,3,11.958797203389832
persistence,cases,LA-XA,200910,3,4.7732719999999995
persistence,cases,LA-XE,200801,3,
persistence,cases,LA-XE,200804,3,4.053398
persistence,cases,LA-XE,200807,3,3.2153919999999996
persistence,cases,LA-XE,200810,3,0.120054
persistence,cases,LA-XE,200901,3,0.691757
persistence,cases,LA-XE,200904,3,4.598642833333333
persistence,cases,LA-XE,200907,3,16.531916096774196
persistence,cases,LA-XE,200910,3,0.9996126470588237
persistence,cases,LA-XI,200801,3,
persistence,cases,LA-XI,200804,3,0.948757
persistence,cases,LA-XI,200807,3,
persistence,cases,LA-XI,200810,3,
persistence,cases,LA-XI,200901,3,
persistence,cases,LA-XI,200904,3,36.18288683333334
persistence,cases,LA-XI,200907,3,23.753559818181824
persistence,cases,LA-XI,200910,3,
reference,cases,LA-AT,200801,3,2.313538166666667
reference,cases,LA-AT,200804,3,3.3994134642857143
reference,cases,LA-AT,200807,3,12.459933085365854
reference,cases,LA-AT,200810,3,29.121285342920356
reference,cases,LA-AT,200901,3,45.81337244148936
reference,cases,LA-AT,200904,3,48.35774620121951
reference,cases,LA-AT,200907,3,35.52143756862745
reference,cases,LA-AT,200910,3,6.100516903846154
reference,cases,LA-BK,200801,3,0.95601925
reference,cases,LA-BK,200804,3,43.45474654615385
reference,cases,LA-BK,200807,3,17.36440900568182
reference,cases,LA-BK,200810,3,34.163475537037044
reference,cases,LA-BK,200901,3,0.56088625
reference,cases,LA-BK,200904,3,118.98727603754266
reference,cases,LA-BK,200907,3,138.77603001871657
reference,cases,LA-BK,200910,3,18.03514121875
reference,cases,LA-BL,200801,3,5.280260944444445
reference,cases,LA-BL,200804,3,6.729239554054053
reference,cases,LA-BL,200807,3,19.762690771505376
reference,cases,LA-BL,200810,3,5.6079749861111114
reference,cases,LA-BL,200901,3,1.3079029500000001
reference,cases,LA-BL,200904,3,4.548512361111111
reference,cases,LA-BL,200907,3,18.751690471590912
reference,cases,LA-BL,200910,3,2.6053509375
reference,cases,LA-CH,200801,3,41.95310705098039
reference,cases,LA-CH,200804,3,91.97192654821804
reference,cases,LA-CH,200807,3,103.47345074693877
reference,cases,LA-CH,200810,3,43.139563148412705
reference,cases,LA-CH,200901,3,20.50507143884892
reference,cases,LA-CH,200904,3,63.77547592123288
reference,cases,LA-CH,200907,3,66.41083160608305
reference,cases,LA-CH,200910,3,17.14382076388889
reference,cases,LA-HO,200801,3,
reference,cases,LA-HO,200804,3,
reference,cases,LA-HO,200807,3,0.7446340000000005
reference,cases,LA-HO,200810,3,0.8974147499999999
reference,cases,LA-HO,200901,3,
reference,cases,LA-HO,200904,3,
reference,cases,LA-HO,200907,3,0.7268472499999997
reference,cases,LA-HO,200910,3,0.7454293333333334
reference,cases,LA-KH,200801,3,
reference,cases,LA-KH,200804,3,2.6191885000000004
reference,cases,LA-KH,200807,3,4.434301464285713
reference,cases,LA-KH,200810,3,2.270672125
reference,cases,LA-KH,200901,3,4.757184
reference,cases,LA-KH,200904,3,60.4778864883721
reference,cases,LA-KH,200907,3,211.42252331836735
reference,cases,LA-KH,200910,3,32.68234396478873
reference,cases,LA-LM,200801,3,
reference,cases,LA-LM,200804,3,
reference,cases,LA-LM,200807,3,
reference,cases,LA-LM,200810,3,
reference,cases,LA-LM,200901,3,
reference,cases,LA-LM,200904,3,1.5022814166666667
reference,cases,LA-LM,200907,3,2.1056764500000007
reference,cases,LA-LM,200910,3,3.641350483333333
reference,cases,LA-LP,200801,3,17.815445565789474
reference,cases,LA-LP,200804,3,87.15964408090615
reference,cases,LA-LP,200807,3,9.139533331395349
reference,cases,LA-LP,200810,3,124.10828686370968
reference,cases,LA-LP,200901,3,
reference,cases,LA-LP,200904,3,71.9808455
reference,cases,LA-LP,200907,3,241.13176978266662
reference,cases,LA-LP,200910,3,58.73644524702381
reference,cases,LA-OU,200801,3,
reference,cases,LA-OU,200804,3,
reference,cases,LA-OU,200807,3,
reference,cases,LA-OU,200810,3,
reference,cases,LA-OU,200901,3,
reference,cases,LA-OU,200904,3,
reference,cases,LA-OU,200907,3,8.871769734375
reference,cases,LA-OU,200910,3,11.38224362162162
reference,cases,LA-PH,200901,3,
reference,cases,LA-PH,200904,3,
reference,cases,LA-PH,200907,2,
reference,cases,LA-PH,200910,3,
reference,cases,LA-SL,200801,3,3.15963675
reference,cases,LA-SL,200804,3,153.36196540615614
reference,cases,LA-SL,200807,3,49.47147443030973
reference,cases,LA-SL,200810,3,30.11580221458333
reference,cases,LA-SL,200901,3,16.116774775
reference,cases,LA-SL,200904,3,38.07639384836066
reference,cases,LA-SL,200907,3,96.07467437827225
reference,cases,LA-SL,200910,3,26.90826342419355
reference,cases,LA-SV,200801,3,2.3555214166666665
reference,cases,LA-SV,200804,3,22.847590795454543
reference,cases,LA-SV,200807,3,22.722698779411758
reference,cases,LA-SV,200810,3,3.3200240000000005
reference,cases,LA-SV,200901,3,
reference,cases,LA-SV,200904,3,1.6869117500000002
reference,cases,LA-SV,200907,3,31.371638834210508
reference,cases,LA-SV,200910,3,11.865151509433963
reference,cases,LA-VT,200801,3,12.130021656716416
reference,cases,LA-VT,200804,3,56.60298014506173
reference,cases,LA-VT,200807,3,87.00289857488477
reference,cases,LA-VT,200810,3,49.103639335714284
reference,cases,LA-VT,200901,3,15.395218737012987
reference,cases,LA-VT,200904,3,129.14575714921466
reference,cases,LA-VT,200907,3,227.63934934751776
reference,cases,LA-VT,200910,3,231.24248634388258
reference,cases,LA-XA,200801,3,
reference,cases,LA-XA,200804,3,2.1120893124999998
reference,cases,LA-XA,200807,3,9.06812961111111
reference,cases,LA-XA,200810,3,1.1305810833333334
reference,cases,LA-XA,200901,3,
reference,cases,LA-XA,200904,3,5.366601266666666
reference,cases,LA-XA,200907,3,16.902697512711864
reference,cases,LA-XA,200910,3,3.3239149999999995
reference,cases,LA-XE,200801,3,
reference,cases,LA-XE,200804,3,3.87301125
reference,cases,LA-XE,200807,3,0.6918269999999999
reference,cases,LA-XE,200810,3,0.86535475
reference,cases,LA-XE,200901,3,1.818526625
reference,cases,LA-XE,200904,3,4.601806708333333
reference,cases,LA-XE,200907,3,21.9383197016129
reference,cases,LA-XE,200910,3,5.050668264705883
reference,cases,LA-XI,200801,3,
reference,cases,LA-XI,200804,3,0.8408530000000001
reference,cases,LA-XI,200807,3,
reference,cases,LA-XI,200810,3,
reference,cases,LA-XI,200901,3,
reference,cases,LA-XI,200904,3,36.13295984375
reference,cases,LA-XI,200907,3,6.537925386363637
reference,cases,LA-XI,200910,3,
reference_r1,cases,LA-AT,200801,3,2.323233
reference_r1,cases,LA-AT,200804,3,3.2690194285714282
reference_r1,cases,LA-AT,200807,3,12.521436341463417
reference_r1,cases,LA-AT,200810,3,30.428573787610617
reference_r1,cases,LA-AT,200901,3,46.60984782269503
reference_r1,cases,LA-AT,200904,3,48.82699875609757
reference_r1,cases,LA-AT,200907,3,34.643432558823534
reference_r1,cases,LA-AT,200910,3,6.133572692307693
reference_r1,cases,LA-BK,200801,3,0.956484
reference_r1,cases,LA-BK,200804,3,44.808705984615386
reference_r1,cases,LA-BK,200807,3,16.969550318181817
reference_r1,cases,LA-BK,200810,3,34.21438910185185
reference_r1,cases,LA-BK,200901,3,0.5433280000000001
reference_r1,cases,LA-BK,200904,3,119.69634211262796
reference_r1,cases,LA-BK,200907,3,136.74290934224598
reference_r1,cases,LA-BK,200910,3,18.610651725000004
reference_r1,cases,LA-BL,200801,3,5.335013388888889
reference_r1,cases,LA-BL,200804,3,5.203692675675676
reference_r1,cases,LA-BL,200807,3,20.482556655913974
reference_r1,cases,LA-BL,200810,3,5.516849777777777
reference_r1,cases,LA-BL,200901,3,1.3209944000000002
reference_r1,cases,LA-BL,200904,3,4.441401666666667
reference_r1,cases,LA-BL,200907,3,18.110720568181822
reference_r1,cases,LA-BL,200910,3,2.475481
reference_r1,cases,LA-CH,200801,3,41.162353882352946
reference_r1,cases,LA-CH,200804,3,78.47064936687632
reference_r1,cases,LA-CH,200807,3,104.14685247755101
reference_r1,cases,LA-CH,200810,3,44.29212894603174
reference_r1,cases,LA-CH,200901,3,20.481752107913668
reference_r1,cases,LA-CH,200904,3,63.84230259589041
reference_r1,cases,LA-CH,200907,3,66.18617405341243
reference_r1,cases,LA-CH,200910,3,16.65776022222222
reference_r1,cases,LA-HO,200801,3,
reference_r1,cases,LA-HO,200804,3,
reference_r1,cases,LA-HO,200807,3,0.6532730000000004
reference_r1,cases,LA-HO,200810,3,0.902553
reference_r1,cases,LA-HO,200901,3,
reference_r1,cases,LA-HO,200904,3,
reference_r1,cases,LA-HO,200907,3,0.7578110000000002
reference_r1,cases,LA-HO,200910,3,0.749842
reference_r1,cases,LA-KH,200801,3,
reference_r1,cases,LA-KH,200804,3,2.6881449999999996
reference_r1,cases,LA-KH,200807,3,4.090433142857143
reference_r1,cases,LA-KH,200810,3,2.28090975
reference_r1,cases,LA-KH,200901,3,4.723357
reference_r1,cases,LA-KH,200904,3,61.93909851162791
reference_r1,cases,LA-KH,200907,3,209.04040400408167
reference_r1,cases,LA-KH,200910,3,31.87443873239436
reference_r1,cases,LA-LM,200801,3,
reference_r1,cases,LA-LM,200804,3,
reference_r1,cases,LA-LM,200807,3,
reference_r1,cases,LA-LM,200810,3,
reference_r1,cases,LA-LM,200901,3,
reference_r1,cases,LA-LM,200904,3,1.4886359999999998
reference_r1,cases,LA-LM,200907,3,2.042115400000001
reference_r1,cases,LA-LM,200910,3,3.639917866666666
reference_r1,cases,LA-LP,200801,3,17.68742457894737
reference_r1,cases,LA-LP,200804,3,73.70828673139158
reference_r1,cases,LA-LP,200807,3,9.319234767441861
reference_r1,cases,LA-LP,200810,3,124.47126905483871
reference_r1,cases,LA-LP,200901,3,
reference_r1,cases,LA-LP,200904,3,75.091924
reference_r1,cases,LA-LP,200907,3,234.69838331466664
reference_r1,cases,LA-LP,200910,3,57.55605523809525
reference_r1,cases,LA-OU,200801,3,
reference_r1,cases,LA-OU,200804,3,
reference_r1,cases,LA-OU,200807,3,
reference_r1,cases,LA-OU,200810,3,
reference_r1,cases,LA-OU,200901,3,
reference_r1,cases,LA-OU,200904,3,
reference_r1,cases,LA-OU,200907,3,8.391268187499998
reference_r1,cases,LA-OU,200910,3,11.550772
reference_r1,cases,LA-PH,200901,3,
reference_r1,cases,LA-PH,200904,3,
reference_r1,cases,LA-PH,200907,2,
reference_r1,cases,LA-PH,200910,3,
reference_r1,cases,LA-SL,200801,3,3.142046
reference_r1,cases,LA-SL,200804,3,155.9318004924925
reference_r1,cases,LA-SL,200807,3,49.43063478318584
reference_r1,cases,LA-SL,200810,3,31.276930283333336
reference_r1,cases,LA-SL,200901,3,16.133129699999998
reference_r1,cases,LA-SL,200904,3,37.946986404371586
reference_r1,cases,LA-SL,200907,3,93.32239253664922
reference_r1,cases,LA-SL,200910,3,26.331378187096774
reference_r1,cases,LA-SV,200801,3,2.3743020000000006
reference_r1,cases,LA-SV,200804,3,26.516965545454546
reference_r1,cases,LA-SV,200807,3,23.17761982352941
reference_r1,cases,LA-SV,200810,3,3.3285516666666677
reference_r1,cases,LA-SV,200901,3,
reference_r1,cases,LA-SV,200904,3,1.7302809999999995
reference_r1,cases,LA-SV,200907,3,33.835226673684176
reference_r1,cases,LA-SV,200910,3,12.594539264150944
reference_r1,cases,LA-VT,200801,3,11.76531985074627
reference_r1,cases,LA-VT,200804,3,59.804754469135794
reference_r1,cases,LA-VT,200807,3,87.32765494009216
reference_r1,cases,LA-VT,200810,3,51.23795964761905
reference_r1,cases,LA-VT,200901,3,14.917770077922075
reference_r1,cases,LA-VT,200904,3,123.0997374973822
reference_r1,cases,LA-VT,200907,3,229.81609380851063
reference_r1,cases,LA-VT,200910,3,229.8905144957567
reference_r1,cases,LA-XA,200801,3,
reference_r1,cases,LA-XA,200804,3,1.9389804999999996
reference_r1,cases,LA-XA,200807,3,8.792511259259255
reference_r1,cases,LA-XA,200810,3,1.0806336666666665
reference_r1,cases,LA-XA,200901,3,
reference_r1,cases,LA-XA,200904,3,5.349265999999999
reference_r1,cases,LA-XA,200907,3,16.283123711864405
reference_r1,cases,LA-XA,200910,3,3.0251709999999994
reference_r1,cases,LA-XE,200801,3,
reference_r1,cases,LA-XE,200804,3,4.076605000000001
reference_r1,cases,LA-XE,200807,3,0.646874
reference_r1,cases,LA-XE,200810,3,0.896913
reference_r1,cases,LA-XE,200901,3,1.8144295
reference_r1,cases,LA-XE,200904,3,4.574986999999999
reference_r1,cases,LA-XE,200907,3,21.60602862903226
reference_r1,cases,LA-XE,200910,3,4.077769823529411
reference_r1,cases,LA-XI,200801,3,
reference_r1,cases,LA-XI,200804,3,0.935106
reference_r1,cases,LA-XI,200807,3,
reference_r1,cases,LA-XI,200810,3,
reference_r1,cases,LA-XI,200901,3,
reference_r1,cases,LA-XI,200904,3,36.12623683333334
reference_r1,cases,LA-XI,200907,3,6.390451454545453
reference_r1,cases,LA-XI,200910,3,
reference_r2,cases,LA-AT,200801,3,2.3021016666666667
reference_r2,cases,LA-AT,200804,3,4.229480285714286
reference_r2,cases,LA-AT,200807,3,12.544044073170733
reference_r2,cases,LA-AT,200810,3,30.31013953097345
reference_r2,cases,LA-AT,200901,3,46.425128645390075
reference_r2,cases,LA-AT,200904,3,46.416497463414636
reference_r2,cases,LA-AT,200907,3,34.573346392156864
reference_r2,cases,LA-AT,200910,3,6.24911776923077
reference_r2,cases,LA-BK,200801,3,0.948692
reference_r2,cases,LA-BK,200804,3,39.53163221538462
reference_r2,cases,LA-BK,200807,3,17.506287636363638
reference_r2,cases,LA-BK,200810,3,34.91484882407408
reference_r2,cases,LA-BK,200901,3,0.5253345
reference_r2,cases,LA-BK,200904,3,118.99149514334474
reference_r2,cases,LA-BK,200907,3,136.50193388235294
reference_r2,cases,LA-BK,200910,3,19.280094624999997
reference_r2,cases,LA-BL,200801,3,5.1499714999999995
reference_r2,cases,LA-BL,200804,3,10.705845135135135
reference_r2,cases,LA-BL,200807,3,19.59870325806451
reference_r2,cases,LA-BL,200810,3,5.52619677777778
reference_r2,cases,LA-BL,200901,3,1.3383108
reference_r2,cases,LA-BL,200904,3,4.2087185555555555
reference_r2,cases,LA-BL,200907,3,18.24966929545455
reference_r2,cases,LA-BL,200910,3,2.7699232499999997
reference_r2,cases,LA-CH,200801,3,40.685228250980394
reference_r2,cases,LA-CH,200804,3,124.64182627882597
reference_r2,cases,LA-CH,200807,3,104.81736819591838
reference_r2,cases,LA-CH,200810,3,45.69711776507937
reference_r2,cases,LA-CH,200901,3,21.318384582733813
reference_r2,cases,LA-CH,200904,3,61.88471701369864
reference_r2,cases,LA-CH,200907,3,66.15878640059346
reference_r2,cases,LA-CH,200910,3,18.26398111904762
reference_r2,cases,LA-HO,200801,3,
reference_r2,cases,LA-HO,200804,3,
reference_r2,cases,LA-HO,200807,3,0.8657190000000003
reference_r2,cases,LA-HO,200810,3,0.8987419999999999
reference_r2,cases,LA-HO,200901,3,
reference_r2,cases,LA-HO,200904,3,
reference_r2,cases,LA-HO,200907,3,0.782449999999999
reference_r2,cases,LA-HO,200910,3,0.746921
reference_r2,cases,LA-KH,200801,3,
reference_r2,cases,LA-KH,200804,3,2.284251000000001
reference_r2,cases,LA-KH,200807,3,4.57390657142857
reference_r2,cases,LA-KH,200810,3,2.3431156250000003
reference_r2,cases,LA-KH,200901,3,4.787865
reference_r2,cases,LA-KH,200904,3,59.522434813953495
reference_r2,cases,LA-KH,200907,3,206.5929192979592
reference_r2,cases,LA-KH,200910,3,33.19512764319249
reference_r2,cases,LA-LM,200801,3,
reference_r2,cases,LA-LM,200804,3,
reference_r2,cases,LA-LM,200807,3,
reference_r2,cases,LA-LM,200810,3,
reference_r2,cases,LA-LM,200901,3,
reference_r2,cases,LA-LM,200904,3,1.5021039999999999
reference_r2,cases,LA-LM,200907,3,2.0610418
reference_r2,cases,LA-LM,200910,3,3.6149812666666663
reference_r2,cases,LA-LP,200801,3,17.757738842105265
reference_r2,cases,LA-LP,200804,3,125.05430796116505
reference_r2,cases,LA-LP,200807,3,9.089461534883721
reference_r2,cases,LA-LP,200810,3,124.49455879354838
reference_r2,cases,LA-LP,200901,3,
reference_r2,cases,LA-LP,200904,3,70.77148200000002
reference_r2,cases,LA-LP,200907,3,239.6025468053333
reference_r2,cases,LA-LP,200910,3,60.369246357142856
reference_r2,cases,LA-OU,200801,3,
reference_r2,cases,LA-OU,200804,3,
reference_r2,cases,LA-OU,200807,3,
reference_r2,cases,LA-OU,200810,3,
reference_r2,cases,LA-OU,200901,3,
reference_r2,cases,LA-OU,200904,3,
reference_r2,cases,LA-OU,200907,3,8.6188935625
reference_r2,cases,LA-OU,200910,3,11.301394594594596
reference_r2,cases,LA-PH,200901,3,
reference_r2,cases,LA-PH,200904,3,
reference_r2,cases,LA-PH,200907,2,
reference_r2,cases,LA-PH,200910,3,
reference_r2,cases,LA-SL,200801,3,3.0831660000000003
reference_r2,cases,LA-SL,200804,3,151.55911683783785
reference_r2,cases,LA-SL,200807,3,48.51451497345133
reference_r2,cases,LA-SL,200810,3,31.006128941666667
reference_r2,cases,LA-SL,200901,3,16.21094208
reference_r2,cases,LA-SL,200904,3,38.95909207650273
reference_r2,cases,LA-SL,200907,3,93.38450652617801
reference_r2,cases,LA-SL,200910,3,26.683406606451612
reference_r2,cases,LA-SV,200801,3,2.4318183333333327
reference_r2,cases,LA-SV,200804,3,15.254642000000008
reference_r2,cases,LA-SV,200807,3,21.83572947058821
reference_r2,cases,LA-SV,200810,3,3.365669166666667
reference_r2,cases,LA-SV,200901,3,
reference_r2,cases,LA-SV,200904,3,1.7325730000000004
reference_r2,cases,LA-SV,200907,3,35.61783312631577
reference_r2,cases,LA-SV,200910,3,11.562198264150943
reference_r2,cases,LA-VT,200801,3,12.474846910447761
reference_r2,cases,LA-VT,200804,3,27.641394790123467
reference_r2,cases,LA-VT,200807,3,85.51869737327189
reference_r2,cases,LA-VT,200810,3,51.46205069841271
reference_r2,cases,LA-VT,200901,3,15.036235259740259
reference_r2,cases,LA-VT,200904,3,126.65574857591622
reference_r2,cases,LA-VT,200907,3,224.8467250319149
reference_r2,cases,LA-VT,200910,3,222.8432598479491
reference_r2,cases,LA-XA,200801,3,
reference_r2,cases,LA-XA,200804,3,2.5290057499999996
reference_r2,cases,LA-XA,200807,3,8.707813333333334
reference_r2,cases,LA-XA,200810,3,1.1265263333333333
reference_r2,cases,LA-XA,200901,3,
reference_r2,cases,LA-XA,200904,3,5.5012555999999995
reference_r2,cases,LA-XA,200907,3,16.649627661016947
reference_r2,cases,LA-XA,200910,3,3.5404015
reference_r2,cases,LA-XE,200801,3,
reference_r2,cases,LA-XE,200804,3,3.517428
reference_r2,cases,LA-XE,200807,3,0.6821890000000002
reference_r2,cases,LA-XE,200810,3,0.878037
reference_r2,cases,LA-XE,200901,3,1.8323399999999999
reference_r2,cases,LA-XE,200904,3,4.544012166666667
reference_r2,cases,LA-XE,200907,3,21.260954709677417
reference_r2,cases,LA-XE,200910,3,5.512143823529414
reference_r2,cases,LA-XI,200801,3,
reference_r2,cases,LA-XI,200804,3,0.5715620000000001
reference_r2,cases,LA-XI,200807,3,
reference_r2,cases,LA-XI,200810,3,
reference_r2,cases,LA-XI,200901,3,
reference_r2,cases,LA-XI,200904,3,36.139878958333334
reference_r2,cases,LA-XI,200907,3,6.317432545454545
reference_r2,cases,LA-XI,200910,3,
reference_r3,cases,LA-AT,200801,3,2.2492753333333333
reference_r3,cases,LA-AT,200804,3,3.065115571428572
reference_r3,cases,LA-AT,200807,3,12.750971634146342
reference_r3,cases,LA-AT,200810,3,25.695340628318586
reference_r3,cases,LA-AT,200901,3,46.71950495035461
reference_r3,cases,LA-AT,200904,3,49.56056609756097
reference_r3,cases,LA-AT,200907,3,37.98885858823529
reference_r3,cases,LA-AT,200910,3,6.048733846153845
reference_r3,cases,LA-BK,200801,3,0.948676
reference_r3,cases,LA-BK,200804,3,44.77330878461538
reference_r3,cases,LA-BK,200807,3,17.294540068181817
reference_r3,cases,LA-BK,200810,3,32.40238551851853
reference_r3,cases,LA-BK,200901,3,0.5147734999999999
reference_r3,cases,LA-BK,200904,3,118.55300248464164
reference_r3,cases,LA-BK,200907,3,146.05628928342244
reference_r3,cases,LA-BK,200910,3,16.316794275
reference_r3,cases,LA-BL,200801,3,5.364345166666666
reference_r3,cases,LA-BL,200804,3,5.635240891891893
reference_r3,cases,LA-BL,200807,3,19.37059121505376
reference_r3,cases,LA-BL,200810,3,5.999083055555556
reference_r3,cases,LA-BL,200901,3,1.2951404
reference_r3,cases,LA-BL,200904,3,4.950087444444445
reference_r3,cases,LA-BL,200907,3,20.491030386363633
reference_r3,cases,LA-BL,200910,3,2.436375
reference_r3,cases,LA-CH,200801,3,44.25349731764705
reference_r3,cases,LA-CH,200804,3,86.80411472746331
reference_r3,cases,LA-CH,200807,3,105.23748104693874
reference_r3,cases,LA-CH,200810,3,37.90511692380952
reference_r3,cases,LA-CH,200901,3,20.886226294964032
reference_r3,cases,LA-CH,200904,3,64.57121371232877
reference_r3,cases,LA-CH,200907,3,68.10449157566765
reference_r3,cases,LA-CH,200910,3,15.708565753968253
reference_r3,cases,LA-HO,200801,3,
reference_r3,cases,LA-HO,200804,3,
reference_r3,cases,LA-HO,200807,3,0.7766020000000005
reference_r3,cases,LA-HO,200810,3,0.874354
reference_r3,cases,LA-HO,200901,3,
reference_r3,cases,LA-HO,200904,3,
reference_r3,cases,LA-HO,200907,3,0.6488049999999999
reference_r3,cases,LA-HO,200910,3,0.7681316666666667
reference_r3,cases,LA-KH,200801,3,
reference_r3,cases,LA-KH,200804,3,2.8948620000000007
reference_r3,cases,LA-KH,200807,3,5.067346285714286
reference_r3,cases,LA-KH,200810,3,2.118942625
reference_r3,cases,LA-KH,200901,3,4.828799999999999
reference_r3,cases,LA-KH,200904,3,60.5166268372093
reference_r3,cases,LA-KH,200907,3,228.18514184897953
reference_r3,cases,LA-KH,200910,3,32.28137157276995
reference_r3,cases,LA-LM,200801,3,
reference_r3,cases,LA-LM,200804,3,
reference_r3,cases,LA-LM,200807,3,
reference_r3,cases,LA-LM,200810,3,
reference_r3,cases,LA-LM,200901,3,
reference_r3,cases,LA-LM,200904,3,1.5145393333333332
reference_r3,cases,LA-LM,200907,3,2.0965131999999995
reference_r3,cases,LA-LM,200910,3,3.6465123333333334
reference_r3,cases,LA-LP,200801,3,17.923570157894737
reference_r3,cases,LA-LP,200804,3,78.83855149190939
reference_r3,cases,LA-LP,200807,3,8.977539813953486
reference_r3,cases,LA-LP,200810,3,122.72236784516129
reference_r3,cases,LA-LP,200901,3,
reference_r3,cases,LA-LP,200904,3,71.29301699999999
reference_r3,cases,LA-LP,200907,3,256.7048468986667
reference_r3,cases,LA-LP,200910,3,54.7023125595238
reference_r3,cases,LA-OU,200801,3,
reference_r3,cases,LA-OU,200804,3,
reference_r3,cases,LA-OU,200807,3,
reference_r3,cases,LA-OU,200810,3,
reference_r3,cases,LA-OU,200901,3,
reference_r3,cases,LA-OU,200904,3,
reference_r3,cases,LA-OU,200907,3,9.8727768125
reference_r3,cases,LA-OU,200910,3,11.46916454054054
reference_r3,cases,LA-PH,200901,3,
reference_r3,cases,LA-PH,200904,3,
reference_r3,cases,LA-PH,200907,2,
reference_r3,cases,LA-PH,200910,3,
reference_r3,cases,LA-SL,200801,3,3.2542240000000002
reference_r3,cases,LA-SL,200804,3,154.19964490990992
reference_r3,cases,LA-SL,200807,3,50.60115296017699
reference_r3,cases,LA-SL,200810,3,28.244083983333336
reference_r3,cases,LA-SL,200901,3,16.23964402
reference_r3,cases,LA-SL,200904,3,38.14510758469945
reference_r3,cases,LA-SL,200907,3,104.46688125916232
reference_r3,cases,LA-SL,200910,3,27.070089890322578
reference_r3,cases,LA-SV,200801,3,2.2210219999999996
reference_r3,cases,LA-SV,200804,3,24.646978727272725
reference_r3,cases,LA-SV,200807,3,23.786046529411745
reference_r3,cases,LA-SV,200810,3,3.2166303333333333
reference_r3,cases,LA-SV,200901,3,
reference_r3,cases,LA-SV,200904,3,1.6046540000000005
reference_r3,cases,LA-SV,200907,3,23.603525652631575
reference_r3,cases,LA-SV,200910,3,12.375528471698114
reference_r3,cases,LA-VT,200801,3,12.644190656716418
reference_r3,cases,LA-VT,200804,3,74.16931554320986
reference_r3,cases,LA-VT,200807,3,83.99346633179722
reference_r3,cases,LA-VT,200810,3,43.2405383015873
reference_r3,cases,LA-VT,200901,3,16.01231022077922
reference_r3,cases,LA-VT,200904,3,141.1955794816754
reference_r3,cases,LA-VT,200907,3,228.38990797340426
reference_r3,cases,LA-VT,200910,3,245.0992563698727
reference_r3,cases,LA-XA,200801,3,
reference_r3,cases,LA-XA,200804,3,2.0055552499999996
reference_r3,cases,LA-XA,200807,3,9.20117822222222
reference_r3,cases,LA-XA,200810,3,1.2097505
reference_r3,cases,LA-XA,200901,3,
reference_r3,cases,LA-XA,200904,3,5.2699372
reference_r3,cases,LA-XA,200907,3,18.074445118644068
reference_r3,cases,LA-XA,200910,3,3.2655930000000004
reference_r3,cases,LA-XE,200801,3,
reference_r3,cases,LA-XE,200804,3,3.906143
reference_r3,cases,LA-XE,200807,3,0.6863719999999995
reference_r3,cases,LA-XE,200810,3,0.8194619999999999
reference_r3,cases,LA-XE,200901,3,1.8129025
reference_r3,cases,LA-XE,200904,3,4.771358916666666
reference_r3,cases,LA-XE,200907,3,23.66512670967742
reference_r3,cases,LA-XE,200910,3,4.307012352941179
reference_r3,cases,LA-XI,200801,3,
reference_r3,cases,LA-XI,200804,3,0.927383
reference_r3,cases,LA-XI,200807,3,
reference_r3,cases,LA-XI,200810,3,
reference_r3,cases,LA-XI,200901,3,
reference_r3,cases,LA-XI,200904,3,36.13026604166666
reference_r3,cases,LA-XI,200907,3,7.135262545454546
reference_r3,cases,LA-XI,200910,3,
reference_r4,cases,LA-AT,200801,3,2.3795426666666666
reference_r4,cases,LA-AT,200804,3,3.0340385714285714
reference_r4,cases,LA-AT,200807,3,12.023280292682927
reference_r4,cases,LA-AT,200810,3,30.05108742477876
reference_r4,cases,LA-AT,200901,3,43.49900834751774
reference_r4,cases,LA-AT,200904,3,48.626922487804876
reference_r4,cases,LA-AT,200907,3,34.88011273529412
reference_r4,cases,LA-AT,200910,3,5.970643307692307
reference_r4,cases,LA-BK,200801,3,0.970225
reference_r4,cases,LA-BK,200804,3,44.7053392
reference_r4,cases,LA-BK,200807,3,17.687258
reference_r4,cases,LA-BK,200810,3,35.1222787037037
reference_r4,cases,LA-BK,200901,3,0.6601090000000002
reference_r4,cases,LA-BK,200904,3,118.70826440955632
reference_r4,cases,LA-BK,200907,3,135.8029875668449
reference_r4,cases,LA-BK,200910,3,17.933024249999992
reference_r4,cases,LA-BL,200801,3,5.271713722222222
reference_r4,cases,LA-BL,200804,3,5.372179513513514
reference_r4,cases,LA-BL,200807,3,19.598911956989244
reference_r4,cases,LA-BL,200810,3,5.389770333333334
reference_r4,cases,LA-BL,200901,3,1.2771662000000001
reference_r4,cases,LA-BL,200904,3,4.5938417777777785
reference_r4,cases,LA-BL,200907,3,18.155341636363634
reference_r4,cases,LA-BL,200910,3,2.7396245
reference_r4,cases,LA-CH,200801,3,41.71134875294118
reference_r4,cases,LA-CH,200804,3,77.97111581970648
reference_r4,cases,LA-CH,200807,3,99.69210126734694
reference_r4,cases,LA-CH,200810,3,44.66388895873016
reference_r4,cases,LA-CH,200901,3,19.333922769784177
reference_r4,cases,LA-CH,200904,3,64.8036703630137
reference_r4,cases,LA-CH,200907,3,65.19387439465866
reference_r4,cases,LA-CH,200910,3,17.94497596031746
reference_r4,cases,LA-HO,200801,3,
reference_r4,cases,LA-HO,200804,3,
reference_r4,cases,LA-HO,200807,3,0.6829420000000006
reference_r4,cases,LA-HO,200810,3,0.91401
reference_r4,cases,LA-HO,200901,3,
reference_r4,cases,LA-HO,200904,3,
reference_r4,cases,LA-HO,200907,3,0.7183229999999998
reference_r4,cases,LA-HO,200910,3,0.7168226666666667
reference_r4,cases,LA-KH,200801,3,
reference_r4,cases,LA-KH,200804,3,2.609496
reference_r4,cases,LA-KH,200807,3,4.005519857142855
reference_r4,cases,LA-KH,200810,3,2.3397205
reference_r4,cases,LA-KH,200901,3,4.688714
reference_r4,cases,LA-KH,200904,3,59.933385790697685
reference_r4,cases,LA-KH,200907,3,201.87162812244895
reference_r4,cases,LA-KH,200910,3,33.37843791079812
reference_r4,cases,LA-LM,200801,3,
reference_r4,cases,LA-LM,200804,3,
reference_r4,cases,LA-LM,200807,3,
reference_r4,cases,LA-LM,200810,3,
reference_r4,cases,LA-LM,200901,3,
reference_r4,cases,LA-LM,200904,3,1.5038463333333334
reference_r4,cases,LA-LM,200907,3,2.2230354000000014
reference_r4,cases,LA-LM,200910,3,3.663990466666667
reference_r4,cases,LA-LP,200801,3,17.893048684210527
reference_r4,cases,LA-LP,200804,3,71.03743013915857
reference_r4,cases,LA-LP,200807,3,9.171897209302324
reference_r4,cases,LA-LP,200810,3,124.74495176129032
reference_r4,cases,LA-LP,200901,3,
reference_r4,cases,LA-LP,200904,3,70.76695899999999
reference_r4,cases,LA-LP,200907,3,233.52130211199997
reference_r4,cases,LA-LP,200910,3,62.31816683333332
reference_r4,cases,LA-OU,200801,3,
reference_r4,cases,LA-OU,200804,3,
reference_r4,cases,LA-OU,200807,3,
reference_r4,cases,LA-OU,200810,3,
reference_r4,cases,LA-OU,200901,3,
reference_r4,cases,LA-OU,200904,3,
reference_r4,cases,LA-OU,200907,3,8.604140374999997
reference_r4,cases,LA-OU,200910,3,11.207643351351349
reference_r4,cases,LA-PH,200901,3,
reference_r4,cases,LA-PH,200904,3,
reference_r4,cases,LA-PH,200907,2,
reference_r4,cases,LA-PH,200910,3,
reference_r4,cases,LA-SL,200801,3,3.159111
reference_r4,cases,LA-SL,200804,3,151.7572993843844
reference_r4,cases,LA-SL,200807,3,49.33959500442477
reference_r4,cases,LA-SL,200810,3,29.936065649999993
reference_r4,cases,LA-SL,200901,3,15.8833833
reference_r4,cases,LA-SL,200904,3,37.254389327868864
reference_r4,cases,LA-SL,200907,3,93.12491719109948
reference_r4,cases,LA-SL,200910,3,27.54817901290322
reference_r4,cases,LA-SV,200801,3,2.3949433333333334
reference_r4,cases,LA-SV,200804,3,24.971776909090917
reference_r4,cases,LA-SV,200807,3,22.091399294117664
reference_r4,cases,LA-SV,200810,3,3.3692448333333336
reference_r4,cases,LA-SV,200901,3,
reference_r4,cases,LA-SV,200904,3,1.6801389999999996
reference_r4,cases,LA-SV,200907,3,32.42996988421047
reference_r4,cases,LA-SV,200910,3,10.928340037735849
reference_r4,cases,LA-VT,200801,3,11.635729208955224
reference_r4,cases,LA-VT,200804,3,64.7964557777778
reference_r4,cases,LA-VT,200807,3,91.17177565437781
reference_r4,cases,LA-VT,200810,3,50.4740086952381
reference_r4,cases,LA-VT,200901,3,15.61455938961039
reference_r4,cases,LA-VT,200904,3,125.6319630418848
reference_r4,cases,LA-VT,200907,3,227.50467057624115
reference_r4,cases,LA-VT,200910,3,227.13691466195192
reference_r4,cases,LA-XA,200801,3,
reference_r4,cases,LA-XA,200804,3,1.9748157500000003
reference_r4,cases,LA-XA,200807,3,9.57101562962963
reference_r4,cases,LA-XA,200810,3,1.1054138333333337
reference_r4,cases,LA-XA,200901,3,
reference_r4,cases,LA-XA,200904,3,5.345946266666666
reference_r4,cases,LA-XA,200907,3,16.60359355932204
reference_r4,cases,LA-XA,200910,3,3.4644945000000016
reference_r4,cases,LA-XE,200801,3,
reference_r4,cases,LA-XE,200804,3,3.991869
reference_r4,cases,LA-XE,200807,3,0.7518729999999998
reference_r4,cases,LA-XE,200810,3,0.867007
reference_r4,cases,LA-XE,200901,3,1.8144345
reference_r4,cases,LA-XE,200904,3,4.5168687499999995
reference_r4,cases,LA-XE,200907,3,21.22116875806452
reference_r4,cases,LA-XE,200910,3,6.305747058823528
reference_r4,cases,LA-XI,200801,3,
reference_r4,cases,LA-XI,200804,3,0.929361
reference_r4,cases,LA-XI,200807,3,
reference_r4,cases,LA-XI,200810,3,
reference_r4,cases,LA-XI,200901,3,
reference_r4,cases,LA-XI,200904,3,36.135457541666675
reference_r4,cases,LA-XI,200907,3,6.308555000000001
reference_r4,cases,LA-XI,200910,3,
