location,time_period,horizon_distance,model,against,crps_model,crps_against,split_first_period,diff
LA-AT,200801,1,ensemble,reference,3.325916,2.8567205,200801,0.4691954999999996
LA-AT,200802,2,ensemble,reference,1.483591,1.2271735,200801,0.2564175000000002
LA-AT,200803,3,ensemble,reference,0.0340559999999999,0.07830275,200801,-0.0442467500000001
LA-AT,200804,1,ensemble,reference,0.072783,0.50567575,200804,-0.43289275
LA-AT,200805,2,ensemble,reference,3.1269340000000003,1.56358275,200804,1.5633512500000004
LA-AT,200806,3,ensemble,reference,8.375716,4.13374575,200804,4.2419702500000005
LA-AT,200807,1,ensemble,reference,2.653834,3.5250217500000014,200807,-0.8711877500000016
LA-AT,200808,2,ensemble,reference,5.451832999999999,6.766005999999999,200807,-1.3141730000000005
LA-AT,200809,3,ensemble,reference,16.237651,17.3033775,200807,-1.0657265000000002
LA-AT,200810,1,ensemble,reference,32.892655000000005,30.770417750000004,200810,2.1222372500000013
LA-AT,200811,2,ensemble,reference,31.990983999999997,33.719483249999996,200810,-1.7284992499999987
LA-AT,200812,3,ensemble,reference,12.589831,17.15468825,200810,-4.564857249999999
LA-AT,200901,1,ensemble,reference,10.013741,8.29974025,200901,1.7140007500000003
LA-AT,200902,2,ensemble,reference,35.385786,38.76478525,200901,-3.3789992499999997
LA-AT,200903,3,ensemble,reference,66.354209,58.79363725,200901,7.560571749999994
LA-AT,200904,1,ensemble,reference,64.663822,50.53175225,200904,14.13206975
LA-AT,200905,2,ensemble,reference,4.918756000000002,48.4498705,200904,-43.5311145
LA-AT,200906,3,ensemble,reference,15.109056999999998,39.38997125,200904,-24.28091425
LA-AT,200907,1,ensemble,reference,51.232094,48.98766975,200907,2.2444242499999945
LA-AT,200908,2,ensemble,reference,10.239017999999998,14.9626135,200907,-4.723595500000002
LA-AT,200909,3,ensemble,reference,7.110377000000001,10.2212285,200907,-3.1108515
LA-AT,200910,1,ensemble,reference,3.065195000000001,6.4422120000000005,200910,-3.3770169999999995
LA-AT,200911,2,ensemble,reference,7.438162999999999,6.16758375,200910,1.270579249999999
LA-AT,200912,3,ensemble,reference,3.177176,5.693875249999999,200910,-2.516699249999999
LA-BK,200801,1,ensemble,reference,0.656509,0.95601925,200801,-0.29951025
LA-BK,200802,2,ensemble,reference,0.044509,4.6500000000000046e-05,200801,0.0444625
LA-BK,200803,3,ensemble,reference,0.05556,2.8000000000000247e-05,200801,0.055532
LA-BK,200804,1,ensemble,reference,0.062354,0.0264175,200804,0.0359364999999999
LA-BK,200805,2,ensemble,reference,10.944936,10.713214999999998,200804,0.231721000000002
LA-BK,200806,3,ensemble,reference,51.442350999999995,50.8679235,200804,0.5744274999999917
LA-BK,200807,1,ensemble,reference,3.948242000000001,1.96930125,200807,1.978940750000001
LA-BK,200808,2,ensemble,reference,6.317213999999998,5.856817999999999,200807,0.4603959999999993
LA-BK,200809,3,ensemble,reference,16.976544,21.43587975,200807,-4.459335750000001
LA-BK,200810,1,ensemble,reference,31.627713999999997,21.940763500000003,200810,9.686950499999996
LA-BK,200811,2,ensemble,reference,39.888643,47.66615875,200810,-7.777515749999999
LA-BK,200812,3,ensemble,reference,4.144461,2.97199575,200810,1.1724652499999997
LA-BK,200901,1,ensemble,reference,0.6687049999999999,0.45439075,200901,0.2143142499999998
LA-BK,200902,2,ensemble,reference,0.4177709999999999,0.30116375,200901,0.1166072499999998
LA-BK,200903,3,ensemble,reference,0.6430849999999999,0.6673817500000001,200901,-0.0242967500000002
LA-BK,200904,1,ensemble,reference,2.079636,1.287469,200904,0.7921669999999998
LA-BK,200905,2,ensemble,reference,72.492446,43.308491,200904,29.183955000000005
LA-BK,200906,3,ensemble,reference,212.429026,146.54898674999998,200904,65.88003925000001
LA-BK,200907,1,ensemble,reference,118.019133,188.15685825,200907,-70.13772525
LA-BK,200908,2,ensemble,reference,66.65942100000001,90.8190615,200907,-24.159640499999995
LA-BK,200909,3,ensemble,reference,36.81570099999999,38.901625249999995,200907,-2.085924250000005
LA-BK,200910,1,ensemble,reference,16.212137,20.581325999999997,200910,-4.369188999999999
LA-BK,200911,2,ensemble,reference,5.1431450000000005,12.810468749999998,200910,-7.667323749999998
LA-BK,200912,3,ensemble,reference,4.861389000000001,4.833049750000001,200910,0.0283392500000001
LA-BL,200801,1,ensemble,reference,4.827346000000001,5.3708495,200801,-0.543503499999999
LA-BL,200802,2,ensemble,reference,2.9907209999999997,5.84484275,200801,-2.85412175
LA-BL,200803,3,ensemble,reference,1.7747210000000004,0.42230275,200801,1.3524182500000004
LA-BL,200804,1,ensemble,reference,2.1557400000000007,1.6217134999999998,200804,0.5340265000000008
LA-BL,200805,2,ensemble,reference,5.774754,6.6790910000000006,200804,-0.9043370000000008
LA-BL,200806,3,ensemble,reference,8.163721999999996,7.575282,200804,0.5884399999999967
LA-BL,200807,1,ensemble,reference,11.719025999999996,20.087886249999997,200807,-8.368860250000001
LA-BL,200808,2,ensemble,reference,11.374851000000008,20.6089715,200807,-9.23412049999999
LA-BL,200809,3,ensemble,reference,12.143743,18.523956,200807,-6.380212999999998
LA-BL,200810,1,ensemble,reference,13.203408,9.729708250000002,200810,3.473699749999998
LA-BL,200811,2,ensemble,reference,6.094951999999999,4.276498999999999,200810,1.818453
LA-BL,200812,3,ensemble,reference,4.406944999999999,0.9770205,200810,3.4299244999999985
LA-BL,200901,1,ensemble,reference,1.21352,0.7456575000000001,200901,0.4678624999999998
LA-BL,200902,2,ensemble,reference,1.3716119999999998,1.68273325,200901,-0.3111212500000002
LA-BL,200903,3,ensemble,reference,1.932632,1.1302832499999995,200901,0.8023487500000004
LA-BL,200904,1,ensemble,reference,2.067305,0.8048480000000001,200904,1.262457
LA-BL,200905,2,ensemble,reference,8.818379999999998,3.829161000000001,200904,4.989218999999997
LA-BL,200906,3,ensemble,reference,10.121265999999997,5.61813075,200904,4.503135249999997
LA-BL,200907,1,ensemble,reference,13.216497000000004,21.985704500000004,200907,-8.7692075
LA-BL,200908,2,ensemble,reference,13.223394,6.174969249999998,200907,7.048424750000002
LA-BL,200909,3,ensemble,reference,18.744039,4.862042999999998,200907,13.881996000000004
LA-BL,200910,1,ensemble,reference,7.561399999999999,5.49467175,200910,2.066728249999999
LA-BL,200911,2,ensemble,reference,5.674681999999999,2.1073274999999994,200910,3.5673544999999995
LA-BL,200912,3,ensemble,reference,2.145799000000001,0.712077,200910,1.4337220000000013
LA-CH,200801,1,ensemble,reference,31.196128,29.3396385,200801,1.856489500000002
LA-CH,200802,2,ensemble,reference,42.616792,43.54995375,200801,-0.9331617500000036
LA-CH,200803,3,ensemble,reference,44.606148,50.399487500000006,200801,-5.793339500000009
LA-CH,200804,1,ensemble,reference,23.228058999999995,27.6368465,200804,-4.408787500000006
LA-CH,200805,2,ensemble,reference,37.905097999999995,52.862192500000006,200804,-14.95709450000001
LA-CH,200806,3,ensemble,reference,131.490477,122.0008095,200804,9.489667499999996
LA-CH,200807,1,ensemble,reference,53.09202000000002,96.85658924999996,200807,-43.76456924999994
LA-CH,200808,2,ensemble,reference,53.167674000000005,88.99043875000001,200807,-35.822764750000005
LA-CH,200809,3,ensemble,reference,54.36979600000001,120.46265225,200807,-66.09285625
LA-CH,200810,1,ensemble,reference,36.526210000000006,47.67266175,200810,-11.146451749999995
LA-CH,200811,2,ensemble,reference,34.073481,44.33711,200810,-10.263629000000002
LA-CH,200812,3,ensemble,reference,31.972170999999996,32.772664750000004,200810,-0.8004937500000082
LA-CH,200901,1,ensemble,reference,12.039282000000004,10.049703,200901,1.9895790000000044
LA-CH,200902,2,ensemble,reference,19.042226,25.96861525,200901,-6.92638925
LA-CH,200903,3,ensemble,reference,23.79482100000001,21.53617675,200901,2.2586442500000103
LA-CH,200904,1,ensemble,reference,48.027085,36.957363,200904,11.069722
LA-CH,200905,2,ensemble,reference,21.279398,75.32216250000002,200904,-54.04276450000002
LA-CH,200906,3,ensemble,reference,40.19517499999999,79.6897195,200904,-39.4945445
LA-CH,200907,1,ensemble,reference,38.99004600000001,71.15796999999995,200907,-32.16792399999994
LA-CH,200908,2,ensemble,reference,35.355481,65.9228705,200907,-30.567389500000004
LA-CH,200909,3,ensemble,reference,32.75183100000001,61.406306249999965,200907,-28.654475249999955
LA-CH,200910,1,ensemble,reference,22.436043000000012,20.148328999999997,200910,2.2877140000000153
LA-CH,200911,2,ensemble,reference,17.586979,16.137065750000005,200910,1.4499132499999945
LA-CH,200912,3,ensemble,reference,18.700944999999997,12.705397,200910,5.995547999999998
LA-HO,200801,1,ensemble,reference,0.1291999999999999,0.0033932499999999,200801,0.12580675
LA-HO,200802,2,ensemble,reference,0.127531,0.00093875,200801,0.12659225
LA-HO,200803,3,ensemble,reference,0.135912,0.0085314999999999,200801,0.1273805000000001
LA-HO,200804,1,ensemble,reference,0.035385,0.013471,200804,0.021914
LA-HO,200805,2,ensemble,reference,0.037908,0.022683,200804,0.0152249999999999
LA-HO,200806,3,ensemble,reference,0.081486,0.03302,200804,0.048466
LA-HO,200807,1,ensemble,reference,0.129947,0.3769914999999997,200807,-0.2470444999999997
LA-HO,200808,2,ensemble,reference,0.079635,0.4492542499999994,200807,-0.3696192499999994
LA-HO,200809,3,ensemble,reference,0.632692,0.7446340000000005,200807,-0.1119420000000004
LA-HO,200810,1,ensemble,reference,0.193712,0.06861625,200810,0.12509575
LA-HO,200811,2,ensemble,reference,0.1289849999999999,0.00963075,200810,0.1193542499999999
LA-HO,200812,3,ensemble,reference,0.4009029999999999,0.8974147499999999,200810,-0.49651175
LA-HO,200901,1,ensemble,reference,0.1418999999999999,0.0162604999999999,200901,0.1256395
LA-HO,200902,2,ensemble,reference,0.127793,0.0244919999999999,200901,0.103301
LA-HO,200903,3,ensemble,reference,0.145978,0.02520025,200901,0.1207777499999999
LA-HO,200904,1,ensemble,reference,0.033745,0.00536225,200904,0.0283827499999999
LA-HO,200905,2,ensemble,reference,0.0343089999999999,0.011925,200904,0.0223839999999999
LA-HO,200906,3,ensemble,reference,0.073162,0.0431117499999999,200904,0.0300502500000001
LA-HO,200907,1,ensemble,reference,0.14259,0.2975690000000003,200907,-0.1549790000000003
LA-HO,200908,2,ensemble,reference,0.0794589999999999,0.4700382500000002,200907,-0.3905792500000003
LA-HO,200909,3,ensemble,reference,0.659662,0.7268472499999997,200907,-0.0671852499999997
LA-HO,200910,1,ensemble,reference,0.3964040000000001,0.5777009999999999,200910,-0.1812969999999998
LA-HO,200911,2,ensemble,reference,0.447026,0.78325125,200910,-0.33622525
LA-HO,200912,3,ensemble,reference,0.422497,0.87533575,200910,-0.4528387499999999
LA-KH,200801,1,ensemble,reference,0.8199129999999997,0.7769425,200801,0.0429704999999996
LA-KH,200802,2,ensemble,reference,0.6248490000000011,0.0899645,200801,0.5348845000000011
LA-KH,200803,3,ensemble,reference,0.4709110000000001,0.08083225,200801,0.3900787500000001
LA-KH,200804,1,ensemble,reference,0.624377,0.50089525,200804,0.1234817499999999
LA-KH,200805,2,ensemble,reference,2.078646000000001,1.0987155,200804,0.9799305000000008
LA-KH,200806,3,ensemble,reference,5.121627,2.6191885000000004,200804,2.5024385
LA-KH,200807,1,ensemble,reference,11.525532999999996,4.206672750000001,200807,7.318860249999995
LA-KH,200808,2,ensemble,reference,12.797047,4.554646249999996,200807,8.242400750000003
LA-KH,200809,3,ensemble,reference,6.060206999999998,4.605022999999997,200807,1.455184000000001
LA-KH,200810,1,ensemble,reference,4.258993,0.7503565,200810,3.5086365
LA-KH,200811,2,ensemble,reference,1.7026769999999996,1.5314975000000002,200810,0.1711794999999993
LA-KH,200812,3,ensemble,reference,2.3493519999999997,3.205132,200810,-0.8557800000000002
LA-KH,200901,1,ensemble,reference,1.19698,0.0789115,200901,1.1180685
LA-KH,200902,2,ensemble,reference,0.8723609999999997,0.0184859999999999,200901,0.8538749999999998
LA-KH,200903,3,ensemble,reference,3.2658439999999995,4.757184,200901,-1.49134
LA-KH,200904,1,ensemble,reference,1.0771509999999995,0.36157825,200904,0.7155727499999995
LA-KH,200905,2,ensemble,reference,2.9700299999999995,2.211093,200904,0.7589369999999995
LA-KH,200906,3,ensemble,reference,48.37878500000001,64.847896,200904,-16.469110999999998
LA-KH,200907,1,ensemble,reference,80.378724,116.86190075,200907,-36.48317675
LA-KH,200908,2,ensemble,reference,195.539507,248.8047135,200907,-53.265206500000005
LA-KH,200909,3,ensemble,reference,193.60968,223.44451925,200907,-29.834839250000016
LA-KH,200910,1,ensemble,reference,41.235783000000005,43.194995,200910,-1.9592119999999935
LA-KH,200911,2,ensemble,reference,38.347657000000005,21.677693499999997,200910,16.66996350000001
LA-KH,200912,3,ensemble,reference,41.09206,29.364558,200910,11.727501999999998
LA-LM,200801,1,ensemble,reference,0.017015,0.0001869999999999,200801,0.0168280000000001
LA-LM,200802,2,ensemble,reference,0.0286569999999999,6.124999999999989e-05,200801,0.0285957499999999
LA-LM,200803,3,ensemble,reference,0.041325,2.3000000000000346e-05,200801,0.041302
LA-LM,200804,1,ensemble,reference,0.0242209999999999,0.0076832499999999,200804,0.0165377499999999
LA-LM,200805,2,ensemble,reference,0.0363399999999999,0.0507185,200804,-0.0143785000000001
LA-LM,200806,3,ensemble,reference,0.0338189999999999,0.07468125,200804,-0.0408622500000001
LA-LM,200807,1,ensemble,reference,0.077377,0.9505770000000008,200807,-0.8732000000000008
LA-LM,200808,2,ensemble,reference,0.0781069999999999,0.5011180000000002,200807,-0.4230110000000002
LA-LM,200809,3,ensemble,reference,0.072764,0.7134750000000003,200807,-0.6407110000000003
LA-LM,200810,1,ensemble,reference,0.089212,0.02528225,200810,0.06392975
LA-LM,200811,2,ensemble,reference,0.0532529999999999,0.00321175,200810,0.0500412499999999
LA-LM,200812,3,ensemble,reference,0.0186459999999999,0.0007694999999999,200810,0.0178765
LA-LM,200901,1,ensemble,reference,0.0225799999999999,0.0001122499999999,200901,0.0224677499999999
LA-LM,200902,2,ensemble,reference,0.026785,0.0001109999999999,200901,0.0266740000000001
LA-LM,200903,3,ensemble,reference,0.038751,0.0004552499999999,200901,0.0382957500000001
LA-LM,200904,1,ensemble,reference,0.7394200000000001,0.95552225,200904,-0.2161022499999999
LA-LM,200905,2,ensemble,reference,0.032582,0.0038972499999999,200904,0.0286847500000001
LA-LM,200906,3,ensemble,reference,1.574557,1.775661,200904,-0.2011039999999999
LA-LM,200907,1,ensemble,reference,0.461006,0.93713525,200907,-0.4761292499999999
LA-LM,200908,2,ensemble,reference,0.2989860000000002,1.1261882500000011,200907,-0.8272022500000009
LA-LM,200909,3,ensemble,reference,2.552041,2.3978117500000007,200907,0.1542292499999993
LA-LM,200910,1,ensemble,reference,2.5956859999999997,2.75320575,200910,-0.15751975
LA-LM,200911,2,ensemble,reference,3.745199,4.56897925,200910,-0.82378025
LA-LM,200912,3,ensemble,reference,1.990633,3.36008825,200910,-1.36945525
LA-LP,200801,1,ensemble,reference,1.0086030000000008,0.82532475,200801,0.1832782500000007
LA-LP,200802,2,ensemble,reference,10.705016,14.229039,200801,-3.5240229999999997
LA-LP,200803,3,ensemble,reference,15.789170000000002,20.42374125,200801,-4.634571249999997
LA-LP,200804,1,ensemble,reference,19.405671,20.079706,200804,-0.6740349999999999
LA-LP,200805,2,ensemble,reference,96.270809,82.12704175,200804,14.143767249999996
LA-LP,200806,3,ensemble,reference,124.824861,104.643518,200804,20.181343
LA-LP,200807,1,ensemble,reference,21.105495000000005,9.964950000000002,200807,11.140545000000005
LA-LP,200808,2,ensemble,reference,21.89409,8.36418425,200807,13.52990575
LA-LP,200809,3,ensemble,reference,19.21919800000001,8.916167,200807,10.30303100000001
LA-LP,200810,1,ensemble,reference,12.184459,17.1979405,200810,-5.013481500000001
LA-LP,200811,2,ensemble,reference,89.066329,107.752947,200810,-18.68661800000001
LA-LP,200812,3,ensemble,reference,138.395498,157.80555925,200810,-19.410061249999984
LA-LP,200901,1,ensemble,reference,10.467495999999995,7.926249,200901,2.541246999999995
LA-LP,200902,2,ensemble,reference,10.102093,5.34566875,200901,4.75642425
LA-LP,200903,3,ensemble,reference,10.507437000000005,12.5922905,200901,-2.084853499999996
LA-LP,200904,1,ensemble,reference,0.9306670000000006,11.6730205,200904,-10.7423535
LA-LP,200905,2,ensemble,reference,2.2078950000000006,34.6189255,200904,-32.4110305
LA-LP,200906,3,ensemble,reference,4.212406999999999,71.9808455,200904,-67.7684385
LA-LP,200907,1,ensemble,reference,9.077391,20.95936,200907,-11.881969
LA-LP,200908,2,ensemble,reference,10.576521000000003,21.068553,200907,-10.492031999999998
LA-LP,200909,3,ensemble,reference,256.666559,284.7330325,200907,-28.066473499999972
LA-LP,200910,1,ensemble,reference,81.991951,69.28776425,200910,12.704186750000003
LA-LP,200911,2,ensemble,reference,50.78615599999999,38.725323,200910,12.060832999999988
LA-LP,200912,3,ensemble,reference,23.404828999999992,6.0545695,200910,17.350259499999993
LA-OU,200801,1,ensemble,reference,0.0280199999999999,0.0009954999999999,200801,0.0270245
LA-OU,200802,2,ensemble,reference,0.023536,0.0001854999999999,200801,0.0233505000000001
LA-OU,200803,3,ensemble,reference,0.026693,6.374999999999979e-05,200801,0.02662925
LA-OU,200804,1,ensemble,reference,0.0236989999999999,0.021019,200804,0.0026799999999999
LA-OU,200805,2,ensemble,reference,0.036403,0.0979922499999999,200804,-0.0615892499999999
LA-OU,200806,3,ensemble,reference,0.056641,0.169309,200804,-0.1126679999999999
LA-OU,200807,1,ensemble,reference,0.0838999999999999,1.9330165000000017,200807,-1.8491165000000016
LA-OU,200808,2,ensemble,reference,0.1027489999999999,1.27780225,200807,-1.17505325
LA-OU,200809,3,ensemble,reference,0.075434,1.5425357500000008,200807,-1.4671017500000008
LA-OU,200810,1,ensemble,reference,0.061056,0.0331582499999999,200810,0.02789775
LA-OU,200811,2,ensemble,reference,0.036785,0.0057727499999999,200810,0.0310122500000001
LA-OU,200812,3,ensemble,reference,0.021689,0.00139925,200810,0.02028975
LA-OU,200901,1,ensemble,reference,0.023007,0.0002072499999999,200901,0.0227997500000001
LA-OU,200902,2,ensemble,reference,0.02627,0.0001965,200901,0.0260735
LA-OU,200903,3,ensemble,reference,0.0255029999999999,0.00056025,200901,0.0249427499999999
LA-OU,200904,1,ensemble,reference,0.0206899999999999,0.00090175,200904,0.0197882499999999
LA-OU,200905,2,ensemble,reference,0.0395,0.0051239999999999,200904,0.0343760000000001
LA-OU,200906,3,ensemble,reference,0.0551709999999999,0.01647975,200904,0.0386912499999999
LA-OU,200907,1,ensemble,reference,0.067743,1.7412692500000009,200907,-1.673526250000001
LA-OU,200908,2,ensemble,reference,0.6441850000000001,2.001218249999999,200907,-1.3570332499999989
LA-OU,200909,3,ensemble,reference,13.943146,9.3298065,200907,4.6133395
LA-OU,200910,1,ensemble,reference,3.301693,2.2214875000000003,200910,1.0802055
LA-OU,200911,2,ensemble,reference,6.871314999999999,8.9728415,200910,-2.1015265000000003
LA-OU,200912,3,ensemble,reference,10.933172,16.17595275,200910,-5.24278075
LA-PH,200901,1,ensemble,reference,0.013524,0.0130202499999999,200901,0.00050375
LA-PH,200902,2,ensemble,reference,0.023563,0.01459375,200901,0.00896925
LA-PH,200903,3,ensemble,reference,0.0189209999999999,0.01747275,200901,0.0014482499999999
LA-PH,200904,1,ensemble,reference,0.0182939999999999,0.0034817499999999,200904,0.01481225
LA-PH,200905,2,ensemble,reference,0.018322,0.0067925,200904,0.0115295
LA-PH,200906,3,ensemble,reference,0.018564,0.0279412499999999,200904,-0.0093772499999999
LA-PH,200907,1,ensemble,reference,0.0220279999999999,0.1950434999999999,200907,-0.1730155
LA-PH,200909,3,ensemble,reference,0.0292509999999999,0.2976595000000001,200907,-0.2684085000000001
LA-PH,200910,1,ensemble,reference,0.0212229999999999,0.0170252499999999,200910,0.00419775
LA-PH,200911,2,ensemble,reference,0.015597,0.0064347499999999,200910,0.0091622500000001
LA-PH,200912,3,ensemble,reference,0.023828,0.0011549999999999,200910,0.0226730000000001
LA-SL,200801,1,ensemble,reference,0.941525,0.944374,200801,-0.0028490000000001
LA-SL,200802,2,ensemble,reference,0.9092409999999996,0.3960867499999999,200801,0.5131542499999997
LA-SL,200803,3,ensemble,reference,2.244567,3.71234675,200801,-1.46777975
LA-SL,200804,1,ensemble,reference,1.068245,0.99449025,200804,0.0737547499999998
LA-SL,200805,2,ensemble,reference,90.346212,89.40537875,200804,0.9408332499999972
LA-SL,200806,3,ensemble,reference,208.079864,184.4246935,200804,23.655170499999997
LA-SL,200807,1,ensemble,reference,44.915929000000006,49.26407675,200807,-4.348147749999995
LA-SL,200808,2,ensemble,reference,36.588721,39.41688825,200807,-2.82816725
LA-SL,200809,3,ensemble,reference,43.410937999999994,57.114015,200807,-13.703077000000008
LA-SL,200810,1,ensemble,reference,43.43791900000001,37.614025,200810,5.82389400000001
LA-SL,200811,2,ensemble,reference,13.239008000000002,8.01930375,200810,5.219704250000001
LA-SL,200812,3,ensemble,reference,8.554037000000001,2.8268264999999997,200810,5.727210500000002
LA-SL,200901,1,ensemble,reference,1.362202,1.65789525,200901,-0.29569325
LA-SL,200902,2,ensemble,reference,18.719651,19.7962565,200901,-1.0766054999999994
LA-SL,200903,3,ensemble,reference,18.941901,13.1628275,200901,5.779073500000001
LA-SL,200904,1,ensemble,reference,8.721487,5.858830749999999,200904,2.862656250000001
LA-SL,200905,2,ensemble,reference,89.10423899999999,45.2519755,200904,43.85226349999999
LA-SL,200906,3,ensemble,reference,21.677774,31.8076495,200904,-10.1298755
LA-SL,200907,1,ensemble,reference,121.197681,118.85979425000002,200907,2.337886749999982
LA-SL,200908,2,ensemble,reference,84.133735,91.037494,200907,-6.903758999999994
LA-SL,200909,3,ensemble,reference,54.455749,62.04129249999999,200907,-7.585543499999993
LA-SL,200910,1,ensemble,reference,43.53328599999999,35.41509575,200910,8.11819024999999
LA-SL,200911,2,ensemble,reference,21.974987999999996,16.416914499999997,200910,5.558073499999999
LA-SL,200912,3,ensemble,reference,12.203629,7.024564250000001,200910,5.179064749999998
LA-SV,200801,1,ensemble,reference,3.158859999999997,5.560645,200801,-2.401785000000003
LA-SV,200802,2,ensemble,reference,1.7243829999999996,1.0085315,200801,0.7158514999999996
LA-SV,200803,3,ensemble,reference,2.8676030000000026,0.4973877499999999,200801,2.370215250000003
LA-SV,200804,1,ensemble,reference,4.4903580000000005,3.5772804999999996,200804,0.9130775000000008
LA-SV,200805,2,ensemble,reference,13.242383999999989,6.43930125,200804,6.803082749999989
LA-SV,200806,3,ensemble,reference,22.494693,24.48841975,200804,-1.9937267499999969
LA-SV,200807,1,ensemble,reference,44.35503299999999,23.12051975,200807,21.234513249999992
LA-SV,200808,2,ensemble,reference,38.27448399999997,21.36057074999998,200807,16.913913249999993
LA-SV,200809,3,ensemble,reference,34.903526,23.258939499999997,200807,11.644586500000004
LA-SV,200810,1,ensemble,reference,16.440588000000005,3.819202250000001,200810,12.621385750000004
LA-SV,200811,2,ensemble,reference,9.147202,0.8241327500000002,200810,8.32306925
LA-SV,200812,3,ensemble,reference,5.670244999999994,0.3548737500000001,200810,5.315371249999994
LA-SV,200901,1,ensemble,reference,2.1256860000000017,0.0830284999999999,200901,2.042657500000002
LA-SV,200902,2,ensemble,reference,1.6007689999999997,0.0152394999999999,200901,1.5855294999999998
LA-SV,200903,3,ensemble,reference,2.399416000000002,0.12601875,200901,2.273397250000002
LA-SV,200904,1,ensemble,reference,3.6061179999999986,0.18258525,200904,3.423532749999999
LA-SV,200905,2,ensemble,reference,13.12569400000001,1.2562635,200904,11.86943050000001
LA-SV,200906,3,ensemble,reference,27.645990999999995,1.6869117500000002,200904,25.959079249999995
LA-SV,200907,1,ensemble,reference,37.165929000000006,26.799079749999976,200907,10.36684925000003
LA-SV,200908,2,ensemble,reference,35.95585299999999,29.625094249999957,200907,6.330758750000033
LA-SV,200909,3,ensemble,reference,30.425512,33.84717599999999,200907,-3.421663999999989
LA-SV,200910,1,ensemble,reference,18.409986000000004,7.0335019999999995,200910,11.376484000000003
LA-SV,200911,2,ensemble,reference,12.480070999999995,15.431827,200910,-2.951756000000005
LA-SV,200912,3,ensemble,reference,7.615015999999997,1.7666767499999998,200910,5.848339249999997
LA-VT,200801,1,ensemble,reference,14.464391999999997,11.1160255,200801,3.348366499999998
LA-VT,200802,2,ensemble,reference,10.878897000000002,4.11515575,200801,6.7637412500000025
LA-VT,200803,3,ensemble,reference,11.417961999999996,16.96018625,200801,-5.542224250000004
LA-VT,200804,1,ensemble,reference,19.155686000000003,10.77835425,200804,8.377331750000003
LA-VT,200805,2,ensemble,reference,33.713075,20.521471750000003,200804,13.19160325
LA-VT,200806,3,ensemble,reference,55.758928,69.88104925,200804,-14.122121250000006
LA-VT,200807,1,ensemble,reference,72.40308399999998,81.40077274999996,200807,-8.99768874999998
LA-VT,200808,2,ensemble,reference,68.54407800000001,84.85327000000001,200807,-16.309191999999996
LA-VT,200809,3,ensemble,reference,62.191355000000016,93.64231074999996,200807,-31.45095574999995
LA-VT,200810,1,ensemble,reference,60.30546800000002,35.20602275,200810,25.099445250000016
LA-VT,200811,2,ensemble,reference,35.798401999999996,57.436028,200810,-21.637626000000004
LA-VT,200812,3,ensemble,reference,27.253332,51.8002925,200810,-24.546960499999997
LA-VT,200901,1,ensemble,reference,13.165903,20.70266475,200901,-7.53676175
LA-VT,200902,2,ensemble,reference,8.583763999999995,13.901395,200901,-5.317631000000006
LA-VT,200903,3,ensemble,reference,12.710943999999998,6.35277275,200901,6.358171249999998
LA-VT,200904,1,ensemble,reference,10.287612000000005,10.8966255,200904,-0.6090134999999961
LA-VT,200905,2,ensemble,reference,25.667907999999997,109.941614,200904,-84.273706
LA-VT,200906,3,ensemble,reference,45.80726999999999,176.63849825,200904,-130.83122825
LA-VT,200907,1,ensemble,reference,91.44957599999998,174.467824,200907,-83.01824800000003
LA-VT,200908,2,ensemble,reference,107.713994,205.78056975,200907,-98.06657575
LA-VT,200909,3,ensemble,reference,143.88932,278.36174550000004,200907,-134.47242550000004
LA-VT,200910,1,ensemble,reference,120.21539600000004,197.894393,200910,-77.67899699999997
LA-VT,200911,2,ensemble,reference,193.864031,268.37443075,200910,-74.51039974999998
LA-VT,200912,3,ensemble,reference,152.41080599999998,226.40287475,200910,-73.99206875000002
LA-XA,200801,1,ensemble,reference,0.5909089999999999,1.06215775,200801,-0.47124875
LA-XA,200802,2,ensemble,reference,0.6997629999999999,0.2354625,200801,0.4643004999999999
LA-XA,200803,3,ensemble,reference,0.92056,0.15566625,200801,0.76489375
LA-XA,200804,1,ensemble,reference,1.259683,0.7379695000000001,200804,0.5217135
LA-XA,200805,2,ensemble,reference,2.1017610000000015,1.32360175,200804,0.7781592500000016
LA-XA,200806,3,ensemble,reference,6.834910000000001,2.3749184999999997,200804,4.459991500000001
LA-XA,200807,1,ensemble,reference,12.499599000000003,11.184284999999996,200807,1.315314000000008
LA-XA,200808,2,ensemble,reference,6.290036000000001,4.234384749999999,200807,2.0556512500000013
LA-XA,200809,3,ensemble,reference,6.198494999999998,2.697391250000001,200807,3.501103749999997
LA-XA,200810,1,ensemble,reference,2.6192540000000015,1.5762365,200810,1.0430175000000017
LA-XA,200811,2,ensemble,reference,1.8384160000000005,0.8232865,200810,1.0151295000000005
LA-XA,200812,3,ensemble,reference,1.3824890000000014,0.408204,200810,0.9742850000000014
LA-XA,200901,1,ensemble,reference,0.5749250000000004,0.09775275,200901,0.4771722500000003
LA-XA,200902,2,ensemble,reference,0.6859520000000003,0.03872075,200901,0.6472312500000004
LA-XA,200903,3,ensemble,reference,0.8647260000000001,0.2171452499999999,200901,0.6475807500000001
LA-XA,200904,1,ensemble,reference,1.196128,0.30977675,200904,0.8863512500000001
LA-XA,200905,2,ensemble,reference,3.495937999999999,1.1146125000000002,200904,2.3813254999999987
LA-XA,200906,3,ensemble,reference,9.552549,5.670314749999999,200904,3.8822342500000016
LA-XA,200907,1,ensemble,reference,10.409093,6.406543500000003,200907,4.002549499999997
LA-XA,200908,2,ensemble,reference,14.870568,23.106004,200907,-8.235435999999998
LA-XA,200909,3,ensemble,reference,6.537603000000001,6.533184249999995,200907,0.0044187500000054
LA-XA,200910,1,ensemble,reference,3.402592999999996,4.4654025,200910,-1.0628095000000035
LA-XA,200911,2,ensemble,reference,2.9205869999999994,2.1824275,200910,0.7381594999999992
LA-XA,200912,3,ensemble,reference,2.4439550000000008,1.3401602499999998,200910,1.103794750000001
LA-XE,200801,1,ensemble,reference,0.188347,0.0157672499999999,200801,0.1725797500000001
LA-XE,200802,2,ensemble,reference,0.1760039999999999,0.00728225,200801,0.1687217499999999
LA-XE,200803,3,ensemble,reference,0.114479,0.00405975,200801,0.11041925
LA-XE,200804,1,ensemble,reference,0.0755839999999999,0.01893125,200804,0.0566527499999999
LA-XE,200805,2,ensemble,reference,0.113093,0.0490319999999999,200804,0.064061
LA-XE,200806,3,ensemble,reference,3.34568,3.87301125,200804,-0.5273312499999996
LA-XE,200807,1,ensemble,reference,0.8757949999999999,0.4383570000000001,200807,0.4374379999999997
LA-XE,200808,2,ensemble,reference,0.8458380000000001,0.5336115000000001,200807,0.3122264999999999
LA-XE,200809,3,ensemble,reference,0.7915860000000001,0.6918269999999999,200807,0.0997590000000002
LA-XE,200810,1,ensemble,reference,0.3806019999999999,0.0499849999999999,200810,0.330617
LA-XE,200811,2,ensemble,reference,0.211974,0.020021,200810,0.1919529999999999
LA-XE,200812,3,ensemble,reference,0.455555,0.86535475,200810,-0.4097997499999999
LA-XE,200901,1,ensemble,reference,0.1830889999999999,0.00637675,200901,0.1767122499999999
LA-XE,200902,2,ensemble,reference,1.129042,1.8795005,200901,-0.7504584999999999
LA-XE,200903,3,ensemble,reference,1.285273,1.75755275,200901,-0.47227975
LA-XE,200904,1,ensemble,reference,0.5083590000000001,0.521935,200904,-0.0135759999999999
LA-XE,200905,2,ensemble,reference,0.7874789999999999,0.97420275,200904,-0.18672375
LA-XE,200906,3,ensemble,reference,6.53258,5.86126,200904,0.6713200000000006
LA-XE,200907,1,ensemble,reference,22.985162000000003,25.168266749999997,200907,-2.1831047499999947
LA-XE,200908,2,ensemble,reference,21.250373,22.43472575,200907,-1.1843527499999986
LA-XE,200909,3,ensemble,reference,2.455967,4.09308175,200907,-1.6371147499999998
LA-XE,200910,1,ensemble,reference,3.136071,2.796644,200910,0.3394269999999997
LA-XE,200911,2,ensemble,reference,1.345115,5.795607750000002,200910,-4.450492750000002
LA-XE,200912,3,ensemble,reference,3.676247,6.98543275,200910,-3.30918575
LA-XI,200801,1,ensemble,reference,0.0186029999999999,0.0005107499999999,200801,0.01809225
LA-XI,200802,2,ensemble,reference,0.0216069999999999,0.0001444999999999,200801,0.0214625
LA-XI,200803,3,ensemble,reference,0.015337,0.0003409999999999,200801,0.0149960000000001
LA-XI,200804,1,ensemble,reference,0.022392,0.005478,200804,0.016914
LA-XI,200805,2,ensemble,reference,0.023411,0.0145995,200804,0.0088115
LA-XI,200806,3,ensemble,reference,0.7839289999999999,0.8408530000000001,200804,-0.0569240000000002
LA-XI,200807,1,ensemble,reference,0.1263639999999999,0.3255652499999999,200807,-0.19920125
LA-XI,200808,2,ensemble,reference,0.1549339999999999,0.3256207499999999,200807,-0.17068675
LA-XI,200809,3,ensemble,reference,0.1701909999999999,0.3639719999999995,200807,-0.1937809999999996
LA-XI,200810,1,ensemble,reference,0.0217659999999999,0.0140124999999999,200810,0.0077535
LA-XI,200811,2,ensemble,reference,0.0218709999999999,0.0035425,200810,0.0183284999999999
LA-XI,200812,3,ensemble,reference,0.0180909999999999,0.0009309999999999,200810,0.0171599999999999
LA-XI,200901,1,ensemble,reference,0.0209869999999999,0.00125375,200901,0.0197332499999999
LA-XI,200902,2,ensemble,reference,0.0182269999999999,0.001519,200901,0.0167079999999999
LA-XI,200903,3,ensemble,reference,0.018482,0.0012149999999999,200901,0.017267
LA-XI,200904,1,ensemble,reference,0.0184139999999999,0.00037025,200904,0.0180437499999999
LA-XI,200905,2,ensemble,reference,38.509777,38.924908,200904,-0.4151310000000023
LA-XI,200906,3,ensemble,reference,32.228813,32.83338475,200904,-0.6045717499999981
LA-XI,200907,1,ensemble,reference,2.5134429999999996,0.6998392500000006,200907,1.813603749999999
LA-XI,200908,2,ensemble,reference,6.557271,7.121734,200907,-0.5644629999999999
LA-XI,200909,3,ensemble,reference,2.261763999999999,0.4275137499999998,200907,1.8342502499999993
LA-XI,200910,1,ensemble,reference,0.016775,0.96271025,200910,-0.94593525
LA-XI,200911,2,ensemble,reference,0.035003,0.3815999999999999,200910,-0.3465969999999999
LA-XI,200912,3,ensemble,reference,0.020293,0.167857,200910,-0.147564
LA-AT,200801,1,climatology,reference,4.0,2.8567205,200801,1.1432794999999998
LA-AT,200802,2,climatology,reference,1.63,1.2271735,200801,0.4028265
LA-AT,200803,3,climatology,reference,0.0,0.07830275,200801,-0.07830275
LA-AT,200804,1,climatology,reference,0.02,0.50567575,200804,-0.4856757499999999
LA-AT,200805,2,climatology,reference,3.45,1.56358275,200804,1.8864172500000005
LA-AT,200806,3,climatology,reference,8.86,4.13374575,200804,4.726254249999999
LA-AT,200807,1,climatology,reference,4.54,3.5250217500000014,200807,1.0149782499999986
LA-AT,200808,2,climatology,reference,9.47,6.766005999999999,200807,2.7039940000000016
LA-AT,200809,3,climatology,reference,17.57,17.3033775,200807,0.2666225000000004
LA-AT,200810,1,climatology,reference,38.95,30.770417750000004,200810,8.17958225
LA-AT,200811,2,climatology,reference,43.0,33.719483249999996,200810,9.280516750000004
LA-AT,200812,3,climatology,reference,22.28,17.15468825,200810,5.125311750000002
LA-AT,200901,1,climatology,reference,18.0,8.29974025,200901,9.70025975
LA-AT,200902,2,climatology,reference,45.43,38.76478525,200901,6.665214749999997
LA-AT,200903,3,climatology,reference,77.0,58.79363725,200901,18.206362749999997
LA-AT,200904,1,climatology,reference,98.62,50.53175225,200904,48.08824775000001
LA-AT,200905,2,climatology,reference,0.0499999999999999,48.4498705,200904,-48.399870500000006
LA-AT,200906,3,climatology,reference,22.86,39.38997125,200904,-16.529971250000003
LA-AT,200907,1,climatology,reference,62.540000000000006,48.98766975,200907,13.552330250000004
LA-AT,200908,2,climatology,reference,19.47,14.9626135,200907,4.507386499999999
LA-AT,200909,3,climatology,reference,11.97,10.2212285,200907,1.7487715
LA-AT,200910,1,climatology,reference,4.550000000000001,6.4422120000000005,200910,-1.892212
LA-AT,200911,2,climatology,reference,16.0,6.16758375,200910,9.83241625
LA-AT,200912,3,climatology,reference,5.279999999999999,5.693875249999999,200910,-0.4138752499999993
LA-BK,200801,1,climatology,reference,0.81,0.95601925,200801,-0.1460192499999999
LA-BK,200802,2,climatology,reference,0.01,4.6500000000000046e-05,200801,0.0099535
LA-BK,200803,3,climatology,reference,0.01,2.8000000000000247e-05,200801,0.009972
LA-BK,200804,1,climatology,reference,0.01,0.0264175,200804,-0.0164175
LA-BK,200805,2,climatology,reference,11.64,10.713214999999998,200804,0.9267850000000024
LA-BK,200806,3,climatology,reference,52.17,50.8679235,200804,1.3020764999999983
LA-BK,200807,1,climatology,reference,0.6600000000000001,1.96930125,200807,-1.30930125
LA-BK,200808,2,climatology,reference,6.84,5.856817999999999,200807,0.9831820000000012
LA-BK,200809,3,climatology,reference,29.34,21.43587975,200807,7.904120249999998
LA-BK,200810,1,climatology,reference,44.92,21.940763500000003,200810,22.9792365
LA-BK,200811,2,climatology,reference,55.0,47.66615875,200810,7.333841249999999
LA-BK,200812,3,climatology,reference,5.0,2.97199575,200810,2.02800425
LA-BK,200901,1,climatology,reference,0.81,0.45439075,200901,0.35560925
LA-BK,200902,2,climatology,reference,0.01,0.30116375,200901,-0.29116375
LA-BK,200903,3,climatology,reference,0.81,0.6673817500000001,200901,0.1426182499999999
LA-BK,200904,1,climatology,reference,2.81,1.287469,200904,1.522531
LA-BK,200905,2,climatology,reference,73.64,43.308491,200904,30.331509000000004
LA-BK,200906,3,climatology,reference,215.17,146.54898674999998,200904,68.62101325
LA-BK,200907,1,climatology,reference,209.66,188.15685825,200907,21.50314175
LA-BK,200908,2,climatology,reference,107.84,90.8190615,200907,17.0209385
LA-BK,200909,3,climatology,reference,48.34,38.901625249999995,200907,9.438374750000008
LA-BK,200910,1,climatology,reference,27.92,20.581325999999997,200910,7.338674000000005
LA-BK,200911,2,climatology,reference,5.0,12.810468749999998,200910,-7.810468749999998
LA-BK,200912,3,climatology,reference,4.0,4.833049750000001,200910,-0.8330497500000007
LA-BL,200801,1,climatology,reference,5.6899999999999995,5.3708495,200801,0.3191504999999992
LA-BL,200802,2,climatology,reference,2.88,5.84484275,200801,-2.96484275
LA-BL,200803,3,climatology,reference,2.29,0.42230275,200801,1.86769725
LA-BL,200804,1,climatology,reference,2.8299999999999996,1.6217134999999998,200804,1.2082864999999998
LA-BL,200805,2,climatology,reference,9.2,6.6790910000000006,200804,2.5209089999999987
LA-BL,200806,3,climatology,reference,10.070000000000002,7.575282,200804,2.4947180000000024
LA-BL,200807,1,climatology,reference,27.62,20.087886249999997,200807,7.532113750000004
LA-BL,200808,2,climatology,reference,19.03,20.6089715,200807,-1.578971499999998
LA-BL,200809,3,climatology,reference,25.370000000000005,18.523956,200807,6.846044000000006
LA-BL,200810,1,climatology,reference,16.870000000000005,9.729708250000002,200810,7.140291750000003
LA-BL,200811,2,climatology,reference,6.290000000000001,4.276498999999999,200810,2.0135010000000015
LA-BL,200812,3,climatology,reference,2.05,0.9770205,200810,1.0729794999999998
LA-BL,200901,1,climatology,reference,0.49,0.7456575000000001,200901,-0.2556575000000001
LA-BL,200902,2,climatology,reference,0.8799999999999999,1.68273325,200901,-0.8027332500000002
LA-BL,200903,3,climatology,reference,2.890000000000001,1.1302832499999995,200901,1.7597167500000015
LA-BL,200904,1,climatology,reference,3.23,0.8048480000000001,200904,2.425152
LA-BL,200905,2,climatology,reference,18.2,3.829161000000001,200904,14.370838999999998
LA-BL,200906,3,climatology,reference,18.269999999999996,5.61813075,200904,12.651869249999995
LA-BL,200907,1,climatology,reference,25.22,21.985704500000004,200907,3.2342954999999947
LA-BL,200908,2,climatology,reference,36.03,6.174969249999998,200907,29.855030750000005
LA-BL,200909,3,climatology,reference,44.56999999999999,4.862042999999998,200907,39.70795699999999
LA-BL,200910,1,climatology,reference,20.07,5.49467175,200910,14.57532825
LA-BL,200911,2,climatology,reference,11.89,2.1073274999999994,200910,9.7826725
LA-BL,200912,3,climatology,reference,2.05,0.712077,200910,1.337923
LA-CH,200801,1,climatology,reference,47.5,29.3396385,200801,18.1603615
LA-CH,200802,2,climatology,reference,53.03999999999999,43.54995375,200801,9.490046249999992
LA-CH,200803,3,climatology,reference,50.58,50.399487500000006,200801,0.1805124999999918
LA-CH,200804,1,climatology,reference,31.85,27.6368465,200804,4.213153500000001
LA-CH,200805,2,climatology,reference,38.959999999999994,52.862192500000006,200804,-13.902192500000012
LA-CH,200806,3,climatology,reference,127.17000000000002,122.0008095,200804,5.169190500000013
LA-CH,200807,1,climatology,reference,41.25,96.85658924999996,200807,-55.60658924999995
LA-CH,200808,2,climatology,reference,42.510000000000005,88.99043875000001,200807,-46.480438750000005
LA-CH,200809,3,climatology,reference,49.599999999999994,120.46265225,200807,-70.86265225000001
LA-CH,200810,1,climatology,reference,37.669999999999995,47.67266175,200810,-10.002661750000009
LA-CH,200811,2,climatology,reference,41.07000000000001,44.33711,200810,-3.2671099999999953
LA-CH,200812,3,climatology,reference,33.34,32.772664750000004,200810,0.5673352499999993
LA-CH,200901,1,climatology,reference,12.1,10.049703,200901,2.0502970000000005
LA-CH,200902,2,climatology,reference,21.640000000000004,25.96861525,200901,-4.328615249999995
LA-CH,200903,3,climatology,reference,24.980000000000004,21.53617675,200901,3.4438232500000048
LA-CH,200904,1,climatology,reference,58.45,36.957363,200904,21.492637
LA-CH,200905,2,climatology,reference,19.75999999999999,75.32216250000002,200904,-55.56216250000003
LA-CH,200906,3,climatology,reference,28.169999999999995,79.6897195,200904,-51.5197195
LA-CH,200907,1,climatology,reference,49.25,71.15796999999995,200907,-21.90796999999995
LA-CH,200908,2,climatology,reference,49.110000000000014,65.9228705,200907,-16.81287049999999
LA-CH,200909,3,climatology,reference,31.799999999999997,61.406306249999965,200907,-29.606306249999967
LA-CH,200910,1,climatology,reference,20.869999999999997,20.148328999999997,200910,0.7216710000000006
LA-CH,200911,2,climatology,reference,10.669999999999998,16.137065750000005,200910,-5.467065750000007
LA-CH,200912,3,climatology,reference,15.14,12.705397,200910,2.434603000000001
LA-HO,200801,1,climatology,reference,0.01,0.0033932499999999,200801,0.0066067500000001
LA-HO,200802,2,climatology,reference,0.01,0.00093875,200801,0.00906125
LA-HO,200803,3,climatology,reference,0.01,0.0085314999999999,200801,0.0014685000000001
LA-HO,200804,1,climatology,reference,0.01,0.013471,200804,-0.003471
LA-HO,200805,2,climatology,reference,0.0,0.022683,200804,-0.022683
LA-HO,200806,3,climatology,reference,0.0599999999999999,0.03302,200804,0.0269799999999999
LA-HO,200807,1,climatology,reference,0.1999999999999999,0.3769914999999997,200807,-0.1769914999999998
LA-HO,200808,2,climatology,reference,0.0,0.4492542499999994,200807,-0.4492542499999994
LA-HO,200809,3,climatology,reference,0.6900000000000002,0.7446340000000005,200807,-0.0546340000000002
LA-HO,200810,1,climatology,reference,0.02,0.06861625,200810,-0.04861625
LA-HO,200811,2,climatology,reference,0.0,0.00963075,200810,-0.00963075
LA-HO,200812,3,climatology,reference,0.65,0.8974147499999999,200810,-0.2474147499999999
LA-HO,200901,1,climatology,reference,0.01,0.0162604999999999,200901,-0.0062604999999999
LA-HO,200902,2,climatology,reference,0.01,0.0244919999999999,200901,-0.0144919999999998
LA-HO,200903,3,climatology,reference,0.01,0.02520025,200901,-0.01520025
LA-HO,200904,1,climatology,reference,0.01,0.00536225,200904,0.00463775
LA-HO,200905,2,climatology,reference,0.0,0.011925,200904,-0.011925
LA-HO,200906,3,climatology,reference,0.0599999999999999,0.0431117499999999,200904,0.01688825
LA-HO,200907,1,climatology,reference,0.1999999999999999,0.2975690000000003,200907,-0.0975690000000004
LA-HO,200908,2,climatology,reference,0.0,0.4700382500000002,200907,-0.4700382500000002
LA-HO,200909,3,climatology,reference,0.6900000000000002,0.7268472499999997,200907,-0.0368472499999995
LA-HO,200910,1,climatology,reference,0.8200000000000001,0.5777009999999999,200910,0.2422990000000001
LA-HO,200911,2,climatology,reference,1.0,0.78325125,200910,0.21674875
LA-HO,200912,3,climatology,reference,0.65,0.87533575,200910,-0.2253357499999999
LA-KH,200801,1,climatology,reference,1.1499999999999997,0.7769425,200801,0.3730574999999997
LA-KH,200802,2,climatology,reference,0.1499999999999999,0.0899645,200801,0.0600354999999999
LA-KH,200803,3,climatology,reference,0.04,0.08083225,200801,-0.0408322499999999
LA-KH,200804,1,climatology,reference,0.1099999999999999,0.50089525,200804,-0.3908952500000001
LA-KH,200805,2,climatology,reference,1.38,1.0987155,200804,0.2812844999999999
LA-KH,200806,3,climatology,reference,8.940000000000001,2.6191885000000004,200804,6.320811500000001
LA-KH,200807,1,climatology,reference,35.06999999999999,4.206672750000001,200807,30.86332724999999
LA-KH,200808,2,climatology,reference,37.92,4.554646249999996,200807,33.365353750000004
LA-KH,200809,3,climatology,reference,14.089999999999996,4.605022999999997,200807,9.484977
LA-KH,200810,1,climatology,reference,5.470000000000001,0.7503565,200810,4.719643500000001
LA-KH,200811,2,climatology,reference,1.4299999999999995,1.5314975000000002,200810,-0.1014975000000006
LA-KH,200812,3,climatology,reference,3.69,3.205132,200810,0.4848680000000001
LA-KH,200901,1,climatology,reference,1.1499999999999997,0.0789115,200901,1.0710884999999997
LA-KH,200902,2,climatology,reference,0.1499999999999999,0.0184859999999999,200901,0.131514
LA-KH,200903,3,climatology,reference,5.239999999999999,4.757184,200901,0.4828159999999997
LA-KH,200904,1,climatology,reference,0.1099999999999999,0.36157825,200904,-0.2515782500000001
LA-KH,200905,2,climatology,reference,3.979999999999999,2.211093,200904,1.7689069999999991
LA-KH,200906,3,climatology,reference,43.94,64.847896,200904,-20.907896000000008
LA-KH,200907,1,climatology,reference,63.07000000000001,116.86190075,200907,-53.79190075
LA-KH,200908,2,climatology,reference,161.72000000000003,248.8047135,200907,-87.08471349999996
LA-KH,200909,3,climatology,reference,179.89,223.44451925,200907,-43.55451925000003
LA-KH,200910,1,climatology,reference,55.47,43.194995,200910,12.275005
LA-KH,200911,2,climatology,reference,54.629999999999995,21.677693499999997,200910,32.9523065
LA-KH,200912,3,climatology,reference,52.09,29.364558,200910,22.725442000000005
LA-LM,200801,1,climatology,reference,0.0,0.0001869999999999,200801,-0.0001869999999999
LA-LM,200802,2,climatology,reference,0.0,6.124999999999989e-05,200801,-6.124999999999989e-05
LA-LM,200803,3,climatology,reference,0.0499999999999999,2.3000000000000346e-05,200801,0.0499769999999998
LA-LM,200804,1,climatology,reference,0.01,0.0076832499999999,200804,0.0023167500000001
LA-LM,200805,2,climatology,reference,0.0,0.0507185,200804,-0.0507185
LA-LM,200806,3,climatology,reference,0.0,0.07468125,200804,-0.07468125
LA-LM,200807,1,climatology,reference,0.0499999999999999,0.9505770000000008,200807,-0.9005770000000008
LA-LM,200808,2,climatology,reference,0.0299999999999999,0.5011180000000002,200807,-0.4711180000000002
LA-LM,200809,3,climatology,reference,0.0,0.7134750000000003,200807,-0.7134750000000003
LA-LM,200810,1,climatology,reference,0.09,0.02528225,200810,0.0647177499999999
LA-LM,200811,2,climatology,reference,0.02,0.00321175,200810,0.01678825
LA-LM,200812,3,climatology,reference,0.0,0.0007694999999999,200810,-0.0007694999999999
LA-LM,200901,1,climatology,reference,0.0,0.0001122499999999,200901,-0.0001122499999999
LA-LM,200902,2,climatology,reference,0.0,0.0001109999999999,200901,-0.0001109999999999
LA-LM,200903,3,climatology,reference,0.0499999999999999,0.0004552499999999,200901,0.04954475
LA-LM,200904,1,climatology,reference,0.81,0.95552225,200904,-0.1455222499999999
LA-LM,200905,2,climatology,reference,0.0,0.0038972499999999,200904,-0.0038972499999999
LA-LM,200906,3,climatology,reference,2.0,1.775661,200904,0.224339
LA-LM,200907,1,climatology,reference,0.65,0.93713525,200907,-0.2871352499999999
LA-LM,200908,2,climatology,reference,0.0299999999999999,1.1261882500000011,200907,-1.0961882500000013
LA-LM,200909,3,climatology,reference,4.0,2.3978117500000007,200907,1.602188249999999
LA-LM,200910,1,climatology,reference,4.09,2.75320575,200910,1.33679425
LA-LM,200911,2,climatology,reference,5.62,4.56897925,200910,1.0510207500000002
LA-LM,200912,3,climatology,reference,4.0,3.36008825,200910,0.63991175
LA-LP,200801,1,climatology,reference,0.1999999999999999,0.82532475,200801,-0.6253247500000001
LA-LP,200802,2,climatology,reference,13.92,14.229039,200801,-0.3090390000000003
LA-LP,200803,3,climatology,reference,20.81,20.42374125,200801,0.3862587499999996
LA-LP,200804,1,climatology,reference,31.229999999999997,20.079706,200804,11.150293999999995
LA-LP,200805,2,climatology,reference,107.3,82.12704175,200804,25.172958249999994
LA-LP,200806,3,climatology,reference,132.97,104.643518,200804,28.326482
LA-LP,200807,1,climatology,reference,10.659999999999998,9.964950000000002,200807,0.6950499999999966
LA-LP,200808,2,climatology,reference,12.43,8.36418425,200807,4.0658157500000005
LA-LP,200809,3,climatology,reference,10.5,8.916167,200807,1.5838330000000005
LA-LP,200810,1,climatology,reference,9.55,17.1979405,200810,-7.647940500000001
LA-LP,200811,2,climatology,reference,103.0,107.752947,200810,-4.752947000000006
LA-LP,200812,3,climatology,reference,126.82,157.80555925,200810,-30.98555924999999
LA-LP,200901,1,climatology,reference,0.1999999999999999,7.926249,200901,-7.726249
LA-LP,200902,2,climatology,reference,0.3199999999999999,5.34566875,200901,-5.0256687499999995
LA-LP,200903,3,climatology,reference,0.2099999999999999,12.5922905,200901,-12.382290500000002
LA-LP,200904,1,climatology,reference,0.43,11.6730205,200904,-11.2430205
LA-LP,200905,2,climatology,reference,2.1000000000000005,34.6189255,200904,-32.5189255
LA-LP,200906,3,climatology,reference,3.369999999999999,71.9808455,200904,-68.6108455
LA-LP,200907,1,climatology,reference,4.459999999999999,20.95936,200907,-16.499360000000003
LA-LP,200908,2,climatology,reference,8.43,21.068553,200907,-12.638553000000002
LA-LP,200909,3,climatology,reference,233.3,284.7330325,200907,-51.43303249999997
LA-LP,200910,1,climatology,reference,126.55,69.28776425,200910,57.26223575
LA-LP,200911,2,climatology,reference,74.0,38.725323,200910,35.274677
LA-LP,200912,3,climatology,reference,4.02,6.0545695,200910,-2.034569500000001
LA-OU,200801,1,climatology,reference,0.0,0.0009954999999999,200801,-0.0009954999999999
LA-OU,200802,2,climatology,reference,0.0,0.0001854999999999,200801,-0.0001854999999999
LA-OU,200803,3,climatology,reference,0.0,6.374999999999979e-05,200801,-6.374999999999979e-05
LA-OU,200804,1,climatology,reference,0.0,0.021019,200804,-0.021019
LA-OU,200805,2,climatology,reference,0.01,0.0979922499999999,200804,-0.0879922499999999
LA-OU,200806,3,climatology,reference,0.01,0.169309,200804,-0.1593089999999999
LA-OU,200807,1,climatology,reference,0.04,1.9330165000000017,200807,-1.8930165000000017
LA-OU,200808,2,climatology,reference,0.12,1.27780225,200807,-1.15780225
LA-OU,200809,3,climatology,reference,0.04,1.5425357500000008,200807,-1.5025357500000007
LA-OU,200810,1,climatology,reference,0.0799999999999999,0.0331582499999999,200810,0.04684175
LA-OU,200811,2,climatology,reference,0.01,0.0057727499999999,200810,0.0042272500000001
LA-OU,200812,3,climatology,reference,0.0,0.00139925,200810,-0.00139925
LA-OU,200901,1,climatology,reference,0.0,0.0002072499999999,200901,-0.0002072499999999
LA-OU,200902,2,climatology,reference,0.0,0.0001965,200901,-0.0001965
LA-OU,200903,3,climatology,reference,0.0,0.00056025,200901,-0.00056025
LA-OU,200904,1,climatology,reference,0.0,0.00090175,200904,-0.00090175
LA-OU,200905,2,climatology,reference,0.01,0.0051239999999999,200904,0.0048760000000001
LA-OU,200906,3,climatology,reference,0.01,0.01647975,200904,-0.00647975
LA-OU,200907,1,climatology,reference,0.04,1.7412692500000009,200907,-1.7012692500000008
LA-OU,200908,2,climatology,reference,0.72,2.001218249999999,200907,-1.2812182499999991
LA-OU,200909,3,climatology,reference,14.64,9.3298065,200907,5.3101935000000005
LA-OU,200910,1,climatology,reference,4.880000000000001,2.2214875000000003,200910,2.6585125000000005
LA-OU,200911,2,climatology,reference,12.81,8.9728415,200910,3.837158500000001
LA-OU,200912,3,climatology,reference,18.0,16.17595275,200910,1.8240472499999996
LA-PH,200901,1,climatology,reference,0.0,0.0130202499999999,200901,-0.0130202499999999
LA-PH,200902,2,climatology,reference,0.0,0.01459375,200901,-0.01459375
LA-PH,200903,3,climatology,reference,0.0,0.01747275,200901,-0.01747275
LA-PH,200904,1,climatology,reference,0.0,0.0034817499999999,200904,-0.0034817499999999
LA-PH,200905,2,climatology,reference,0.0,0.0067925,200904,-0.0067925
LA-PH,200906,3,climatology,reference,0.0,0.0279412499999999,200904,-0.0279412499999999
LA-PH,200907,1,climatology,reference,0.0,0.1950434999999999,200907,-0.1950434999999999
LA-PH,200909,3,climatology,reference,0.04,0.2976595000000001,200907,-0.2576595000000001
LA-PH,200910,1,climatology,reference,0.0,0.0170252499999999,200910,-0.0170252499999999
LA-PH,200911,2,climatology,reference,0.0,0.0064347499999999,200910,-0.0064347499999999
LA-PH,200912,3,climatology,reference,0.0,0.0011549999999999,200910,-0.0011549999999999
LA-SL,200801,1,climatology,reference,0.1099999999999999,0.944374,200801,-0.8343740000000002
LA-SL,200802,2,climatology,reference,1.0,0.3960867499999999,200801,0.6039132500000002
LA-SL,200803,3,climatology,reference,4.62,3.71234675,200801,0.90765325
LA-SL,200804,1,climatology,reference,2.0,0.99449025,200804,1.00550975
LA-SL,200805,2,climatology,reference,82.75,89.40537875,200804,-6.655378749999997
LA-SL,200806,3,climatology,reference,206.97,184.4246935,200804,22.54530650000001
LA-SL,200807,1,climatology,reference,75.25,49.26407675,200807,25.98592325
LA-SL,200808,2,climatology,reference,52.45,39.41688825,200807,13.033111750000003
LA-SL,200809,3,climatology,reference,76.05,57.114015,200807,18.935984999999995
LA-SL,200810,1,climatology,reference,89.54,37.614025,200810,51.92597500000001
LA-SL,200811,2,climatology,reference,19.16,8.01930375,200810,11.14069625
LA-SL,200812,3,climatology,reference,5.69,2.8268264999999997,200810,2.8631735000000007
LA-SL,200901,1,climatology,reference,0.51,1.65789525,200901,-1.14789525
LA-SL,200902,2,climatology,reference,24.0,19.7962565,200901,4.203743500000002
LA-SL,200903,3,climatology,reference,24.62,13.1628275,200901,11.4571725
LA-SL,200904,1,climatology,reference,19.0,5.858830749999999,200904,13.14116925
LA-SL,200905,2,climatology,reference,98.15,45.2519755,200904,52.898024500000005
LA-SL,200906,3,climatology,reference,33.57,31.8076495,200904,1.7623505000000002
LA-SL,200907,1,climatology,reference,161.25,118.85979425000002,200907,42.39020574999998
LA-SL,200908,2,climatology,reference,116.45,91.037494,200907,25.412506000000008
LA-SL,200909,3,climatology,reference,82.05,62.04129249999999,200907,20.008707500000007
LA-SL,200910,1,climatology,reference,92.54,35.41509575,200910,57.12490425000001
LA-SL,200911,2,climatology,reference,42.16,16.416914499999997,200910,25.7430855
LA-SL,200912,3,climatology,reference,14.69,7.024564250000001,200910,7.6654357499999985
LA-SV,200801,1,climatology,reference,1.7800000000000002,5.560645,200801,-3.780645
LA-SV,200802,2,climatology,reference,0.6200000000000001,1.0085315,200801,-0.3885314999999998
LA-SV,200803,3,climatology,reference,1.42,0.4973877499999999,200801,0.92261225
LA-SV,200804,1,climatology,reference,6.08,3.5772804999999996,200804,2.5027195000000004
LA-SV,200805,2,climatology,reference,27.53,6.43930125,200804,21.09069875
LA-SV,200806,3,climatology,reference,67.57,24.48841975,200804,43.081580249999995
LA-SV,200807,1,climatology,reference,150.21999999999997,23.12051975,200807,127.09948024999996
LA-SV,200808,2,climatology,reference,140.25,21.36057074999998,200807,118.88942925000002
LA-SV,200809,3,climatology,reference,115.49,23.258939499999997,200807,92.2310605
LA-SV,200810,1,climatology,reference,53.19,3.819202250000001,200810,49.370797749999994
LA-SV,200811,2,climatology,reference,12.810000000000002,0.8241327500000002,200810,11.985867250000002
LA-SV,200812,3,climatology,reference,8.030000000000001,0.3548737500000001,200810,7.675126250000001
LA-SV,200901,1,climatology,reference,1.9800000000000004,0.0830284999999999,200901,1.8969715000000005
LA-SV,200902,2,climatology,reference,0.6200000000000001,0.0152394999999999,200901,0.6047605000000003
LA-SV,200903,3,climatology,reference,1.2199999999999998,0.12601875,200901,1.0939812499999997
LA-SV,200904,1,climatology,reference,6.08,0.18258525,200904,5.89741475
LA-SV,200905,2,climatology,reference,28.53,1.2562635,200904,27.2737365
LA-SV,200906,3,climatology,reference,74.97,1.6869117500000002,200904,73.28308824999999
LA-SV,200907,1,climatology,reference,149.01999999999998,26.799079749999976,200907,122.22092025
LA-SV,200908,2,climatology,reference,122.25,29.625094249999957,200907,92.62490575000004
LA-SV,200909,3,climatology,reference,91.49,33.84717599999999,200907,57.642824000000005
LA-SV,200910,1,climatology,reference,50.39,7.0335019999999995,200910,43.356498
LA-SV,200911,2,climatology,reference,11.810000000000002,15.431827,200910,-3.621826999999998
LA-SV,200912,3,climatology,reference,7.030000000000001,1.7666767499999998,200910,5.263323250000001
LA-VT,200801,1,climatology,reference,10.87,11.1160255,200801,-0.2460255
LA-VT,200802,2,climatology,reference,9.38,4.11515575,200801,5.264844250000001
LA-VT,200803,3,climatology,reference,4.52,16.96018625,200801,-12.44018625
LA-VT,200804,1,climatology,reference,36.69,10.77835425,200804,25.91164575
LA-VT,200805,2,climatology,reference,62.27,20.521471750000003,200804,41.74852825
LA-VT,200806,3,climatology,reference,83.00999999999999,69.88104925,200804,13.128950749999987
LA-VT,200807,1,climatology,reference,191.24999999999997,81.40077274999996,200807,109.84922725
LA-VT,200808,2,climatology,reference,165.86,84.85327000000001,200807,81.00673
LA-VT,200809,3,climatology,reference,113.29999999999998,93.64231074999996,200807,19.65768925000002
LA-VT,200810,1,climatology,reference,129.48000000000002,35.20602275,200810,94.27397725000002
LA-VT,200811,2,climatology,reference,36.84,57.436028,200810,-20.596027999999997
LA-VT,200812,3,climatology,reference,17.979999999999997,51.8002925,200810,-33.8202925
LA-VT,200901,1,climatology,reference,8.669999999999998,20.70266475,200901,-12.032664750000002
LA-VT,200902,2,climatology,reference,4.38,13.901395,200901,-9.521395000000002
LA-VT,200903,3,climatology,reference,7.719999999999999,6.35277275,200901,1.3672272499999991
LA-VT,200904,1,climatology,reference,11.089999999999998,10.8966255,200904,0.1933744999999973
LA-VT,200905,2,climatology,reference,32.47,109.941614,200904,-77.471614
LA-VT,200906,3,climatology,reference,45.00999999999999,176.63849825,200904,-131.62849825
LA-VT,200907,1,climatology,reference,95.24999999999996,174.467824,200907,-79.21782400000005
LA-VT,200908,2,climatology,reference,105.86,205.78056975,200907,-99.92056975
LA-VT,200909,3,climatology,reference,102.7,278.36174550000004,200907,-175.66174550000005
LA-VT,200910,1,climatology,reference,128.68,197.894393,200910,-69.214393
LA-VT,200911,2,climatology,reference,291.64,268.37443075,200910,23.26556925
LA-VT,200912,3,climatology,reference,221.18,226.40287475,200910,-5.222874749999988
LA-XA,200801,1,climatology,reference,0.17,1.06215775,200801,-0.8921577499999999
LA-XA,200802,2,climatology,reference,0.9500000000000002,0.2354625,200801,0.7145375000000002
LA-XA,200803,3,climatology,reference,0.7399999999999998,0.15566625,200801,0.5843337499999998
LA-XA,200804,1,climatology,reference,3.460000000000001,0.7379695000000001,200804,2.7220305000000007
LA-XA,200805,2,climatology,reference,5.659999999999997,1.32360175,200804,4.336398249999997
LA-XA,200806,3,climatology,reference,14.03,2.3749184999999997,200804,11.6550815
LA-XA,200807,1,climatology,reference,24.69,11.184284999999996,200807,13.505715000000006
LA-XA,200808,2,climatology,reference,9.729999999999997,4.234384749999999,200807,5.4956152499999975
LA-XA,200809,3,climatology,reference,4.75,2.697391250000001,200807,2.052608749999999
LA-XA,200810,1,climatology,reference,1.5699999999999994,1.5762365,200810,-0.0062365000000006
LA-XA,200811,2,climatology,reference,1.83,0.8232865,200810,1.0067135
LA-XA,200812,3,climatology,reference,1.9600000000000009,0.408204,200810,1.5517960000000008
LA-XA,200901,1,climatology,reference,0.17,0.09775275,200901,0.07224725
LA-XA,200902,2,climatology,reference,0.9500000000000002,0.03872075,200901,0.9112792500000002
LA-XA,200903,3,climatology,reference,0.7399999999999998,0.2171452499999999,200901,0.5228547499999998
LA-XA,200904,1,climatology,reference,3.460000000000001,0.30977675,200904,3.1502232500000007
LA-XA,200905,2,climatology,reference,5.659999999999997,1.1146125000000002,200904,4.545387499999997
LA-XA,200906,3,climatology,reference,15.229999999999997,5.670314749999999,200904,9.559685249999998
LA-XA,200907,1,climatology,reference,26.289999999999996,6.406543500000003,200907,19.88345649999999
LA-XA,200908,2,climatology,reference,12.529999999999998,23.106004,200907,-10.576004
LA-XA,200909,3,climatology,reference,6.75,6.533184249999995,200907,0.2168157500000047
LA-XA,200910,1,climatology,reference,2.169999999999999,4.4654025,200910,-2.2954025000000007
LA-XA,200911,2,climatology,reference,3.629999999999999,2.1824275,200910,1.4475724999999988
LA-XA,200912,3,climatology,reference,1.7599999999999998,1.3401602499999998,200910,0.4198397499999999
LA-XE,200801,1,climatology,reference,0.09,0.0157672499999999,200801,0.0742327500000001
LA-XE,200802,2,climatology,reference,0.12,0.00728225,200801,0.1127177499999999
LA-XE,200803,3,climatology,reference,0.0,0.00405975,200801,-0.00405975
LA-XE,200804,1,climatology,reference,0.0246419999999999,0.01893125,200804,0.0057107499999999
LA-XE,200805,2,climatology,reference,0.08,0.0490319999999999,200804,0.0309680000000001
LA-XE,200806,3,climatology,reference,3.15,3.87301125,200804,-0.7230112499999999
LA-XE,200807,1,climatology,reference,0.4000000000000001,0.4383570000000001,200807,-0.038357
LA-XE,200808,2,climatology,reference,0.1899999999999999,0.5336115000000001,200807,-0.3436115000000002
LA-XE,200809,3,climatology,reference,0.6699999999999999,0.6918269999999999,200807,-0.0218269999999999
LA-XE,200810,1,climatology,reference,0.5599999999999998,0.0499849999999999,200810,0.5100149999999999
LA-XE,200811,2,climatology,reference,0.0246419999999999,0.020021,200810,0.0046209999999998
LA-XE,200812,3,climatology,reference,0.790321,0.86535475,200810,-0.0750337499999999
LA-XE,200901,1,climatology,reference,0.09,0.00637675,200901,0.08362325
LA-XE,200902,2,climatology,reference,1.32,1.8795005,200901,-0.5595005
LA-XE,200903,3,climatology,reference,2.0,1.75755275,200901,0.2424472499999999
LA-XE,200904,1,climatology,reference,0.802642,0.521935,200904,0.2807069999999999
LA-XE,200905,2,climatology,reference,1.28,0.97420275,200904,0.30579725
LA-XE,200906,3,climatology,reference,7.15,5.86126,200904,1.2887400000000009
LA-XE,200907,1,climatology,reference,26.2,25.168266749999997,200907,1.031733250000002
LA-XE,200908,2,climatology,reference,25.79,22.43472575,200907,3.355274250000001
LA-XE,200909,3,climatology,reference,4.069999999999999,4.09308175,200907,-0.0230817500000002
LA-XE,200910,1,climatology,reference,4.36,2.796644,200910,1.5633560000000002
LA-XE,200911,2,climatology,reference,2.580642,5.795607750000002,200910,-3.214965750000002
LA-XE,200912,3,climatology,reference,6.7903210000000005,6.98543275,200910,-0.1951117499999997
LA-XI,200801,1,climatology,reference,0.0,0.0005107499999999,200801,-0.0005107499999999
LA-XI,200802,2,climatology,reference,0.0,0.0001444999999999,200801,-0.0001444999999999
LA-XI,200803,3,climatology,reference,0.0,0.0003409999999999,200801,-0.0003409999999999
LA-XI,200804,1,climatology,reference,0.0,0.005478,200804,-0.005478
LA-XI,200805,2,climatology,reference,0.0,0.0145995,200804,-0.0145995
LA-XI,200806,3,climatology,reference,1.0,0.8408530000000001,200804,0.1591469999999999
LA-XI,200807,1,climatology,reference,0.0,0.3255652499999999,200807,-0.3255652499999999
LA-XI,200808,2,climatology,reference,0.02,0.3256207499999999,200807,-0.3056207499999999
LA-XI,200809,3,climatology,reference,0.01,0.3639719999999995,200807,-0.3539719999999995
LA-XI,200810,1,climatology,reference,0.0,0.0140124999999999,200810,-0.0140124999999999
LA-XI,200811,2,climatology,reference,0.01,0.0035425,200810,0.0064575
LA-XI,200812,3,climatology,reference,0.0,0.0009309999999999,200810,-0.0009309999999999
LA-XI,200901,1,climatology,reference,0.0,0.00125375,200901,-0.00125375
LA-XI,200902,2,climatology,reference,0.0,0.001519,200901,-0.001519
LA-XI,200903,3,climatology,reference,0.0,0.0012149999999999,200901,-0.0012149999999999
LA-XI,200904,1,climatology,reference,0.0,0.00037025,200904,-0.00037025
LA-XI,200905,2,climatology,reference,39.0,38.924908,200904,0.0750919999999979
LA-XI,200906,3,climatology,reference,33.0,32.83338475,200904,0.1666152499999995
LA-XI,200907,1,climatology,reference,1.0,0.6998392500000006,200907,0.3001607499999994
LA-XI,200908,2,climatology,reference,9.62,7.121734,200907,2.498265999999999
LA-XI,200909,3,climatology,reference,0.01,0.4275137499999998,200907,-0.4175137499999998
LA-XI,200910,1,climatology,reference,0.0,0.96271025,200910,-0.96271025
LA-XI,200911,2,climatology,reference,0.01,0.3815999999999999,200910,-0.3715999999999999
LA-XI,200912,3,climatology,reference,0.0,0.167857,200910,-0.167857
LA-AT,200801,1,persistence,reference,3.417114,2.8567205,200801,0.5603935
LA-AT,200802,2,persistence,reference,1.554761,1.2271735,200801,0.3275875000000001
LA-AT,200803,3,persistence,reference,0.0719689999999997,0.07830275,200801,-0.0063337500000003
LA-AT,200804,1,persistence,reference,0.0471139999999998,0.50567575,200804,-0.4585617500000001
LA-AT,200805,2,persistence,reference,3.342761,1.56358275,200804,1.77917825
LA-AT,200806,3,persistence,reference,8.929969,4.13374575,200804,4.79622325
LA-AT,200807,1,persistence,reference,3.450605,3.5250217500000014,200807,-0.0744167500000014
LA-AT,200808,2,persistence,reference,0.8260830000000001,6.766005999999999,200807,-5.9399229999999985
LA-AT,200809,3,persistence,reference,12.807472,17.3033775,200807,-4.495905499999999
LA-AT,200810,1,persistence,reference,21.839211,30.770417750000004,200810,-8.931206750000005
LA-AT,200811,2,persistence,reference,17.716617,33.719483249999996,200810,-16.002866249999997
LA-AT,200812,3,persistence,reference,0.8262919999999996,17.15468825,200810,-16.32839625
LA-AT,200901,1,persistence,reference,4.403041999999999,8.29974025,200901,-3.89669825
LA-AT,200902,2,persistence,reference,21.580328,38.76478525,200901,-17.18445725
LA-AT,200903,3,persistence,reference,51.660003,58.79363725,200901,-7.13363425
LA-AT,200904,1,persistence,reference,20.870388,50.53175225,200904,-29.66136425
LA-AT,200905,2,persistence,reference,74.407714,48.4498705,200904,25.957843499999996
LA-AT,200906,3,persistence,reference,50.686121,39.38997125,200904,11.296149749999998
LA-AT,200907,1,persistence,reference,38.397211,48.98766975,200907,-10.590458750000003
LA-AT,200908,2,persistence,reference,2.492617,14.9626135,200907,-12.4699965
LA-AT,200909,3,persistence,reference,6.1402920000000005,10.2212285,200907,-4.0809365
LA-AT,200910,1,persistence,reference,12.098028,6.4422120000000005,200910,5.655815999999999
LA-AT,200911,2,persistence,reference,0.8285939999999998,6.16758375,200910,-5.3389897500000005
LA-AT,200912,3,persistence,reference,9.930269,5.693875249999999,200910,4.23639375
LA-BK,200801,1,persistence,reference,0.702799,0.95601925,200801,-0.25322025
LA-BK,200802,2,persistence,reference,0.0441579999999999,4.6500000000000046e-05,200801,0.0441114999999999
LA-BK,200803,3,persistence,reference,0.04958,2.8000000000000247e-05,200801,0.049552
LA-BK,200804,1,persistence,reference,0.0387989999999999,0.0264175,200804,0.0123814999999999
LA-BK,200805,2,persistence,reference,11.132158,10.713214999999998,200804,0.4189430000000023
LA-BK,200806,3,persistence,reference,51.985580000000006,50.8679235,200804,1.1176565000000025
LA-BK,200807,1,persistence,reference,50.223598,1.96930125,200807,48.25429675
LA-BK,200808,2,persistence,reference,43.128316,5.856817999999999,200807,37.271498
LA-BK,200809,3,persistence,reference,19.03516,21.43587975,200807,-2.4007197500000004
LA-BK,200810,1,persistence,reference,14.223598,21.940763500000003,200810,-7.717165500000002
LA-BK,200811,2,persistence,reference,21.128316,47.66615875,200810,-26.53784275
LA-BK,200812,3,persistence,reference,27.03516,2.97199575,200810,24.06316425
LA-BK,200901,1,persistence,reference,3.438492,0.45439075,200901,2.98410125
LA-BK,200902,2,persistence,reference,4.3407670000000005,0.30116375,200901,4.039603250000001
LA-BK,200903,3,persistence,reference,3.355307,0.6673817500000001,200901,2.6879252499999997
LA-BK,200904,1,persistence,reference,1.589023,1.287469,200904,0.3015540000000001
LA-BK,200905,2,persistence,reference,72.11584199999999,43.308491,200904,28.80735099999999
LA-BK,200906,3,persistence,reference,214.019436,146.54898674999998,200904,67.47044925000003
LA-BK,200907,1,persistence,reference,3.439598,188.15685825,200907,-184.71726025
LA-BK,200908,2,persistence,reference,105.128316,90.8190615,200907,14.309254499999994
LA-BK,200909,3,persistence,reference,163.03516,38.901625249999995,200907,124.13353475
LA-BK,200910,1,persistence,reference,20.223598,20.581325999999997,200910,-0.357727999999998
LA-BK,200911,2,persistence,reference,46.128316,12.810468749999998,200910,33.31784725
LA-BK,200912,3,persistence,reference,47.03516,4.833049750000001,200910,42.20211025
LA-BL,200801,1,persistence,reference,5.383502,5.3708495,200801,0.0126524999999997
LA-BL,200802,2,persistence,reference,4.609445999999998,5.84484275,200801,-1.2353967500000014
LA-BL,200803,3,persistence,reference,4.952254,0.42230275,200801,4.52995125
LA-BL,200804,1,persistence,reference,2.695502000000001,1.6217134999999998,200804,1.0737885000000014
LA-BL,200805,2,persistence,reference,7.897445999999999,6.6790910000000006,200804,1.218354999999998
LA-BL,200806,3,persistence,reference,9.692254000000002,7.575282,200804,2.1169720000000023
LA-BL,200807,1,persistence,reference,8.23891,20.087886249999997,200807,-11.848976249999996
LA-BL,200808,2,persistence,reference,9.221346999999998,20.6089715,200807,-11.3876245
LA-BL,200809,3,persistence,reference,9.298677,18.523956,200807,-9.225279
LA-BL,200810,1,persistence,reference,16.470322000000003,9.729708250000002,200810,6.740613750000001
LA-BL,200811,2,persistence,reference,12.262498,4.276498999999999,200810,7.985999000000001
LA-BL,200812,3,persistence,reference,17.99097,0.9770205,200810,17.013949500000003
LA-BL,200901,1,persistence,reference,2.511502,0.7456575000000001,200901,1.7658445
LA-BL,200902,2,persistence,reference,3.6934460000000016,1.68273325,200901,2.0107127500000015
LA-BL,200903,3,persistence,reference,4.9942540000000015,1.1302832499999995,200901,3.863970750000002
LA-BL,200904,1,persistence,reference,2.5010209999999997,0.8048480000000001,200904,1.6961729999999997
LA-BL,200905,2,persistence,reference,3.323820999999999,3.829161000000001,200904,-0.5053400000000021
LA-BL,200906,3,persistence,reference,5.582812999999998,5.61813075,200904,-0.0353177500000017
LA-BL,200907,1,persistence,reference,17.514046,21.985704500000004,200907,-4.471658500000004
LA-BL,200908,2,persistence,reference,4.609358000000002,6.174969249999998,200907,-1.5656112499999963
LA-BL,200909,3,persistence,reference,6.933896999999998,4.862042999999998,200907,2.071854
LA-BL,200910,1,persistence,reference,2.3170210000000004,5.49467175,200910,-3.1776507499999997
LA-BL,200911,2,persistence,reference,3.4678210000000007,2.1073274999999994,200910,1.3604935000000014
LA-BL,200912,3,persistence,reference,4.764813,0.712077,200910,4.052736
LA-CH,200801,1,persistence,reference,9.094472000000003,29.3396385,200801,-20.245166499999996
LA-CH,200802,2,persistence,reference,19.277769,43.54995375,200801,-24.27218475
LA-CH,200803,3,persistence,reference,22.452036999999997,50.399487500000006,200801,-27.94745050000001
LA-CH,200804,1,persistence,reference,16.585575000000002,27.6368465,200804,-11.0512715
LA-CH,200805,2,persistence,reference,17.207692,52.862192500000006,200804,-35.654500500000005
LA-CH,200806,3,persistence,reference,145.733314,122.0008095,200804,23.732504500000005
LA-CH,200807,1,persistence,reference,103.949944,96.85658924999996,200807,7.093354750000046
LA-CH,200808,2,persistence,reference,112.642802,88.99043875000001,200807,23.652363249999993
LA-CH,200809,3,persistence,reference,73.553239,120.46265225,200807,-46.90941325
LA-CH,200810,1,persistence,reference,31.000921000000005,47.67266175,200810,-16.671740749999998
LA-CH,200811,2,persistence,reference,58.287541,44.33711,200810,13.950430999999996
LA-CH,200812,3,persistence,reference,74.65110700000001,32.772664750000004,200810,41.878442250000006
LA-CH,200901,1,persistence,reference,28.518953000000003,10.049703,200901,18.46925
LA-CH,200902,2,persistence,reference,18.940767,25.96861525,200901,-7.027848249999998
LA-CH,200903,3,persistence,reference,16.500345000000003,21.53617675,200901,-5.035831749999996
LA-CH,200904,1,persistence,reference,28.357396,36.957363,200904,-8.599967
LA-CH,200905,2,persistence,reference,10.360133000000005,75.32216250000002,200904,-64.96202950000001
LA-CH,200906,3,persistence,reference,41.64690100000001,79.6897195,200904,-38.04281849999999
LA-CH,200907,1,persistence,reference,7.347732000000001,71.15796999999995,200907,-63.81023799999995
LA-CH,200908,2,persistence,reference,14.241996999999998,65.9228705,200907,-51.6808735
LA-CH,200909,3,persistence,reference,20.237556,61.406306249999965,200907,-41.16875024999996
LA-CH,200910,1,persistence,reference,31.559768,20.148328999999997,200910,11.411439
LA-CH,200911,2,persistence,reference,48.322561,16.137065750000005,200910,32.185495249999995
LA-CH,200912,3,persistence,reference,48.408425,12.705397,200910,35.703028
LA-HO,200801,1,persistence,reference,0.8303219999999999,0.0033932499999999,200801,0.82692875
LA-HO,200802,2,persistence,reference,0.8292019999999999,0.00093875,200801,0.8282632499999999
LA-HO,200803,3,persistence,reference,0.820377,0.0085314999999999,200801,0.8118455000000001
LA-HO,200804,1,persistence,reference,0.0149129999999999,0.013471,200804,0.0014419999999999
LA-HO,200805,2,persistence,reference,0.013793,0.022683,200804,-0.0088899999999999
LA-HO,200806,3,persistence,reference,0.015768,0.03302,200804,-0.017252
LA-HO,200807,1,persistence,reference,0.0149129999999999,0.3769914999999997,200807,-0.3620784999999998
LA-HO,200808,2,persistence,reference,0.013793,0.4492542499999994,200807,-0.4354612499999994
LA-HO,200809,3,persistence,reference,0.809768,0.7446340000000005,200807,0.0651339999999995
LA-HO,200810,1,persistence,reference,0.8303219999999999,0.06861625,200810,0.7617057499999998
LA-HO,200811,2,persistence,reference,0.8292019999999999,0.00963075,200810,0.8195712499999999
LA-HO,200812,3,persistence,reference,0.0263769999999999,0.8974147499999999,200810,-0.87103775
LA-HO,200901,1,persistence,reference,0.8303219999999999,0.0162604999999999,200901,0.8140615
LA-HO,200902,2,persistence,reference,0.8292019999999999,0.0244919999999999,200901,0.80471
LA-HO,200903,3,persistence,reference,0.820377,0.02520025,200901,0.79517675
LA-HO,200904,1,persistence,reference,0.0149129999999999,0.00536225,200904,0.0095507499999999
LA-HO,200905,2,persistence,reference,0.013793,0.011925,200904,0.0018679999999999
LA-HO,200906,3,persistence,reference,0.015768,0.0431117499999999,200904,-0.0273437499999999
LA-HO,200907,1,persistence,reference,0.0149129999999999,0.2975690000000003,200907,-0.2826560000000004
LA-HO,200908,2,persistence,reference,0.013793,0.4700382500000002,200907,-0.4562452500000002
LA-HO,200909,3,persistence,reference,0.809768,0.7268472499999997,200907,0.0829207500000003
LA-HO,200910,1,persistence,reference,0.024322,0.5777009999999999,200910,-0.553379
LA-HO,200911,2,persistence,reference,0.023202,0.78325125,200910,-0.76004925
LA-HO,200912,3,persistence,reference,0.0263769999999999,0.87533575,200910,-0.8489587500000001
LA-KH,200801,1,persistence,reference,1.3149230000000005,0.7769425,200801,0.5379805000000005
LA-KH,200802,2,persistence,reference,2.0702239999999996,0.0899645,200801,1.9802594999999996
LA-KH,200803,3,persistence,reference,2.6522299999999994,0.08083225,200801,2.5713977499999996
LA-KH,200804,1,persistence,reference,1.3149230000000005,0.50089525,200804,0.8140277500000005
LA-KH,200805,2,persistence,reference,2.0702239999999996,1.0987155,200804,0.9715084999999996
LA-KH,200806,3,persistence,reference,3.0462299999999978,2.6191885000000004,200804,0.4270414999999974
LA-KH,200807,1,persistence,reference,2.403284000000001,4.206672750000001,200807,-1.80338875
LA-KH,200808,2,persistence,reference,2.5886239999999994,4.554646249999996,200807,-1.9660222499999964
LA-KH,200809,3,persistence,reference,4.036038999999999,4.605022999999997,200807,-0.5689839999999986
LA-KH,200810,1,persistence,reference,3.125885000000002,0.7503565,200810,2.375528500000002
LA-KH,200811,2,persistence,reference,2.7576459999999976,1.5314975000000002,200810,1.2261484999999974
LA-KH,200812,3,persistence,reference,2.9661490000000015,3.205132,200810,-0.2389829999999984
LA-KH,200901,1,persistence,reference,3.713884999999999,0.0789115,200901,3.634973499999999
LA-KH,200902,2,persistence,reference,4.333645999999998,0.0184859999999999,200901,4.315159999999998
LA-KH,200903,3,persistence,reference,3.796149,4.757184,200901,-0.9610349999999994
LA-KH,200904,1,persistence,reference,4.995498000000001,0.36157825,200904,4.633919750000001
LA-KH,200905,2,persistence,reference,2.422528,2.211093,200904,0.2114349999999998
LA-KH,200906,3,persistence,reference,54.16718900000001,64.847896,200904,-10.680706999999998
LA-KH,200907,1,persistence,reference,60.490204000000006,116.86190075,200907,-56.37169675
LA-KH,200908,2,persistence,reference,191.180325,248.8047135,200907,-57.62438849999998
LA-KH,200909,3,persistence,reference,163.22992399999998,223.44451925,200907,-60.21459525000003
LA-KH,200910,1,persistence,reference,169.74701399999998,43.194995,200910,126.55201899999996
LA-KH,200911,2,persistence,reference,185.115734,21.677693499999997,200910,163.4380405
LA-KH,200912,3,persistence,reference,175.88018300000002,29.364558,200910,146.51562500000003
LA-LM,200801,1,persistence,reference,0.0063019999999999,0.0001869999999999,200801,0.006115
LA-LM,200802,2,persistence,reference,0.007978,6.124999999999989e-05,200801,0.00791675
LA-LM,200803,3,persistence,reference,0.008063,2.3000000000000346e-05,200801,0.00804
LA-LM,200804,1,persistence,reference,0.0063019999999999,0.0076832499999999,200804,-0.00138125
LA-LM,200805,2,persistence,reference,0.007978,0.0507185,200804,-0.0427405
LA-LM,200806,3,persistence,reference,0.008063,0.07468125,200804,-0.06661825
LA-LM,200807,1,persistence,reference,0.0063019999999999,0.9505770000000008,200807,-0.9442750000000008
LA-LM,200808,2,persistence,reference,0.007978,0.5011180000000002,200807,-0.4931400000000002
LA-LM,200809,3,persistence,reference,0.008063,0.7134750000000003,200807,-0.7054120000000003
LA-LM,200810,1,persistence,reference,0.0063019999999999,0.02528225,200810,-0.0189802500000001
LA-LM,200811,2,persistence,reference,0.007978,0.00321175,200810,0.00476625
LA-LM,200812,3,persistence,reference,0.008063,0.0007694999999999,200810,0.0072935000000001
LA-LM,200901,1,persistence,reference,0.0063019999999999,0.0001122499999999,200901,0.00618975
LA-LM,200902,2,persistence,reference,0.007978,0.0001109999999999,200901,0.0078670000000001
LA-LM,200903,3,persistence,reference,0.008063,0.0004552499999999,200901,0.0076077500000001
LA-LM,200904,1,persistence,reference,0.880302,0.95552225,200904,-0.0752202499999999
LA-LM,200905,2,persistence,reference,0.007978,0.0038972499999999,200904,0.0040807500000001
LA-LM,200906,3,persistence,reference,1.770063,1.775661,200904,-0.0055979999999999
LA-LM,200907,1,persistence,reference,0.886035,0.93713525,200907,-0.0511002499999999
LA-LM,200908,2,persistence,reference,1.777203,1.1261882500000011,200907,0.651014749999999
LA-LM,200909,3,persistence,reference,1.777288,2.3978117500000007,200907,-0.6205237500000007
LA-LM,200910,1,persistence,reference,0.8865399999999999,2.75320575,200910,-1.86666575
LA-LM,200911,2,persistence,reference,1.7778919999999998,4.56897925,200910,-2.7910872500000004
LA-LM,200912,3,persistence,reference,0.016045,3.36008825,200910,-3.34404325
LA-LP,200801,1,persistence,reference,3.4616930000000004,0.82532475,200801,2.6363682500000003
LA-LP,200802,2,persistence,reference,6.91244,14.229039,200801,-7.316599
LA-LP,200803,3,persistence,reference,10.133757,20.42374125,200801,-10.28998425
LA-LP,200804,1,persistence,reference,7.587196,20.079706,200804,-12.492510000000005
LA-LP,200805,2,persistence,reference,77.70587800000001,82.12704175,200804,-4.421163749999991
LA-LP,200806,3,persistence,reference,116.670978,104.643518,200804,12.027460000000003
LA-LP,200807,1,persistence,reference,129.93954599999998,9.964950000000002,200807,119.97459599999998
LA-LP,200808,2,persistence,reference,128.21567000000002,8.36418425,200807,119.85148575000002
LA-LP,200809,3,persistence,reference,124.816253,8.916167,200807,115.900086
LA-LP,200810,1,persistence,reference,13.347094,17.1979405,200810,-3.850846500000001
LA-LP,200811,2,persistence,reference,84.94253,107.752947,200810,-22.810417
LA-LP,200812,3,persistence,reference,124.888534,157.80555925,200810,-32.91702524999998
LA-LP,200901,1,persistence,reference,146.497715,7.926249,200901,138.571466
LA-LP,200902,2,persistence,reference,141.643959,5.34566875,200901,136.29829025
LA-LP,200903,3,persistence,reference,139.126542,12.5922905,200901,126.5342515
LA-LP,200904,1,persistence,reference,1.1242739999999998,11.6730205,200904,-10.5487465
LA-LP,200905,2,persistence,reference,1.711145,34.6189255,200904,-32.9077805
LA-LP,200906,3,persistence,reference,5.2004459999999995,71.9808455,200904,-66.7803995
LA-LP,200907,1,persistence,reference,14.802083,20.95936,200907,-6.1572770000000006
LA-LP,200908,2,persistence,reference,15.036039,21.068553,200907,-6.032514000000001
LA-LP,200909,3,persistence,reference,278.002476,284.7330325,200907,-6.730556499999977
LA-LP,200910,1,persistence,reference,133.848548,69.28776425,200910,64.56078375
LA-LP,200911,2,persistence,reference,204.57629,38.725323,200910,165.850967
LA-LP,200912,3,persistence,reference,288.208892,6.0545695,200910,282.1543225
LA-OU,200801,1,persistence,reference,0.0060349999999999,0.0009954999999999,200801,0.0050395
LA-OU,200802,2,persistence,reference,0.004123,0.0001854999999999,200801,0.0039375000000001
LA-OU,200803,3,persistence,reference,0.0080099999999999,6.374999999999979e-05,200801,0.0079462499999999
LA-OU,200804,1,persistence,reference,0.0060349999999999,0.021019,200804,-0.0149840000000001
LA-OU,200805,2,persistence,reference,0.004123,0.0979922499999999,200804,-0.0938692499999999
LA-OU,200806,3,persistence,reference,0.0080099999999999,0.169309,200804,-0.161299
LA-OU,200807,1,persistence,reference,0.0060349999999999,1.9330165000000017,200807,-1.926981500000002
LA-OU,200808,2,persistence,reference,0.004123,1.27780225,200807,-1.2736792499999998
LA-OU,200809,3,persistence,reference,0.0080099999999999,1.5425357500000008,200807,-1.534525750000001
LA-OU,200810,1,persistence,reference,0.0060349999999999,0.0331582499999999,200810,-0.02712325
LA-OU,200811,2,persistence,reference,0.004123,0.0057727499999999,200810,-0.0016497499999999
LA-OU,200812,3,persistence,reference,0.0080099999999999,0.00139925,200810,0.0066107499999998
LA-OU,200901,1,persistence,reference,0.0060349999999999,0.0002072499999999,200901,0.00582775
LA-OU,200902,2,persistence,reference,0.004123,0.0001965,200901,0.0039265
LA-OU,200903,3,persistence,reference,0.0080099999999999,0.00056025,200901,0.0074497499999998
LA-OU,200904,1,persistence,reference,0.0060349999999999,0.00090175,200904,0.0051332499999999
LA-OU,200905,2,persistence,reference,0.004123,0.0051239999999999,200904,-0.0010009999999999
LA-OU,200906,3,persistence,reference,0.0080099999999999,0.01647975,200904,-0.0084697500000001
LA-OU,200907,1,persistence,reference,0.0060349999999999,1.7412692500000009,200907,-1.735234250000001
LA-OU,200908,2,persistence,reference,0.886123,2.001218249999999,200907,-1.115095249999999
LA-OU,200909,3,persistence,reference,14.71601,9.3298065,200907,5.386203500000001
LA-OU,200910,1,persistence,reference,8.76207,2.2214875000000003,200910,6.540582499999999
LA-OU,200911,2,persistence,reference,1.848246,8.9728415,200910,-7.1245955
LA-OU,200912,3,persistence,reference,2.7500199999999997,16.17595275,200910,-13.42593275
LA-PH,200901,1,persistence,reference,0.0002559999999999,0.0130202499999999,200901,-0.01276425
LA-PH,200902,2,persistence,reference,0.0002559999999999,0.01459375,200901,-0.0143377500000001
LA-PH,200903,3,persistence,reference,0.0003239999999999,0.01747275,200901,-0.01714875
LA-PH,200904,1,persistence,reference,0.0002559999999999,0.0034817499999999,200904,-0.00322575
LA-PH,200905,2,persistence,reference,0.0002559999999999,0.0067925,200904,-0.0065365
LA-PH,200906,3,persistence,reference,0.0003239999999999,0.0279412499999999,200904,-0.02761725
LA-PH,200907,1,persistence,reference,0.0002559999999999,0.1950434999999999,200907,-0.1947875
LA-PH,200909,3,persistence,reference,0.0003239999999999,0.2976595000000001,200907,-0.2973355000000002
LA-PH,200910,1,persistence,reference,0.0002559999999999,0.0170252499999999,200910,-0.01676925
LA-PH,200911,2,persistence,reference,0.0002559999999999,0.0064347499999999,200910,-0.0061787499999999
LA-PH,200912,3,persistence,reference,0.0003239999999999,0.0011549999999999,200910,-0.000831
LA-SL,200801,1,persistence,reference,5.888300000000001,0.944374,200801,4.943926000000001
LA-SL,200802,2,persistence,reference,4.932642,0.3960867499999999,200801,4.53655525
LA-SL,200803,3,persistence,reference,1.538814,3.71234675,200801,-2.17353275
LA-SL,200804,1,persistence,reference,2.4083299999999994,0.99449025,200804,1.4138397499999993
LA-SL,200805,2,persistence,reference,94.771065,89.40537875,200804,5.365686249999996
LA-SL,200806,3,persistence,reference,215.529118,184.4246935,200804,31.10442450000002
LA-SL,200807,1,persistence,reference,144.638988,49.26407675,200807,95.37491125
LA-SL,200808,2,persistence,reference,157.654794,39.41688825,200807,118.23790575
LA-SL,200809,3,persistence,reference,135.591742,57.114015,200807,78.47772700000002
LA-SL,200810,1,persistence,reference,5.024252000000001,37.614025,200810,-32.589772999999994
LA-SL,200811,2,persistence,reference,59.913664,8.01930375,200810,51.89436025
LA-SL,200812,3,persistence,reference,72.336984,2.8268264999999997,200810,69.5101575
LA-SL,200901,1,persistence,reference,5.890064000000001,1.65789525,200901,4.2321687500000005
LA-SL,200902,2,persistence,reference,14.107243,19.7962565,200901,-5.689013499999998
LA-SL,200903,3,persistence,reference,14.945415000000002,13.1628275,200901,1.7825875000000018
LA-SL,200904,1,persistence,reference,5.018927,5.858830749999999,200904,-0.8399037499999995
LA-SL,200905,2,persistence,reference,91.851327,45.2519755,200904,46.5993515
LA-SL,200906,3,persistence,reference,14.970665,31.8076495,200904,-16.8369845
LA-SL,200907,1,persistence,reference,118.6355,118.85979425000002,200907,-0.2242942500000282
LA-SL,200908,2,persistence,reference,80.18723700000001,91.037494,200907,-10.850256999999983
LA-SL,200909,3,persistence,reference,45.277277,62.04129249999999,200907,-16.764015499999992
LA-SL,200910,1,persistence,reference,2.434636,35.41509575,200910,-32.98045975
LA-SL,200911,2,persistence,reference,43.493157999999994,16.416914499999997,200910,27.076243499999997
LA-SL,200912,3,persistence,reference,69.439998,7.024564250000001,200910,62.415433750000005
LA-SV,200801,1,persistence,reference,4.8442229999999995,5.560645,200801,-0.7164220000000006
LA-SV,200802,2,persistence,reference,8.673057,1.0085315,200801,7.6645255
LA-SV,200803,3,persistence,reference,12.976107,0.4973877499999999,200801,12.47871925
LA-SV,200804,1,persistence,reference,5.031711999999999,3.5772804999999996,200804,1.4544314999999992
LA-SV,200805,2,persistence,reference,8.798821000000004,6.43930125,200804,2.359519750000004
LA-SV,200806,3,persistence,reference,14.938783,24.48841975,200804,-9.549636749999998
LA-SV,200807,1,persistence,reference,5.993041000000005,23.12051975,200807,-17.127478749999995
LA-SV,200808,2,persistence,reference,11.269002999999998,21.36057074999998,200807,-10.091567749999982
LA-SV,200809,3,persistence,reference,16.011347999999998,23.258939499999997,200807,-7.247591499999999
LA-SV,200810,1,persistence,reference,7.473481,3.819202250000001,200810,3.6542787499999982
LA-SV,200811,2,persistence,reference,8.967742000000001,0.8241327500000002,200810,8.14360925
LA-SV,200812,3,persistence,reference,13.509918999999996,0.3548737500000001,200810,13.155045249999995
LA-SV,200901,1,persistence,reference,4.710222999999999,0.0830284999999999,200901,4.627194499999999
LA-SV,200902,2,persistence,reference,8.589056999999997,0.0152394999999999,200901,8.573817499999997
LA-SV,200903,3,persistence,reference,12.924106999999992,0.12601875,200901,12.798088249999992
LA-SV,200904,1,persistence,reference,4.710222999999999,0.18258525,200904,4.527637749999999
LA-SV,200905,2,persistence,reference,8.589056999999997,1.2562635,200904,7.332793499999997
LA-SV,200906,3,persistence,reference,12.976107,1.6869117500000002,200904,11.28919525
LA-SV,200907,1,persistence,reference,9.081712000000003,26.799079749999976,200907,-17.717367749999973
LA-SV,200908,2,persistence,reference,21.414821000000003,29.625094249999957,200907,-8.210273249999954
LA-SV,200909,3,persistence,reference,29.858783000000003,33.84717599999999,200907,-3.988392999999988
LA-SV,200910,1,persistence,reference,22.608721999999993,7.0335019999999995,200910,15.575219999999996
LA-SV,200911,2,persistence,reference,17.216891000000004,15.431827,200910,1.7850640000000038
LA-SV,200912,3,persistence,reference,33.27619299999999,1.7666767499999998,200910,31.509516249999994
LA-VT,200801,1,persistence,reference,43.562509000000006,11.1160255,200801,32.44648350000001
LA-VT,200802,2,persistence,reference,53.531439000000006,4.11515575,200801,49.416283250000006
LA-VT,200803,3,persistence,reference,53.29954199999999,16.96018625,200801,36.33935574999999
LA-VT,200804,1,persistence,reference,17.354836999999996,10.77835425,200804,6.576482749999997
LA-VT,200805,2,persistence,reference,23.829443999999995,20.521471750000003,200804,3.3079722499999917
LA-VT,200806,3,persistence,reference,34.40855599999999,69.88104925,200804,-35.472493250000014
LA-VT,200807,1,persistence,reference,44.285051,81.40077274999996,200807,-37.11572174999995
LA-VT,200808,2,persistence,reference,49.550028999999995,84.85327000000001,200807,-35.303241000000014
LA-VT,200809,3,persistence,reference,57.28912399999999,93.64231074999996,200807,-36.35318674999998
LA-VT,200810,1,persistence,reference,40.699749,35.20602275,200810,5.493726249999995
LA-VT,200811,2,persistence,reference,36.577603,57.436028,200810,-20.858424999999997
LA-VT,200812,3,persistence,reference,56.08934400000001,51.8002925,200810,4.289051500000014
LA-VT,200901,1,persistence,reference,33.955966000000004,20.70266475,200901,13.253301250000003
LA-VT,200902,2,persistence,reference,46.578158000000016,13.901395,200901,32.676763000000015
LA-VT,200903,3,persistence,reference,52.60918800000002,6.35277275,200901,46.25641525000002
LA-VT,200904,1,persistence,reference,14.502862999999998,10.8966255,200904,3.606237499999997
LA-VT,200905,2,persistence,reference,26.674568000000008,109.941614,200904,-83.267046
LA-VT,200906,3,persistence,reference,45.832223,176.63849825,200904,-130.80627525
LA-VT,200907,1,persistence,reference,142.69739800000002,174.467824,200907,-31.770425999999983
LA-VT,200908,2,persistence,reference,166.135237,205.78056975,200907,-39.64533275000002
LA-VT,200909,3,persistence,reference,238.83145099999996,278.36174550000004,200907,-39.53029450000008
LA-VT,200910,1,persistence,reference,37.81561000000001,197.894393,200910,-160.078783
LA-VT,200911,2,persistence,reference,44.86481699999999,268.37443075,200910,-223.50961375
LA-VT,200912,3,persistence,reference,73.67705999999998,226.40287475,200910,-152.72581475
LA-XA,200801,1,persistence,reference,1.370140000000001,1.06215775,200801,0.3079822500000011
LA-XA,200802,2,persistence,reference,1.726794,0.2354625,200801,1.4913315
LA-XA,200803,3,persistence,reference,2.4291660000000004,0.15566625,200801,2.2734997500000005
LA-XA,200804,1,persistence,reference,0.9566909999999992,0.7379695000000001,200804,0.2187214999999991
LA-XA,200805,2,persistence,reference,2.003665,1.32360175,200804,0.6800632499999999
LA-XA,200806,3,persistence,reference,4.741557,2.3749184999999997,200804,2.3666385000000005
LA-XA,200807,1,persistence,reference,9.660272,11.184284999999996,200807,-1.5240129999999947
LA-XA,200808,2,persistence,reference,1.9991069999999984,4.234384749999999,200807,-2.2352777500000007
LA-XA,200809,3,persistence,reference,4.655937,2.697391250000001,200807,1.958545749999999
LA-XA,200810,1,persistence,reference,1.8581400000000008,1.5762365,200810,0.2819035000000007
LA-XA,200811,2,persistence,reference,1.726794,0.8232865,200810,0.9035075
LA-XA,200812,3,persistence,reference,2.223166000000001,0.408204,200810,1.8149620000000009
LA-XA,200901,1,persistence,reference,1.370140000000001,0.09775275,200901,1.272387250000001
LA-XA,200902,2,persistence,reference,1.726794,0.03872075,200901,1.68807325
LA-XA,200903,3,persistence,reference,2.4291660000000004,0.2171452499999999,200901,2.2120207500000006
LA-XA,200904,1,persistence,reference,0.9566909999999992,0.30977675,200904,0.6469142499999991
LA-XA,200905,2,persistence,reference,1.5876649999999994,1.1146125000000002,200904,0.4730524999999992
LA-XA,200906,3,persistence,reference,9.675557,5.670314749999999,200904,4.00524225
LA-XA,200907,1,persistence,reference,2.7803690000000003,6.406543500000003,200907,-3.626174500000003
LA-XA,200908,2,persistence,reference,17.094084000000002,23.106004,200907,-6.011919999999996
LA-XA,200909,3,persistence,reference,3.863987999999999,6.533184249999995,200907,-2.669196249999996
LA-XA,200910,1,persistence,reference,4.720613,4.4654025,200910,0.2552105000000004
LA-XA,200911,2,persistence,reference,4.825930999999999,2.1824275,200910,2.6435034999999987
LA-XA,200912,3,persistence,reference,8.469738999999999,1.3401602499999998,200910,7.1295787499999985
LA-XE,200801,1,persistence,reference,0.6979409999999999,0.0157672499999999,200801,0.68217375
LA-XE,200802,2,persistence,reference,0.6954600000000001,0.00728225,200801,0.68817775
LA-XE,200803,3,persistence,reference,0.6880539999999999,0.00405975,200801,0.6839942499999999
LA-XE,200804,1,persistence,reference,0.067505,0.01893125,200804,0.04857375
LA-XE,200805,2,persistence,reference,0.0713599999999999,0.0490319999999999,200804,0.0223279999999999
LA-XE,200806,3,persistence,reference,4.053398,3.87301125,200804,0.1803867499999998
LA-XE,200807,1,persistence,reference,4.160576,0.4383570000000001,200807,3.722219
LA-XE,200808,2,persistence,reference,4.131926999999999,0.5336115000000001,200807,3.598315499999999
LA-XE,200809,3,persistence,reference,3.2153919999999996,0.6918269999999999,200807,2.5235649999999996
LA-XE,200810,1,persistence,reference,0.6979409999999999,0.0499849999999999,200810,0.647956
LA-XE,200811,2,persistence,reference,0.6954600000000001,0.020021,200810,0.6754390000000001
LA-XE,200812,3,persistence,reference,0.120054,0.86535475,200810,-0.74530075
LA-XE,200901,1,persistence,reference,0.6979409999999999,0.00637675,200901,0.6915642499999999
LA-XE,200902,2,persistence,reference,0.6954600000000001,1.8795005,200901,-1.1840405
LA-XE,200903,3,persistence,reference,0.6880539999999999,1.75755275,200901,-1.0694987500000002
LA-XE,200904,1,persistence,reference,0.71307,0.521935,200904,0.1911349999999999
LA-XE,200905,2,persistence,reference,0.132101,0.97420275,200904,-0.84210175
LA-XE,200906,3,persistence,reference,6.022938,5.86126,200904,0.1616780000000002
LA-XE,200907,1,persistence,reference,19.060946,25.168266749999997,200907,-6.107320749999996
LA-XE,200908,2,persistence,reference,16.974494,22.43472575,200907,-5.460231749999998
LA-XE,200909,3,persistence,reference,2.3166710000000004,4.09308175,200907,-1.7764107499999993
LA-XE,200910,1,persistence,reference,0.722745,2.796644,200910,-2.073899
LA-XE,200911,2,persistence,reference,2.3122510000000003,5.795607750000002,200910,-3.483356750000002
LA-XE,200912,3,persistence,reference,0.713921,6.98543275,200910,-6.27151175
LA-XI,200801,1,persistence,reference,0.000689,0.0005107499999999,200801,0.0001782500000001
LA-XI,200802,2,persistence,reference,0.000689,0.0001444999999999,200801,0.0005445000000001
LA-XI,200803,3,persistence,reference,0.000757,0.0003409999999999,200801,0.0004160000000001
LA-XI,200804,1,persistence,reference,0.000689,0.005478,200804,-0.004789
LA-XI,200805,2,persistence,reference,0.000689,0.0145995,200804,-0.0139105
LA-XI,200806,3,persistence,reference,0.948757,0.8408530000000001,200804,0.1079039999999998
LA-XI,200807,1,persistence,reference,0.951314,0.3255652499999999,200807,0.6257487500000001
LA-XI,200808,2,persistence,reference,0.951314,0.3256207499999999,200807,0.6256932500000001
LA-XI,200809,3,persistence,reference,0.949433,0.3639719999999995,200807,0.5854610000000005
LA-XI,200810,1,persistence,reference,0.000689,0.0140124999999999,200810,-0.0133234999999999
LA-XI,200811,2,persistence,reference,0.000689,0.0035425,200810,-0.0028535
LA-XI,200812,3,persistence,reference,0.000757,0.0009309999999999,200810,-0.0001739999999999
LA-XI,200901,1,persistence,reference,0.000689,0.00125375,200901,-0.00056475
LA-XI,200902,2,persistence,reference,0.000689,0.001519,200901,-0.0008299999999999
LA-XI,200903,3,persistence,reference,0.000757,0.0012149999999999,200901,-0.0004579999999999
LA-XI,200904,1,persistence,reference,0.000689,0.00037025,200904,0.00031875
LA-XI,200905,2,persistence,reference,38.934689,38.924908,200904,0.0097809999999967
LA-XI,200906,3,persistence,reference,32.93075700000001,32.83338475,200904,0.0973722500000064
LA-XI,200907,1,persistence,reference,31.935378,0.6998392500000006,200907,31.23553875
LA-XI,200908,2,persistence,reference,22.935378,7.121734,200907,15.813644
LA-XI,200909,3,persistence,reference,32.931514,0.4275137499999998,200907,32.50400025
LA-XI,200910,1,persistence,reference,0.000689,0.96271025,200910,-0.96202125
LA-XI,200911,2,persistence,reference,0.000689,0.3815999999999999,200910,-0.3809109999999999
LA-XI,200912,3,persistence,reference,0.000757,0.167857,200910,-0.1671
