model,against,split_first_period,n_cells,mean_diff,crps_model,crps_against
ensemble,reference,200801,45,-0.16302962777777796,4.776475266666666,4.939504894444444
ensemble,reference,200804,45,1.7077718555555546,22.096549,20.388777144444443
ensemble,reference,200807,45,-3.3508385499999966,18.109479755555558,21.460318305555553
ensemble,reference,200810,45,-0.6615759499999995,16.78153828888889,17.44311423888889
ensemble,reference,200901,48,0.31854667187500013,6.131564895833333,5.813018223958333
ensemble,reference,200904,48,-5.977259802083334,18.8148069375,24.792066739583333
ensemble,reference,200907,47,-14.30698819148936,42.624129872340426,56.931118063829786
ensemble,reference,200910,48,-2.9575053229166657,21.277700208333332,24.23520553125
ensemble,reference_r1,200801,45,-0.08908748888888933,4.776475266666666,4.8655627555555565
ensemble,reference_r1,200804,45,2.645455599999999,22.096549,19.4510934
ensemble,reference_r1,200807,45,-3.383241933333331,18.109479755555558,21.49272168888889
ensemble,reference_r1,200810,45,-0.9850241999999998,16.78153828888889,17.76656248888889
ensemble,reference_r1,200901,48,0.30787635416666687,6.131564895833333,5.823688541666667
ensemble,reference_r1,200904,48,-5.806399,18.8148069375,24.621205937499997
ensemble,reference_r1,200907,47,-14.025327553191481,42.624129872340426,56.64945742553191
ensemble,reference_r1,200910,48,-2.6089689999999996,21.277700208333332,23.886669208333334
ensemble,reference_r2,200801,45,-0.09458988888888908,4.776475266666666,4.871065155555556
ensemble,reference_r2,200804,45,-0.4056766666666684,22.096549,22.502225666666668
ensemble,reference_r2,200807,45,-3.251740399999998,18.109479755555558,21.361220155555554
ensemble,reference_r2,200810,45,-1.114819111111111,16.78153828888889,17.8963574
ensemble,reference_r2,200901,48,0.29061556250000015,6.131564895833333,5.8409493333333335
ensemble,reference_r2,200904,48,-5.774846166666669,18.8148069375,24.58965310416667
ensemble,reference_r2,200907,47,-13.751918978723406,42.624129872340426,56.376048851063835
ensemble,reference_r2,200910,48,-2.7674813750000005,21.277700208333332,24.045181583333335
ensemble,reference_r3,200801,45,-0.3510503111111113,4.776475266666666,5.127525577777778
ensemble,reference_r3,200804,45,1.7685947555555546,22.096549,20.327954244444445
ensemble,reference_r3,200807,45,-3.437602111111108,18.109479755555558,21.547081866666662
ensemble,reference_r3,200810,45,0.40438648888888956,16.78153828888889,16.3771518
ensemble,reference_r3,200901,48,0.23432929166666672,6.131564895833333,5.897235604166667
ensemble,reference_r3,200904,48,-6.498118604166667,18.8148069375,25.31292554166667
ensemble,reference_r3,200907,47,-16.34936174468085,42.624129872340426,58.973491617021274
ensemble,reference_r3,200910,48,-3.3649736874999996,21.277700208333332,24.64267389583333
ensemble,reference_r4,200801,45,-0.11739082222222252,4.776475266666666,4.893866088888889
ensemble,reference_r4,200804,45,2.822713733333333,22.096549,19.273835266666666
ensemble,reference_r4,200807,45,-3.3307697555555515,18.109479755555558,21.440249511111105
ensemble,reference_r4,200810,45,-0.9508469777777768,16.78153828888889,17.732385266666665
ensemble,reference_r4,200901,48,0.4413654791666668,6.131564895833333,5.690199416666666
ensemble,reference_r4,200904,48,-5.8296754375,18.8148069375,24.644482375
ensemble,reference_r4,200907,47,-13.101344489361695,42.624129872340426,55.72547436170212
ensemble,reference_r4,200910,48,-3.0885972291666666,21.277700208333332,24.3662974375
climatology,reference,200801,45,0.4200506611111108,5.359555555555555,4.939504894444444
climatology,reference,200804,45,5.845326011111111,26.23410315555556,20.388777144444443
climatology,reference,200807,45,12.233459472222224,33.693777777777775,21.460318305555553
climatology,reference,200810,45,4.262107161111111,21.7052214,17.44311423888889
climatology,reference,200901,48,0.2573984427083334,6.070416666666667,5.813018223958333
climatology,reference,200904,48,-2.489720031250001,22.30234670833333,24.792066739583333
climatology,reference,200907,47,-3.6064372127659565,53.324680851063825,56.931118063829786
climatology,reference,200910,48,5.837522864583334,30.072728395833334,24.23520553125
climatology,reference_r1,200801,45,0.49399279999999945,5.359555555555555,4.8655627555555565
climatology,reference_r1,200804,45,6.783009755555555,26.23410315555556,19.4510934
climatology,reference_r1,200807,45,12.20105608888889,33.693777777777775,21.49272168888889
climatology,reference_r1,200810,45,3.938658911111112,21.7052214,17.76656248888889
climatology,reference_r1,200901,48,0.24672812500000008,6.070416666666667,5.823688541666667
climatology,reference_r1,200904,48,-2.3188592291666663,22.30234670833333,24.621205937499997
climatology,reference_r1,200907,47,-3.3247765744680784,53.324680851063825,56.64945742553191
climatology,reference_r1,200910,48,6.186059187500001,30.072728395833334,23.886669208333334
climatology,reference_r2,200801,45,0.4884903999999997,5.359555555555555,4.871065155555556
climatology,reference_r2,200804,45,3.731877488888888,26.23410315555556,22.502225666666668
climatology,reference_r2,200807,45,12.332557622222224,33.693777777777775,21.361220155555554
climatology,reference_r2,200810,45,3.8088640000000002,21.7052214,17.8963574
climatology,reference_r2,200901,48,0.22946733333333344,6.070416666666667,5.8409493333333335
climatology,reference_r2,200904,48,-2.2873063958333355,22.30234670833333,24.58965310416667
climatology,reference_r2,200907,47,-3.051368000000002,53.324680851063825,56.376048851063835
climatology,reference_r2,200910,48,6.027546812499999,30.072728395833334,24.045181583333335
climatology,reference_r3,200801,45,0.23202997777777748,5.359555555555555,5.127525577777778
climatology,reference_r3,200804,45,5.906148911111111,26.23410315555556,20.327954244444445
climatology,reference_r3,200807,45,12.146695911111113,33.693777777777775,21.547081866666662
climatology,reference_r3,200810,45,5.328069600000001,21.7052214,16.3771518
climatology,reference_r3,200901,48,0.17318106249999995,6.070416666666667,5.897235604166667
climatology,reference_r3,200904,48,-3.010578833333333,22.30234670833333,25.31292554166667
climatology,reference_r3,200907,47,-5.648810765957447,53.324680851063825,58.973491617021274
climatology,reference_r3,200910,48,5.430054500000001,30.072728395833334,24.64267389583333
climatology,reference_r4,200801,45,0.4656894666666662,5.359555555555555,4.893866088888889
climatology,reference_r4,200804,45,6.96026788888889,26.23410315555556,19.273835266666666
climatology,reference_r4,200807,45,12.253528266666669,33.693777777777775,21.440249511111105
climatology,reference_r4,200810,45,3.9728361333333346,21.7052214,17.732385266666665
climatology,reference_r4,200901,48,0.38021725,6.070416666666667,5.690199416666666
climatology,reference_r4,200904,48,-2.342135666666666,22.30234670833333,24.644482375
climatology,reference_r4,200907,47,-2.4007935106382923,53.324680851063825,55.72547436170212
climatology,reference_r4,200910,48,5.706430958333333,30.072728395833334,24.3662974375
persistence,reference,200801,45,1.6723142833333333,6.611819177777777,4.939504894444444
persistence,reference,200804,45,-0.08469814444444415,20.304079,20.388777144444443
persistence,reference,200807,45,11.699969383333336,33.16028768888889,21.460318305555553
persistence,reference,200810,45,1.5591797833333343,19.002294022222223,17.44311423888889
persistence,reference,200901,48,11.009678880208334,16.822697104166668,5.813018223958333
persistence,reference,200904,48,-5.752824510416667,19.039242229166668,24.792066739583333
persistence,reference,200907,47,-11.502207063829786,45.428911,56.931118063829786
persistence,reference,200910,48,13.580857072916665,37.81606260416667,24.23520553125
persistence,reference_r1,200801,45,1.746256422222222,6.611819177777777,4.8655627555555565
persistence,reference_r1,200804,45,0.8529856000000001,20.304079,19.4510934
persistence,reference_r1,200807,45,11.667566000000003,33.16028768888889,21.49272168888889
persistence,reference_r1,200810,45,1.2357315333333336,19.002294022222223,17.76656248888889
persistence,reference_r1,200901,48,10.9990085625,16.822697104166668,5.823688541666667
persistence,reference_r1,200904,48,-5.581963708333332,19.039242229166668,24.621205937499997
persistence,reference_r1,200907,47,-11.220546425531907,45.428911,56.64945742553191
persistence,reference_r1,200910,48,13.92939339583333,37.81606260416667,23.886669208333334
persistence,reference_r2,200801,45,1.740754022222222,6.611819177777777,4.871065155555556
persistence,reference_r2,200804,45,-2.198146666666667,20.304079,22.502225666666668
persistence,reference_r2,200807,45,11.799067533333336,33.16028768888889,21.361220155555554
persistence,reference_r2,200810,45,1.1059366222222227,19.002294022222223,17.8963574
persistence,reference_r2,200901,48,10.981747770833335,16.822697104166668,5.8409493333333335
persistence,reference_r2,200904,48,-5.550410875000001,19.039242229166668,24.58965310416667
persistence,reference_r2,200907,47,-10.94713785106383,45.428911,56.376048851063835
persistence,reference_r2,200910,48,13.770881020833334,37.81606260416667,24.045181583333335
persistence,reference_r3,200801,45,1.4842936,6.611819177777777,5.127525577777778
persistence,reference_r3,200804,45,-0.02387524444444405,20.304079,20.327954244444445
persistence,reference_r3,200807,45,11.613205822222227,33.16028768888889,21.547081866666662
persistence,reference_r3,200810,45,2.625142222222223,19.002294022222223,16.3771518
persistence,reference_r3,200901,48,10.925461499999999,16.822697104166668,5.897235604166667
persistence,reference_r3,200904,48,-6.273683312499998,19.039242229166668,25.31292554166667
persistence,reference_r3,200907,47,-13.544580617021277,45.428911,58.973491617021274
persistence,reference_r3,200910,48,13.173388708333334,37.81606260416667,24.64267389583333
persistence,reference_r4,200801,45,1.7179530888888885,6.611819177777777,4.893866088888889
persistence,reference_r4,200804,45,1.030243733333334,20.304079,19.273835266666666
persistence,reference_r4,200807,45,11.720038177777782,33.16028768888889,21.440249511111105
persistence,reference_r4,200810,45,1.269908755555557,19.002294022222223,17.732385266666665
persistence,reference_r4,200901,48,11.1324976875,16.822697104166668,5.690199416666666
persistence,reference_r4,200904,48,-5.605240145833331,19.039242229166668,24.644482375
persistence,reference_r4,200907,47,-10.296563361702121,45.428911,55.72547436170212
persistence,reference_r4,200910,48,13.449765166666666,37.81606260416667,24.3662974375
