combination,tier,kind,fork,child,our_model,weighting,skill_score,delta_skill_vs_main,inside_reference_noise_band,crps_ours,crps_reference,coverage_10_90_ours,coverage_25_75_ours,beats_reference,beats_all_baselines,paired_mean_diff_vs_reference,paired_se_cluster_split,resolvable_difference_floor,interaction
aggregate_caseWeighted,1,scoring,analysis/04_score/02_aggregate,c_caseWeighted,ensemble,c_caseWeighted,0.23201514155208391,0.083517,False,88.48423996151656,115.21612566729722,0.7010007322431047,0.4222601903832072,True,False,-26.731885705780652,9.320806335949788,5.502194828980555,
aggregate_populationWeighted,1,scoring,analysis/04_score/02_aggregate,b_populationWeighted,ensemble,b_populationWeighted,0.2288042945821136,0.080306,False,28.576665035953052,37.05501059613431,0.9199400718479612,0.7729833366562269,True,True,-8.47834556018126,3.693318274363823,0.834831388328218,
provinces_mergeVientiane__aggregate_caseWeighted,2,pair,analysis/02_setup/03_provinces+analysis/04_score/02_aggregate,c_mergeVientiane+c_caseWeighted,ensemble,c_caseWeighted,0.22392968864027973,0.075432,False,90.41046637564072,116.49777739498414,0.6932714994711577,0.4346269628183223,True,False,-26.08731101934342,9.558446380633889,4.837286954600916,-0.030962
provinces_reportingOnly,1,setup,analysis/02_setup/03_provinces,b_reportingOnly,ensemble,a_unweighted,0.18605112567234483,0.037553,False,18.843148671159028,23.15028531334232,0.862533692722372,0.77088948787062,True,True,-4.3071366421832895,1.854750685942251,1.717378385444744,
provinces_mergeVientiane,1,setup,analysis/02_setup/03_provinces,c_mergeVientiane,ensemble,a_unweighted,0.17137533295369134,0.022877,False,19.006490361185985,22.937393873315365,0.8652291105121294,0.7735849056603774,True,True,-3.930903512129379,1.7570561751811702,4.599666983827492,
provinces_reportingOnly__aggregate_caseWeighted,2,pair,analysis/02_setup/03_provinces+analysis/04_score/02_aggregate,b_reportingOnly+c_caseWeighted,ensemble,c_caseWeighted,0.16621933165524527,0.017721,True,89.2793940886014,107.07779333123833,0.693108778781222,0.4255146041819217,True,False,-17.79839924263689,11.355852830685455,1.8460354214465884,-0.103349
retrain_everySplit,1,setup,analysis/02_setup/04_retrain,b_everySplit,ensemble,a_unweighted,0.16511284434582874,0.016615,True,18.551604981132076,22.22049393800539,0.8679245283018868,0.7681940700808625,True,True,-3.6688889568733143,1.8017229489983984,0.6425781859838271,
covariates_rich,1,candidate,analysis/03_models/03_candidate/a_hierNB/02_covariates,b_rich,ensemble,a_unweighted,0.15659642771861704,0.008098,True,18.63790871428571,22.098446493261456,0.8571428571428571,0.7601078167115903,True,True,-3.4605377789757408,1.7395542117063818,0.565277280323451,
fitTime_refitAtPredict,1,candidate,analysis/03_models/03_candidate/a_hierNB/04_fitTime,b_refitAtPredict,ensemble,a_unweighted,0.15423932455866485,0.005741,True,18.689997032345012,22.098446493261456,0.8652291105121294,0.7547169811320755,True,True,-3.4084494609164415,1.7754883633817342,0.565277280323451,
head_quantileEnsemble,1,candidate,analysis/03_models/03_candidate/b_boosted/02_head,b_quantileEnsemble,ensemble,a_unweighted,0.15033166210971804,0.001834,True,18.77635030188679,22.098446493261456,0.8382749326145552,0.77088948787062,True,True,-3.3220961913746634,1.794036156957156,0.565277280323451,
features_richCalendar,1,candidate,analysis/03_models/03_candidate/b_boosted/01_features,b_richCalendar,ensemble,a_unweighted,0.14870925964197335,0.000211,True,18.812202876010783,22.098446493261456,0.8598382749326146,0.7601078167115903,True,True,-3.286243617250673,1.7617648816596558,0.565277280323451,
autoregressive_lag3,1,candidate,analysis/03_models/03_candidate/a_hierNB/05_autoregressive,b_lag3,ensemble,a_unweighted,0.14866690116197523,0.000169,True,18.813138932614557,22.098446493261456,0.8598382749326146,0.7574123989218329,True,True,-3.2853075606468987,1.7310056806672174,0.565277280323451,
main,1,main,-,-,ensemble,a_unweighted,0.14849796928359138,0.0,True,18.816872064690028,22.098446493261456,0.862533692722372,0.7493261455525606,True,True,-3.281574428571429,1.725702872552236,0.565277280323451,
covariates_lagged,1,candidate,analysis/03_models/03_candidate/a_hierNB/02_covariates,a_lagged,ensemble,a_unweighted,0.14849338431175885,-5e-06,True,18.816973385444744,22.098446493261456,0.862533692722372,0.7520215633423181,True,True,-3.281473107816711,1.7106208403407317,0.565277280323451,
yearVariance_shared,1,candidate,analysis/03_models/03_candidate/a_hierNB/06_yearVariance,a_shared,ensemble,a_unweighted,0.1474297468358744,-0.001068,True,18.840478121293803,22.098446493261456,0.8598382749326146,0.7574123989218329,True,True,-3.257968371967654,1.701183334917136,0.565277280323451,
population_covariate,1,candidate,analysis/03_models/03_candidate/a_hierNB/03_population,b_covariate,ensemble,a_unweighted,0.14722761080859093,-0.00127,True,18.844945013477087,22.098446493261456,0.8598382749326146,0.7574123989218329,True,True,-3.253501479784366,1.7086880228580474,0.565277280323451,
population_ignored,1,candidate,analysis/03_models/03_candidate/a_hierNB/03_population,c_ignored,ensemble,a_unweighted,0.14653542520994445,-0.001963,True,18.860241239892183,22.098446493261456,0.8598382749326146,0.7520215633423181,True,True,-3.2382052533692716,1.7140110700588866,0.565277280323451,
climatology_frozenWindow,1,baseline,analysis/03_models/01_baselines/02_climatology,b_frozenWindow,ensemble,a_unweighted,0.14600826127348043,-0.00249,True,18.87189074393531,22.098446493261456,0.862533692722372,0.7574123989218329,True,True,-3.226555749326145,1.7035186116610057,0.565277280323451,
observation_negBinomial,1,candidate,analysis/03_models/03_candidate/a_hierNB/01_observation,a_negBinomial,ensemble,a_unweighted,0.14388565130795072,-0.004612,True,18.91879712668463,22.098446493261456,0.8598382749326146,0.7601078167115903,True,True,-3.179649366576818,1.691725010730533,0.565277280323451,
observation_zeroInflated,1,candidate,analysis/03_models/03_candidate/a_hierNB/01_observation,b_zeroInflated,ensemble,a_unweighted,0.14325477345463955,-0.005243,True,18.932738547169812,22.098446493261456,0.862533692722372,0.7601078167115903,True,True,-3.1657079460916435,1.680894691589552,0.565277280323451,
popColumn_backCast,1,setup,analysis/02_setup/01_population,b_backCast,ensemble,a_unweighted,0.13465475700653085,-0.013843,True,19.011371735849057,21.969695783018867,0.8652291105121294,0.7681940700808625,True,True,-2.958324047169812,1.7258922025121275,0.20546538544474569,
trainingWindow_from2004,1,setup,analysis/02_setup/02_trainingWindow,b_from2004,ensemble,a_unweighted,0.12662283892090997,-0.021875,False,18.75066177897574,21.46914599393531,0.8355795148247979,0.6307277628032345,True,True,-2.718484214959569,1.246639628532917,0.09748572776280336,
persistence_negBinomialFloor,1,baseline,analysis/03_models/01_baselines/01_persistence,b_negBinomialFloor,ensemble,a_unweighted,0.12056545328384405,-0.027933,False,19.434137274932613,22.098446493261456,0.816711590296496,0.6738544474393531,True,True,-2.6643092183288393,1.3509959300480603,0.565277280323451,
weighting_crpsWeighted__aggregate_caseWeighted,2,pair,analysis/03_models/03_candidate/c_ensemble/01_weighting+analysis/04_score/02_aggregate,b_crpsWeighted+c_caseWeighted,ensemble,c_caseWeighted,0.0617664464707095,-0.086732,False,108.09963500870556,115.21612566729722,0.4682287852900496,0.3193393539988609,True,False,-7.116490658591653,12.898674991284016,5.502194828980555,0.01173
family_boosted,1,family,analysis/03_models/03_candidate,b_boosted,boosted,a_unweighted,0.06006624717854736,-0.088432,False,20.77107574393531,22.098446493261456,0.8247978436657682,0.692722371967655,True,True,-1.3273707493261455,1.110491565496499,0.565277280323451,
provinces_reportingOnly__weighting_crpsWeighted,2,pair,analysis/02_setup/03_provinces+analysis/03_models/03_candidate/c_ensemble/01_weighting,b_reportingOnly+b_crpsWeighted,ensemble,a_unweighted,0.046499946013921045,-0.101998,False,22.5798717574124,23.681038782345013,0.7304582210242587,0.5983827493261455,True,True,-1.101167024932615,1.2991429441132023,1.2612293530997307,0.042428
family_hierNB__aggregate_caseWeighted,2,pair,analysis/03_models/03_candidate+analysis/04_score/02_aggregate,a_hierNB+c_caseWeighted,hier_nb,c_caseWeighted,0.025673749873381335,-0.122824,False,112.25809567553496,115.21612566729722,0.4575705800992596,0.2909445936050769,True,False,-2.958029991762266,13.797085646833374,5.502194828980555,0.014537
provinces_reportingOnly__family_hierNB,2,pair,analysis/02_setup/03_provinces+analysis/03_models/03_candidate,b_reportingOnly+a_hierNB,hier_nb,a_unweighted,-0.0049307829535640835,-0.153429,False,23.602404148247977,23.486596836927227,0.7035040431266847,0.5849056603773585,False,True,0.115807311320755,1.3896500379564956,0.4019630646900274,0.029896
provinces_mergeVientiane__weighting_crpsWeighted,2,pair,analysis/02_setup/03_provinces+analysis/03_models/03_candidate/c_ensemble/01_weighting,c_mergeVientiane+b_crpsWeighted,ensemble,a_unweighted,-0.028457999379137178,-0.176956,False,23.09191011590296,22.4529442425876,0.7250673854447439,0.5902964959568733,False,True,0.6389658733153643,1.4002483326005437,0.8799533584905659,-0.017854
weighting_crpsWeighted,1,candidate,analysis/03_models/03_candidate/c_ensemble/01_weighting,b_crpsWeighted,ensemble,a_unweighted,-0.03348106839131715,-0.181979,False,22.838326091644205,22.098446493261456,0.7250673854447439,0.5902964959568733,False,True,0.7398795983827496,1.5273112703469969,0.565277280323451,
provinces_mergeVientiane__family_hierNB,2,pair,analysis/02_setup/03_provinces+analysis/03_models/03_candidate,c_mergeVientiane+a_hierNB,hier_nb,a_unweighted,-0.05088341023893661,-0.199381,False,23.656004010781672,22.51058850134771,0.7008086253369272,0.5822102425876011,False,True,1.1454155094339624,1.344827109063507,0.9627265606468989,-0.00138
family_hierNB,1,family,analysis/03_models/03_candidate,a_hierNB,hier_nb,a_unweighted,-0.07237973364538375,-0.220878,False,23.697926164420487,22.098446493261456,0.7008086253369272,0.5822102425876011,False,True,1.59947967115903,1.551286701344703,0.565277280323451,
