rank,tier,combination,kind,fork,child,owner,combo_base,models_rerun,models_inherited,reach_rows,built,prior_abs_delta_crps,est_seconds_dev,est_seconds_holdout,projected_bytes,cost_basis,assigned_batch,status
1,1,main,main,-,-,-,-,,,0,True,,0.3,608.9,,"development: conclude.py only, because the main path is the analysis that has already run. Holdout: a cold start, every model",12,planned
2,1,aggregate_caseWeighted,scoring,analysis/04_score/02_aggregate,c_caseWeighted,-,main,,persistence;climatology;reference;ensemble,4,True,,13.4,13.4,,re-aggregation only; no model is re-run,13,planned
3,1,aggregate_populationWeighted,scoring,analysis/04_score/02_aggregate,b_populationWeighted,-,main,,persistence;climatology;reference;ensemble,4,True,,13.4,13.4,,re-aggregation only; no model is re-run,13,planned
4,1,trainingWindow_from2004,setup,analysis/02_setup/02_trainingWindow,b_from2004,-,main,persistence;climatology;reference;ensemble,,4,True,,677.6,346.3,,persistence=measured under trainingWindow_from2004; climatology=measured under trainingWindow_from2004; reference=measured under trainingWindow_from2004; ensemble=measured under trainingWindow_from2004,13,planned
5,1,provinces_reportingOnly,setup,analysis/02_setup/03_provinces,b_reportingOnly,-,main,persistence;climatology;reference;ensemble,,4,True,,821.0,418.0,,persistence=measured under provinces_reportingOnly; climatology=measured under provinces_reportingOnly; reference=measured under provinces_reportingOnly; ensemble=measured under provinces_reportingOnly,13,planned
6,1,popColumn_backCast,setup,analysis/02_setup/01_population,b_backCast,-,main,persistence;climatology;reference;ensemble,,4,True,,944.6,479.8,,persistence=measured under popColumn_backCast; climatology=measured under popColumn_backCast; reference=measured under popColumn_backCast; ensemble=measured under popColumn_backCast,13,planned
7,1,provinces_mergeVientiane,setup,analysis/02_setup/03_provinces,c_mergeVientiane,-,main,persistence;climatology;reference;ensemble,,4,True,,1125.1,570.0,,persistence=measured under provinces_mergeVientiane; climatology=measured under provinces_mergeVientiane; reference=measured under provinces_mergeVientiane; ensemble=measured under provinces_mergeVientiane,13,planned
8,1,retrain_everySplit,setup,analysis/02_setup/04_retrain,b_everySplit,-,main,persistence;climatology;reference;ensemble,,4,True,,2207.8,1111.4,,persistence=measured under retrain_everySplit; climatology=measured under retrain_everySplit; reference=measured under retrain_everySplit; ensemble=measured under retrain_everySplit,13,planned
9,1,climatology_frozenWindow,baseline,analysis/03_models/01_baselines/02_climatology,b_frozenWindow,-,main,climatology;ensemble,persistence;reference,2,True,,104.5,58.9,,climatology=measured under climatology_frozenWindow; ensemble=measured under climatology_frozenWindow,22,planned
10,1,persistence_negBinomialFloor,baseline,analysis/03_models/01_baselines/01_persistence,b_negBinomialFloor,-,main,persistence;ensemble,climatology;reference,2,True,,117.9,65.6,,persistence=measured under persistence_negBinomialFloor; ensemble=measured under persistence_negBinomialFloor,22,planned
11,1,family_hierNB,family,analysis/03_models/03_candidate,a_hierNB,-,main,ensemble,persistence;climatology;reference,1,True,4.881054099730459,72.9,43.1,,ensemble=measured under main,14,planned
12,1,weighting_crpsWeighted,candidate,analysis/03_models/03_candidate/c_ensemble/01_weighting,b_crpsWeighted,c_ensemble,main,ensemble,persistence;climatology;reference,1,True,4.021454026954178,90.0,51.7,,ensemble=measured under weighting_crpsWeighted,14,planned
13,1,family_boosted,family,analysis/03_models/03_candidate,b_boosted,-,main,ensemble,persistence;climatology;reference,1,True,1.954203679245282,72.9,43.1,,ensemble=measured under main,14,planned
14,1,fitTime_refitAtPredict,candidate,analysis/03_models/03_candidate/a_hierNB/04_fitTime,b_refitAtPredict,a_hierNB,main,ensemble,persistence;climatology;reference,1,True,0.8733181832884078,156.2,84.8,,ensemble=measured under main; hier_nb member delta +83.3s vs family_hierNB,14,planned
15,1,covariates_rich,candidate,analysis/03_models/03_candidate/a_hierNB/02_covariates,b_rich,a_hierNB,main,ensemble,persistence;climatology;reference,1,True,0.8211777870619947,89.8,51.6,,ensemble=measured under main; hier_nb member delta +16.9s vs family_hierNB,14,planned
16,1,observation_negBinomial,candidate,analysis/03_models/03_candidate/a_hierNB/01_observation,a_negBinomial,a_hierNB,main,ensemble,persistence;climatology;reference,1,True,0.6007932857142819,80.9,47.1,,ensemble=measured under main; hier_nb member delta +8.0s vs family_hierNB,14,planned
17,1,observation_zeroInflated,candidate,analysis/03_models/03_candidate/a_hierNB/01_observation,b_zeroInflated,a_hierNB,main,ensemble,persistence;climatology;reference,1,True,0.4315179784366556,82.9,48.1,,ensemble=measured under main; hier_nb member delta +10.0s vs family_hierNB,14,planned
18,1,features_richCalendar,candidate,analysis/03_models/03_candidate/b_boosted/01_features,b_richCalendar,b_boosted,main,ensemble,persistence;climatology;reference,1,True,0.39632516172506627,81.9,47.6,,ensemble=measured under main; boosted member delta +9.0s vs family_boosted,14,planned
19,1,autoregressive_lag3,candidate,analysis/03_models/03_candidate/a_hierNB/05_autoregressive,b_lag3,a_hierNB,main,ensemble,persistence;climatology;reference,1,True,0.3530604878706214,84.2,48.8,,ensemble=measured under main; hier_nb member delta +11.3s vs family_hierNB,14,planned
20,1,head_quantileEnsemble,candidate,analysis/03_models/03_candidate/b_boosted/02_head,b_quantileEnsemble,b_boosted,main,ensemble,persistence;climatology;reference,1,True,0.18885369541779085,84.0,48.7,,ensemble=measured under main; boosted member delta +11.1s vs family_boosted,14,planned
21,1,population_covariate,candidate,analysis/03_models/03_candidate/a_hierNB/03_population,b_covariate,a_hierNB,main,ensemble,persistence;climatology;reference,1,True,0.17796234501347286,83.7,48.5,,ensemble=measured under main; hier_nb member delta +10.8s vs family_hierNB,14,planned
22,1,covariates_lagged,candidate,analysis/03_models/03_candidate/a_hierNB/02_covariates,a_lagged,a_hierNB,main,ensemble,persistence;climatology;reference,1,True,0.11176352291105474,84.8,49.1,,ensemble=measured under main; hier_nb member delta +11.9s vs family_hierNB,14,planned
23,1,yearVariance_shared,candidate,analysis/03_models/03_candidate/a_hierNB/06_yearVariance,a_shared,a_hierNB,main,ensemble,persistence;climatology;reference,1,True,0.05096901617250538,76.3,44.8,,ensemble=measured under main; hier_nb member delta +3.4s vs family_hierNB,14,planned
24,1,population_ignored,candidate,analysis/03_models/03_candidate/a_hierNB/03_population,c_ignored,a_hierNB,main,ensemble,persistence;climatology;reference,1,True,0.02490650404311978,83.1,48.2,,ensemble=measured under main; hier_nb member delta +10.2s vs family_hierNB,14,planned
25,2,,pair,-,-,-,main,,,,False,,,,,unresolved until tier 1 has conclusions,15,"pending-selection (slot 1 of 8, by tier2_rule.md)"
26,2,,pair,-,-,-,main,,,,False,,,,,unresolved until tier 1 has conclusions,15,"pending-selection (slot 2 of 8, by tier2_rule.md)"
27,2,,pair,-,-,-,main,,,,False,,,,,unresolved until tier 1 has conclusions,15,"pending-selection (slot 3 of 8, by tier2_rule.md)"
28,2,,pair,-,-,-,main,,,,False,,,,,unresolved until tier 1 has conclusions,15,"pending-selection (slot 4 of 8, by tier2_rule.md)"
29,2,,pair,-,-,-,main,,,,False,,,,,unresolved until tier 1 has conclusions,15,"pending-selection (slot 5 of 8, by tier2_rule.md)"
30,2,,pair,-,-,-,main,,,,False,,,,,unresolved until tier 1 has conclusions,15,"pending-selection (slot 6 of 8, by tier2_rule.md)"
31,2,,pair,-,-,-,main,,,,False,,,,,unresolved until tier 1 has conclusions,15,"pending-selection (slot 7 of 8, by tier2_rule.md)"
32,2,,pair,-,-,-,main,,,,False,,,,,unresolved until tier 1 has conclusions,15,"pending-selection (slot 8 of 8, by tier2_rule.md)"
33,0,family_ensemble,held,analysis/03_models/03_candidate,c_ensemble,-,main,,,0,True,,,,,not a perturbation; nothing to cost,-,"the main path's own choice, run under its own name; the same analysis as `main`"
